{"type":"FeatureCollection","features":[{"type":"Feature","properties":{"district":"1"},"geometry":{"type":"Polygon","coordinates":[[[-121.55045,39.517834],[-121.550237,39.518146],[-121.54994,39.518186],[-121.549415,39.518412],[-121.549739,39.518687],[-121.550269,39.519099],[-121.550169,39.51917],[-121.549973,39.519316],[-121.549754,39.519494],[-121.549656,39.519583],[-121.549613,39.519632],[-121.549536,39.519743],[-121.549505,39.519806],[-121.549497,39.519826],[-121.549432,39.519994],[-121.549188,39.520676],[-121.549163,39.520766],[-121.549144,39.520856],[-121.549124,39.521],[-121.549122,39.521049],[-121.549133,39.52113],[-121.549161,39.521189],[-121.549204,39.521244],[-121.549232,39.521267],[-121.549301,39.521304],[-121.549134,39.521805],[-121.548769,39.521822],[-121.548563,39.521976],[-121.548408,39.522436],[-121.548238,39.522972],[-121.548147,39.523182],[-121.547998,39.523362],[-121.547819,39.523618],[-121.547564,39.524007],[-121.547548,39.524038],[-121.548242,39.524304],[-121.548509,39.525225],[-121.547802,39.525118],[-121.547139,39.524842],[-121.547007,39.525033],[-121.546829,39.525261],[-121.546658,39.525679],[-121.546381,39.526157],[-121.546742,39.526339],[-121.547182,39.527381],[-121.547291,39.527583],[-121.546927,39.527903],[-121.546749,39.528268],[-121.546453,39.528543],[-121.546246,39.528611],[-121.546128,39.52884],[-121.546246,39.529023],[-121.546334,39.529138],[-121.546334,39.529481],[-121.545949,39.529847],[-121.545831,39.530396],[-121.545683,39.530488],[-121.546007,39.531014],[-121.545858,39.531746],[-121.545858,39.532158],[-121.54571,39.532387],[-121.545444,39.53257],[-121.545501,39.53424],[-121.54559,39.534378],[-121.54556,39.534698],[-121.545471,39.534789],[-121.54547,39.53527],[-121.545677,39.535613],[-121.545733,39.53569],[-121.545706,39.536231],[-121.545853,39.536437],[-121.545823,39.536918],[-121.545408,39.537856],[-121.545347,39.539755],[-121.545465,39.540144],[-121.545344,39.54234],[-121.545107,39.543027],[-121.544662,39.543804],[-121.543982,39.544307],[-121.543036,39.544581],[-121.542444,39.544947],[-121.542237,39.544993],[-121.54165,39.545526],[-121.541231,39.545907],[-121.540965,39.545907],[-121.540818,39.545815],[-121.540741,39.545519],[-121.540729,39.545472],[-121.540346,39.545151],[-121.539962,39.544739],[-121.539607,39.544762],[-121.539459,39.545504],[-121.539429,39.545654],[-121.539251,39.54586],[-121.53925,39.546524],[-121.539126,39.546748],[-121.539073,39.546844],[-121.538836,39.546844],[-121.538813,39.546706],[-121.538631,39.545608],[-121.538601,39.545514],[-121.538307,39.544601],[-121.537746,39.543799],[-121.537629,39.543387],[-121.537127,39.543044],[-121.536624,39.543135],[-121.536151,39.543615],[-121.535914,39.543615],[-121.535737,39.543249],[-121.535531,39.543042],[-121.535383,39.542676],[-121.535118,39.542424],[-121.53497,39.542173],[-121.534945,39.542155],[-121.53455,39.54186],[-121.533572,39.541838],[-121.533493,39.541943],[-121.533493,39.54208],[-121.533256,39.542171],[-121.532724,39.542011],[-121.532526,39.541857],[-121.532511,39.541837],[-121.532493,39.541802],[-121.529102,39.54179],[-121.525873,39.541793],[-121.524665,39.541787],[-121.521132,39.541799],[-121.521098,39.54007],[-121.516275,39.54012],[-121.516359,39.541816],[-121.509867,39.541839],[-121.503752,39.541771],[-121.503294,39.541789],[-121.501079,39.541827],[-121.500304,39.54184],[-121.498004,39.541784],[-121.497921,39.541784],[-121.496692,39.541775],[-121.494383,39.541765],[-121.492588,39.543135],[-121.492424,39.543228],[-121.492706,39.543445],[-121.494304,39.545624],[-121.493637,39.545779],[-121.492956,39.546032],[-121.49238,39.546284],[-121.492304,39.546317],[-121.491949,39.546378],[-121.491899,39.546433],[-121.491807,39.54662],[-121.491715,39.546971],[-121.491687,39.547257],[-121.491758,39.5474],[-121.491957,39.547526],[-121.492071,39.547559],[-121.492496,39.547586],[-121.492801,39.547679],[-121.492972,39.547866],[-121.493206,39.548195],[-121.493348,39.548332],[-121.493554,39.548794],[-121.493838,39.548975],[-121.493987,39.549211],[-121.494037,39.549332],[-121.494016,39.549579],[-121.493973,39.549705],[-121.493889,39.55032],[-121.493896,39.550622],[-121.493919,39.550721],[-121.493939,39.550803],[-121.494131,39.551248],[-121.494273,39.551501],[-121.494557,39.551814],[-121.494727,39.552176],[-121.495025,39.552434],[-121.49504,39.552467],[-121.495004,39.552785],[-121.49504,39.552873],[-121.495412,39.553148],[-121.498078,39.553134],[-121.498285,39.553386],[-121.499094,39.554687],[-121.499592,39.556422],[-121.499671,39.556916],[-121.499826,39.557268],[-121.499757,39.558689],[-121.499195,39.56016],[-121.498218,39.561608],[-121.498198,39.561788],[-121.498695,39.56236],[-121.498947,39.562981],[-121.499094,39.563739],[-121.499395,39.564247],[-121.500116,39.564859],[-121.501483,39.565582],[-121.502928,39.566859],[-121.503858,39.567227],[-121.505115,39.567399],[-121.506745,39.56727],[-121.506999,39.567357],[-121.507319,39.567707],[-121.508681,39.570811],[-121.508699,39.571215],[-121.509993,39.571354],[-121.510639,39.571936],[-121.511491,39.572478],[-121.511321,39.573383],[-121.511826,39.573586],[-121.512003,39.573835],[-121.511905,39.574686],[-121.511992,39.575732],[-121.512087,39.576364],[-121.512263,39.577543],[-121.512379,39.57856],[-121.512516,39.579755],[-121.513021,39.580605],[-121.512991,39.581108],[-121.512285,39.582153],[-121.512258,39.584076],[-121.512207,39.587668],[-121.512299,39.589025],[-121.512357,39.590718],[-121.512474,39.591885],[-121.513766,39.594377],[-121.514235,39.594562],[-121.514454,39.594621],[-121.514567,39.594669],[-121.514636,39.594733],[-121.514695,39.594831],[-121.514765,39.594894],[-121.514866,39.594947],[-121.515,39.594985],[-121.515221,39.594997],[-121.515375,39.594996],[-121.515578,39.594947],[-121.515889,39.59483],[-121.516076,39.594792],[-121.516178,39.594792],[-121.51629,39.594808],[-121.516461,39.594846],[-121.516713,39.594872],[-121.517029,39.594894],[-121.517334,39.594937],[-121.517687,39.595012],[-121.517955,39.59506],[-121.518126,39.595054],[-121.518372,39.595012],[-121.518575,39.594985],[-121.518757,39.59499],[-121.518902,39.595012],[-121.519057,39.595044],[-121.519335,39.595097],[-121.51955,39.595103],[-121.519758,39.595108],[-121.520106,39.595097],[-121.520293,39.595079],[-121.52047,39.595044],[-121.520673,39.595001],[-121.520845,39.594985],[-121.521011,39.594985],[-121.52115,39.595001],[-121.521257,39.595038],[-121.521455,39.595124],[-121.52161,39.595178],[-121.521781,39.595204],[-121.521969,39.595178],[-121.522154,39.595109],[-121.522338,39.595017],[-121.522552,39.594851],[-121.522723,39.594701],[-121.52282,39.594594],[-121.522879,39.594439],[-121.523012,39.594198],[-121.523178,39.593995],[-121.523355,39.593872],[-121.52359,39.593781],[-121.523879,39.593679],[-121.524214,39.593522],[-121.524186,39.593619],[-121.51966,39.609143],[-121.519857,39.613953],[-121.519676,39.614039],[-121.519217,39.614347],[-121.518314,39.614953],[-121.518077,39.615388],[-121.517769,39.61558],[-121.517664,39.615646],[-121.517631,39.615658],[-121.517574,39.61568],[-121.517501,39.615767],[-121.51731,39.615927],[-121.517132,39.616021],[-121.517104,39.616051],[-121.516955,39.616215],[-121.516883,39.616334],[-121.517112,39.616229],[-121.517258,39.616184],[-121.517428,39.616198],[-121.518344,39.616177],[-121.518524,39.616147],[-121.518711,39.616124],[-121.519014,39.61618],[-121.519559,39.616222],[-121.520359,39.616212],[-121.521218,39.616207],[-121.52163,39.616212],[-121.522901,39.616195],[-121.524984,39.61615],[-121.526107,39.616055],[-121.526235,39.616897],[-121.526695,39.618991],[-121.527002,39.619979],[-121.52741,39.620975],[-121.52771,39.621611],[-121.527928,39.622041],[-121.528021,39.622247],[-121.528091,39.622466],[-121.528106,39.622516],[-121.528164,39.622728],[-121.528224,39.622979],[-121.52827,39.623171],[-121.528318,39.623519],[-121.528328,39.623699],[-121.528327,39.623744],[-121.528326,39.623758],[-121.528324,39.623821],[-121.52831,39.623915],[-121.528302,39.624023],[-121.528302,39.624244],[-121.528315,39.624395],[-121.52833,39.624577],[-121.528348,39.624695],[-121.5284,39.624943],[-121.52846,39.625322],[-121.528493,39.625683],[-121.528496,39.625796],[-121.52849,39.626242],[-121.528472,39.626517],[-121.528455,39.626764],[-121.528448,39.627025],[-121.528466,39.62776],[-121.528527,39.628504],[-121.528634,39.629586],[-121.528639,39.629735],[-121.528656,39.629897],[-121.528656,39.630199],[-121.528646,39.630334],[-121.52864,39.63064],[-121.528602,39.631072],[-121.528582,39.631203],[-121.528549,39.631635],[-121.528513,39.632243],[-121.528486,39.632544],[-121.52845,39.632854],[-121.528437,39.633007],[-121.528418,39.633156],[-121.528406,39.633309],[-121.528356,39.633601],[-121.528341,39.633667],[-121.528324,39.63374],[-121.52824,39.63401],[-121.528193,39.634123],[-121.527991,39.63457],[-121.527912,39.634789],[-121.527879,39.634906],[-121.52785,39.635032],[-121.527831,39.635162],[-121.527821,39.635302],[-121.52782,39.635381],[-121.52782,39.635441],[-121.527826,39.63559],[-121.527888,39.636167],[-121.527964,39.636745],[-121.528062,39.637336],[-121.528091,39.637612],[-121.528135,39.637878],[-121.528227,39.638276],[-121.528312,39.638589],[-121.528007,39.638601],[-121.527061,39.638824],[-121.526634,39.638729],[-121.525835,39.638291],[-121.52574,39.63814],[-121.525465,39.638061],[-121.524457,39.63845],[-121.524339,39.638679],[-121.524322,39.638848],[-121.524279,39.639273],[-121.523776,39.639594],[-121.523125,39.639868],[-121.522947,39.640051],[-121.522887,39.64044],[-121.522118,39.641012],[-121.522117,39.641309],[-121.522413,39.641744],[-121.522739,39.642042],[-121.522945,39.643323],[-121.522915,39.643827],[-121.522767,39.644101],[-121.522796,39.644559],[-121.52318,39.645611],[-121.523417,39.645932],[-121.523357,39.648174],[-121.522882,39.648975],[-121.522497,39.649341],[-121.522083,39.650004],[-121.521875,39.650897],[-121.521371,39.651537],[-121.5214,39.652544],[-121.521222,39.652933],[-121.521252,39.653435],[-121.521607,39.653985],[-121.521606,39.65442],[-121.521817,39.654684],[-121.521773,39.654734],[-121.521388,39.654982],[-121.520935,39.655219],[-121.520515,39.655412],[-121.519819,39.655777],[-121.519799,39.655795],[-121.519358,39.656189],[-121.5194,39.656371],[-121.519334,39.656593],[-121.519329,39.656758],[-121.519399,39.657008],[-121.519271,39.657037],[-121.518753,39.656953],[-121.518547,39.65701],[-121.518453,39.657116],[-121.518377,39.657357],[-121.518276,39.657505],[-121.518205,39.657554],[-121.517871,39.657539],[-121.517594,39.657552],[-121.517274,39.657693],[-121.516935,39.657933],[-121.516607,39.658017],[-121.516428,39.658186],[-121.516321,39.658241],[-121.515895,39.658297],[-121.515485,39.658454],[-121.5152,39.65862],[-121.514903,39.658932],[-121.514617,39.659224],[-121.514214,39.65947],[-121.513679,39.660189],[-121.513386,39.660496],[-121.51304,39.660711],[-121.512684,39.660858],[-121.512392,39.660936],[-121.51215,39.661012],[-121.512039,39.661116],[-121.511938,39.661346],[-121.511817,39.661417],[-121.511589,39.661468],[-121.51117,39.661472],[-121.510885,39.661501],[-121.51075,39.661555],[-121.510611,39.661686],[-121.510485,39.661928],[-121.510395,39.662036],[-121.510461,39.662169],[-121.510631,39.662273],[-121.510975,39.662313],[-121.511178,39.66229],[-121.511371,39.662186],[-121.511725,39.661759],[-121.5119,39.661598],[-121.512079,39.661511],[-121.512619,39.661417],[-121.512883,39.661309],[-121.513126,39.661112],[-121.513365,39.66094],[-121.514352,39.660486],[-121.514866,39.660101],[-121.515162,39.659954],[-121.515596,39.659827],[-121.515818,39.659663],[-121.515996,39.659571],[-121.516825,39.659366],[-121.516996,39.659292],[-121.517444,39.659187],[-121.517615,39.659174],[-121.518076,39.659217],[-121.518573,39.659214],[-121.518814,39.659344],[-121.51892,39.659344],[-121.519155,39.659285],[-121.51924,39.659313],[-121.519595,39.659353],[-121.519666,39.659422],[-121.519728,39.659573],[-121.518549,39.661982],[-121.518513,39.661967],[-121.517759,39.661903],[-121.515672,39.662338],[-121.514308,39.662882],[-121.512521,39.664144],[-121.511309,39.66576],[-121.510907,39.666167],[-121.508716,39.668387],[-121.505566,39.669349],[-121.50494,39.66954],[-121.502076,39.669164],[-121.500183,39.667955],[-121.498755,39.66974],[-121.498735,39.669729],[-121.498452,39.669602],[-121.498161,39.669513],[-121.497977,39.669421],[-121.497627,39.669263],[-121.497358,39.669064],[-121.4971,39.668857],[-121.496953,39.668686],[-121.496915,39.668445],[-121.49686,39.668307],[-121.496761,39.668192],[-121.496556,39.668197],[-121.496526,39.668198],[-121.496348,39.668264],[-121.496191,39.668348],[-121.49603,39.668498],[-121.495958,39.668715],[-121.495972,39.669152],[-121.496058,39.669561],[-121.496102,39.669899],[-121.496144,39.670393],[-121.496165,39.670909],[-121.496146,39.671085],[-121.496053,39.671235],[-121.495756,39.671487],[-121.49557,39.671639],[-121.495412,39.671894],[-121.495379,39.67205],[-121.495378,39.672185],[-121.495152,39.672365],[-121.495016,39.672521],[-121.49493,39.672641],[-121.494876,39.67285],[-121.494654,39.672947],[-121.494355,39.67307],[-121.494109,39.673233],[-121.493895,39.673353],[-121.493646,39.673424],[-121.493538,39.673524],[-121.493463,39.673651],[-121.493455,39.673771],[-121.493468,39.67398],[-121.493192,39.674168],[-121.493021,39.674321],[-121.492963,39.674442],[-121.492966,39.674535],[-121.492702,39.674673],[-121.492453,39.674766],[-121.49226,39.674891],[-121.492134,39.675042],[-121.491929,39.675403],[-121.491751,39.675468],[-121.491509,39.675613],[-121.49148,39.675662],[-121.491181,39.67566],[-121.490921,39.67581],[-121.490692,39.676012],[-121.490415,39.67608],[-121.490175,39.676221],[-121.48976,39.676596],[-121.489636,39.676623],[-121.489472,39.676688],[-121.489243,39.676881],[-121.488966,39.676897],[-121.488653,39.676893],[-121.488162,39.677003],[-121.487985,39.677013],[-121.48787,39.677117],[-121.487724,39.67713],[-121.487566,39.676981],[-121.487496,39.676854],[-121.48734,39.676777],[-121.487142,39.676713],[-121.486975,39.676696],[-121.486814,39.676728],[-121.486658,39.676733],[-121.48646,39.676674],[-121.486289,39.676739],[-121.486096,39.676892],[-121.485878,39.677036],[-121.485696,39.677173],[-121.485506,39.677296],[-121.48542,39.677438],[-121.485336,39.677728],[-121.485002,39.677765],[-121.484852,39.677806],[-121.484667,39.677931],[-121.484542,39.678041],[-121.484389,39.678092],[-121.484192,39.678201],[-121.48393,39.67815],[-121.48366,39.67813],[-121.483532,39.678184],[-121.483339,39.678365],[-121.483138,39.678515],[-121.483031,39.678629],[-121.482934,39.678832],[-121.482621,39.67885],[-121.482343,39.678903],[-121.482165,39.67901],[-121.482039,39.679163],[-121.481981,39.679432],[-121.481884,39.679541],[-121.48146,39.679586],[-121.481193,39.679716],[-121.481061,39.679817],[-121.480901,39.679783],[-121.480805,39.679794],[-121.480549,39.67987],[-121.480335,39.679998],[-121.480267,39.68008],[-121.480088,39.680162],[-121.479902,39.680306],[-121.479716,39.680053],[-121.479643,39.679915],[-121.479509,39.67975],[-121.479393,39.679642],[-121.479276,39.679576],[-121.479105,39.679542],[-121.47891,39.679552],[-121.47875,39.679598],[-121.478633,39.679537],[-121.478499,39.679416],[-121.478322,39.679346],[-121.478205,39.679313],[-121.477992,39.679301],[-121.4777,39.679313],[-121.477526,39.679351],[-121.477366,39.679411],[-121.477169,39.67956],[-121.477001,39.679779],[-121.476957,39.679938],[-121.476931,39.680065],[-121.476824,39.680113],[-121.476682,39.680096],[-121.476454,39.680175],[-121.476369,39.680197],[-121.476154,39.680333],[-121.476047,39.68045],[-121.475971,39.680603],[-121.475644,39.680613],[-121.475413,39.680686],[-121.475345,39.680746],[-121.475178,39.680685],[-121.474997,39.68066],[-121.474856,39.680609],[-121.474757,39.680543],[-121.474636,39.680504],[-121.474515,39.680504],[-121.474509,39.680355],[-121.474564,39.680191],[-121.47474,39.679901],[-121.47492,39.679671],[-121.475138,39.679482],[-121.475174,39.679389],[-121.475087,39.679109],[-121.475025,39.67896],[-121.474994,39.678815],[-121.474951,39.678765],[-121.474977,39.678677],[-121.475011,39.678442],[-121.475072,39.678302],[-121.475102,39.678154],[-121.475103,39.678061],[-121.475008,39.677942],[-121.474934,39.677887],[-121.474848,39.677859],[-121.474803,39.677793],[-121.474832,39.677727],[-121.474906,39.6777],[-121.475002,39.677684],[-121.47506,39.67761],[-121.475032,39.677517],[-121.475004,39.67747],[-121.474845,39.677365],[-121.474735,39.67732],[-121.474749,39.677283],[-121.474789,39.677252],[-121.47485,39.677217],[-121.47501,39.677151],[-121.475142,39.677061],[-121.475293,39.676903],[-121.475365,39.676777],[-121.475366,39.676618],[-121.475335,39.676508],[-121.475243,39.676409],[-121.475102,39.676304],[-121.474953,39.676251],[-121.474876,39.676207],[-121.474773,39.676129],[-121.474695,39.676118],[-121.474572,39.675936],[-121.474466,39.675845],[-121.4743,39.67574],[-121.474091,39.675624],[-121.473999,39.67559],[-121.473784,39.675411],[-121.473774,39.675351],[-121.473693,39.675273],[-121.473565,39.675201],[-121.473459,39.675118],[-121.473504,39.674921],[-121.47343,39.674794],[-121.473303,39.67472],[-121.473125,39.674664],[-121.47292,39.674592],[-121.472771,39.67455],[-121.472587,39.674549],[-121.47246,39.674433],[-121.472321,39.674361],[-121.472151,39.674346],[-121.47203,39.674318],[-121.471953,39.674219],[-121.47189,39.674082],[-121.471813,39.673999],[-121.471625,39.673913],[-121.471291,39.673873],[-121.471128,39.673826],[-121.471051,39.673792],[-121.470937,39.673781],[-121.470774,39.673725],[-121.470519,39.673672],[-121.470406,39.673605],[-121.470225,39.673484],[-121.470063,39.673412],[-121.469899,39.673353],[-121.469701,39.67333],[-121.469403,39.673321],[-121.469154,39.673276],[-121.469098,39.673176],[-121.469038,39.673099],[-121.468933,39.67303],[-121.468741,39.672991],[-121.46857,39.673023],[-121.468449,39.673094],[-121.468307,39.673079],[-121.46803,39.673067],[-121.467943,39.673105],[-121.467902,39.673122],[-121.467692,39.673162],[-121.467464,39.673243],[-121.467229,39.673333],[-121.467157,39.673398],[-121.467106,39.673535],[-121.466839,39.673616],[-121.466604,39.673728],[-121.466353,39.673952],[-121.466185,39.674132],[-121.466034,39.674414],[-121.465964,39.674649],[-121.465942,39.675243],[-121.466114,39.675457],[-121.466113,39.675551],[-121.465821,39.675687],[-121.465736,39.675692],[-121.465475,39.675896],[-121.465312,39.675863],[-121.465098,39.675884],[-121.464928,39.675913],[-121.464671,39.676016],[-121.464508,39.675999],[-121.464401,39.676017],[-121.464223,39.676099],[-121.464112,39.676208],[-121.464045,39.676515],[-121.463941,39.676655],[-121.463962,39.676768],[-121.464004,39.676822],[-121.463982,39.676916],[-121.463832,39.676951],[-121.463722,39.676994],[-121.463479,39.677125],[-121.463334,39.677065],[-121.463104,39.676989],[-121.462883,39.676982],[-121.462684,39.677022],[-121.462485,39.677043],[-121.462272,39.677105],[-121.462008,39.67723],[-121.461948,39.677222],[-121.461845,39.677142],[-121.461689,39.677072],[-121.461597,39.677023],[-121.46137,39.676999],[-121.461221,39.677032],[-121.461135,39.677089],[-121.461057,39.677078],[-121.460763,39.676966],[-121.4605,39.676957],[-121.460383,39.677],[-121.460273,39.676956],[-121.460096,39.676911],[-121.459961,39.676902],[-121.459715,39.676994],[-121.45948,39.677018],[-121.459338,39.677017],[-121.45926,39.676973],[-121.459186,39.676863],[-121.459032,39.676653],[-121.458912,39.67659],[-121.458834,39.676573],[-121.458627,39.676594],[-121.458492,39.676659],[-121.458278,39.676688],[-121.45815,39.67671],[-121.458106,39.676517],[-121.458049,39.676457],[-121.457965,39.67633],[-121.45786,39.676189],[-121.457694,39.676062],[-121.457694,39.676002],[-121.45761,39.675897],[-121.45749,39.675776],[-121.457168,39.675667],[-121.456969,39.675661],[-121.456723,39.675712],[-121.456642,39.675673],[-121.456643,39.675481],[-121.456595,39.67536],[-121.456281,39.675062],[-121.456332,39.674936],[-121.456332,39.674837],[-121.456287,39.674755],[-121.45616,39.674658],[-121.456076,39.674509],[-121.455977,39.674454],[-121.455562,39.674317],[-121.455399,39.674289],[-121.455264,39.674272],[-121.455157,39.67431],[-121.454901,39.674366],[-121.454588,39.674371],[-121.454215,39.67441],[-121.454009,39.674414],[-121.453942,39.674362],[-121.454007,39.674233],[-121.454087,39.674025],[-121.45422,39.673789],[-121.454307,39.673554],[-121.454312,39.673422],[-121.45417,39.673339],[-121.453723,39.673268],[-121.453376,39.673242],[-121.453177,39.673219],[-121.453026,39.672977],[-121.452878,39.672819],[-121.452673,39.672698],[-121.45233,39.672551],[-121.452181,39.672522],[-121.451904,39.672516],[-121.451626,39.672528],[-121.451513,39.672511],[-121.4514,39.672389],[-121.451309,39.672268],[-121.451037,39.672105],[-121.45086,39.67206],[-121.450682,39.67204],[-121.450583,39.672023],[-121.450463,39.671886],[-121.450311,39.671748],[-121.450142,39.671626],[-121.449972,39.671562],[-121.449858,39.671556],[-121.449659,39.671571],[-121.449446,39.671601],[-121.449304,39.671545],[-121.449198,39.671545],[-121.449077,39.67156],[-121.44897,39.671618],[-121.448707,39.671545],[-121.448459,39.671552],[-121.448259,39.671633],[-121.448166,39.67177],[-121.44804,39.671923],[-121.447918,39.672104],[-121.447797,39.672194],[-121.447704,39.672221],[-121.447647,39.672193],[-121.447442,39.672038],[-121.447287,39.671947],[-121.447195,39.671881],[-121.447082,39.671841],[-121.44689,39.671829],[-121.446748,39.671848],[-121.446491,39.671957],[-121.446392,39.671967],[-121.446228,39.671991],[-121.445993,39.672056],[-121.445775,39.672247],[-121.44576,39.672313],[-121.445631,39.672392],[-121.445525,39.672369],[-121.445412,39.672369],[-121.445283,39.672412],[-121.445112,39.672507],[-121.445012,39.672611],[-121.444937,39.672654],[-121.44483,39.672654],[-121.444706,39.672609],[-121.444607,39.672554],[-121.444465,39.672523],[-121.444359,39.672545],[-121.444098,39.672675],[-121.443941,39.672771],[-121.4436,39.672774],[-121.443429,39.67282],[-121.443322,39.672858],[-121.443243,39.672956],[-121.443193,39.67305],[-121.443188,39.673269],[-121.443229,39.673374],[-121.443394,39.673616],[-121.443421,39.673765],[-121.443315,39.673747],[-121.443116,39.673697],[-121.442818,39.673655],[-121.442655,39.673604],[-121.442535,39.673549],[-121.44234,39.673479],[-121.442184,39.673434],[-121.441993,39.673433],[-121.441808,39.67349],[-121.441682,39.673588],[-121.441553,39.673741],[-121.44142,39.673993],[-121.441375,39.674257],[-121.441327,39.674388],[-121.441214,39.674368],[-121.441062,39.674302],[-121.441012,39.674252],[-121.440921,39.674131],[-121.440836,39.674114],[-121.440716,39.673979],[-121.440472,39.673835],[-121.44026,39.673779],[-121.440089,39.673759],[-121.440019,39.673671],[-121.439906,39.673566],[-121.439726,39.673477],[-121.439556,39.673441],[-121.439343,39.673423],[-121.439222,39.67345],[-121.439065,39.673471],[-121.438955,39.673518],[-121.438869,39.673555],[-121.438726,39.673648],[-121.438519,39.673866],[-121.438355,39.673857],[-121.438223,39.673928],[-121.438095,39.673955],[-121.437921,39.673907],[-121.437716,39.673873],[-121.437602,39.6739],[-121.437477,39.673977],[-121.437369,39.674094],[-121.437233,39.674258],[-121.437211,39.67434],[-121.437172,39.674379],[-121.436823,39.67438],[-121.43671,39.674401],[-121.436603,39.674439],[-121.436432,39.674526],[-121.43626,39.674621],[-121.435833,39.674685],[-121.435655,39.674742],[-121.435501,39.674835],[-121.435444,39.674878],[-121.43545,39.675021],[-121.435548,39.675197],[-121.435757,39.675354],[-121.435841,39.675443],[-121.435975,39.675619],[-121.435985,39.676091],[-121.435998,39.676179],[-121.43604,39.676261],[-121.436284,39.676485],[-121.43634,39.676568],[-121.436353,39.676677],[-121.436209,39.676872],[-121.436134,39.676998],[-121.436111,39.677168],[-121.436132,39.677222],[-121.436248,39.677366],[-121.43641,39.677534],[-121.436466,39.677606],[-121.436479,39.677716],[-121.43656,39.677832],[-121.436588,39.677952],[-121.4366,39.678123],[-121.436544,39.678111],[-121.436445,39.678017],[-121.436211,39.677953],[-121.43597,39.677881],[-121.435906,39.677868],[-121.435757,39.677836],[-121.435622,39.677832],[-121.43553,39.677854],[-121.435423,39.677864],[-121.435239,39.677825],[-121.4352,39.677731],[-121.435145,39.677624],[-121.435039,39.677514],[-121.434926,39.677431],[-121.434753,39.677287],[-121.434668,39.677254],[-121.434596,39.677295],[-121.434557,39.677338],[-121.434549,39.677393],[-121.434507,39.677404],[-121.434472,39.677366],[-121.434469,39.677294],[-121.434363,39.677239],[-121.434428,39.677091],[-121.434429,39.676915],[-121.434355,39.676827],[-121.434313,39.676744],[-121.434264,39.676673],[-121.434173,39.676601],[-121.434088,39.676518],[-121.43395,39.676471],[-121.433915,39.676416],[-121.43388,39.676306],[-121.433817,39.67625],[-121.433668,39.67614],[-121.433548,39.676084],[-121.433367,39.676037],[-121.433014,39.675843],[-121.43295,39.675828],[-121.432751,39.67579],[-121.432702,39.675756],[-121.432785,39.675614],[-121.432792,39.675532],[-121.432729,39.675471],[-121.432538,39.675459],[-121.432509,39.675393],[-121.432509,39.674965],[-121.432468,39.674794],[-121.432387,39.674714],[-121.432303,39.674643],[-121.432182,39.674598],[-121.432034,39.674493],[-121.431711,39.674421],[-121.431665,39.674379],[-121.431684,39.674313],[-121.431713,39.674258],[-121.431707,39.67411],[-121.431736,39.67406],[-121.431858,39.673918],[-121.431912,39.673811],[-121.431927,39.673735],[-121.431935,39.67363],[-121.43195,39.673532],[-121.431854,39.673155],[-121.431829,39.673062],[-121.431834,39.672979],[-121.431912,39.672878],[-121.431971,39.672697],[-121.431997,39.672599],[-121.431998,39.672478],[-121.43197,39.672412],[-121.431928,39.672335],[-121.431843,39.672277],[-121.431765,39.672244],[-121.431751,39.672205],[-121.431834,39.672079],[-121.431849,39.672002],[-121.431885,39.671912],[-121.431897,39.671753],[-121.431863,39.671574],[-121.4318,39.671508],[-121.431659,39.671409],[-121.431574,39.67138],[-121.431506,39.67132],[-121.431436,39.671204],[-121.431366,39.671144],[-121.431167,39.671085],[-121.430727,39.671096],[-121.430493,39.671068],[-121.430372,39.671034],[-121.430217,39.670962],[-121.430089,39.670931],[-121.429961,39.670915],[-121.429847,39.670919],[-121.429719,39.670946],[-121.42962,39.670992],[-121.429499,39.671013],[-121.429036,39.671041],[-121.428944,39.671074],[-121.428829,39.671172],[-121.428751,39.671204],[-121.428601,39.671237],[-121.428459,39.671326],[-121.428191,39.671407],[-121.42807,39.671473],[-121.427891,39.671617],[-121.427776,39.671754],[-121.427708,39.671842],[-121.42765,39.671979],[-121.427571,39.672088],[-121.427245,39.672484],[-121.427169,39.672615],[-121.427125,39.672736],[-121.426946,39.67296],[-121.426906,39.67299],[-121.426881,39.673019],[-121.426876,39.673248],[-121.426818,39.673319],[-121.426676,39.673417],[-121.426614,39.673532],[-121.426598,39.673768],[-121.426506,39.67376],[-121.426463,39.673757],[-121.426356,39.673773],[-121.426195,39.673901],[-121.426159,39.673945],[-121.42613,39.674115],[-121.425887,39.674201],[-121.425766,39.674286],[-121.425705,39.674346],[-121.425676,39.674444],[-121.42567,39.6745],[-121.425653,39.674642],[-121.425534,39.674697],[-121.425375,39.674717],[-121.425022,39.67485],[-121.424851,39.674937],[-121.424794,39.674997],[-121.424792,39.675129],[-121.424859,39.67525],[-121.424759,39.675332],[-121.424424,39.675426],[-121.424267,39.675536],[-121.424082,39.675543],[-121.423982,39.675592],[-121.423907,39.675674],[-121.423872,39.675798],[-121.423792,39.67587],[-121.423636,39.675815],[-121.423289,39.675706],[-121.423061,39.675689],[-121.422834,39.67569],[-121.422713,39.675744],[-121.42257,39.675793],[-121.422544,39.675933],[-121.422521,39.676095],[-121.42245,39.676122],[-121.422273,39.676063],[-121.422188,39.676046],[-121.421925,39.676045],[-121.421797,39.676064],[-121.421633,39.676118],[-121.421505,39.676139],[-121.421398,39.676177],[-121.421334,39.67622],[-121.421248,39.676321],[-121.421106,39.676288],[-121.420999,39.676276],[-121.4208,39.676297],[-121.420615,39.676359],[-121.420522,39.676403],[-121.420183,39.676656],[-121.420104,39.676788],[-121.420004,39.676798],[-121.41989,39.67677],[-121.419784,39.676792],[-121.419648,39.676838],[-121.419474,39.676935],[-121.419309,39.677055],[-121.419237,39.677165],[-121.419179,39.677242],[-121.419126,39.677302],[-121.419033,39.677342],[-121.418976,39.677358],[-121.418919,39.677408],[-121.418747,39.677527],[-121.41859,39.677669],[-121.4184,39.677869],[-121.418383,39.678116],[-121.41828,39.678192],[-121.418158,39.678301],[-121.4181,39.678384],[-121.41805,39.678416],[-121.417808,39.678456],[-121.417666,39.678521],[-121.417548,39.678597],[-121.417326,39.678764],[-121.417133,39.678938],[-121.416943,39.679075],[-121.416751,39.679192],[-121.416629,39.679257],[-121.416479,39.679382],[-121.416402,39.679574],[-121.416253,39.679653],[-121.415954,39.679717],[-121.415875,39.67975],[-121.415528,39.680025],[-121.415428,39.68014],[-121.415377,39.680206],[-121.415344,39.680343],[-121.415194,39.680411],[-121.415073,39.680492],[-121.414973,39.680552],[-121.414881,39.680579],[-121.414662,39.680735],[-121.414626,39.680789],[-121.414548,39.680844],[-121.414512,39.680899],[-121.414207,39.681166],[-121.414118,39.681298],[-121.414085,39.681377],[-121.413999,39.681426],[-121.413921,39.681541],[-121.413902,39.68159],[-121.413837,39.681614],[-121.413709,39.681671],[-121.413623,39.681731],[-121.413537,39.68181],[-121.413494,39.681881],[-121.413347,39.682013],[-121.413184,39.682072],[-121.412955,39.682205],[-121.412819,39.682337],[-121.412743,39.682424],[-121.412686,39.682506],[-121.412628,39.682566],[-121.4126,39.682637],[-121.412535,39.682714],[-121.412442,39.682749],[-121.412364,39.682765],[-121.412285,39.682814],[-121.412196,39.682907],[-121.412081,39.68306],[-121.412037,39.683137],[-121.41198,39.683224],[-121.411798,39.683352],[-121.41169,39.683456],[-121.411639,39.683599],[-121.411635,39.683719],[-121.411725,39.683906],[-121.411703,39.684033],[-121.41167,39.684175],[-121.411668,39.684351],[-121.411731,39.68451],[-121.411669,39.684658],[-121.411654,39.684752],[-121.41166,39.684862],[-121.41174,39.685026],[-121.411797,39.685098],[-121.41186,39.685148],[-121.411859,39.685302],[-121.41196,39.685503],[-121.412108,39.685624],[-121.412108,39.685685],[-121.412206,39.685784],[-121.41233,39.685867],[-121.412556,39.686035],[-121.412597,39.686162],[-121.412664,39.686261],[-121.412784,39.686393],[-121.412939,39.686455],[-121.412975,39.686493],[-121.412995,39.686639],[-121.413026,39.686694],[-121.413181,39.686832],[-121.413288,39.686871],[-121.413351,39.686882],[-121.413365,39.686992],[-121.4133,39.687074],[-121.413281,39.687244],[-121.413344,39.687376],[-121.413427,39.687531],[-121.413487,39.68758],[-121.413587,39.687638],[-121.413649,39.687847],[-121.413683,39.687941],[-121.413678,39.688193],[-121.413706,39.688254],[-121.413707,39.688506],[-121.413713,39.688644],[-121.413825,39.688776],[-121.413892,39.688826],[-121.413928,39.688846],[-121.413927,39.688882],[-121.413892,39.68891],[-121.413698,39.689078],[-121.413633,39.689198],[-121.413621,39.689346],[-121.413599,39.689412],[-121.413576,39.689664],[-121.41355,39.689812],[-121.413591,39.689999],[-121.413633,39.690093],[-121.413614,39.690235],[-121.413491,39.690408],[-121.413483,39.690512],[-121.413521,39.690641],[-121.413599,39.690757],[-121.413704,39.690867],[-121.413739,39.69095],[-121.413707,39.690999],[-121.413596,39.691053],[-121.413457,39.691099],[-121.4133,39.691159],[-121.413179,39.691191],[-121.413135,39.691317],[-121.413081,39.691421],[-121.41303,39.691536],[-121.413016,39.691619],[-121.413057,39.69174],[-121.413135,39.691806],[-121.41301,39.691866],[-121.412938,39.691978],[-121.412851,39.692164],[-121.412774,39.692405],[-121.412723,39.692581],[-121.412695,39.692899],[-121.412729,39.693053],[-121.412745,39.693289],[-121.412674,39.693327],[-121.412268,39.693328],[-121.412076,39.69336],[-121.411955,39.693419],[-121.411876,39.693512],[-121.411621,39.69386],[-121.411449,39.693952],[-121.411331,39.694056],[-121.411267,39.694157],[-121.41123,39.694294],[-121.41125,39.694371],[-121.411253,39.694503],[-121.41121,39.694563],[-121.41099,39.694552],[-121.410797,39.694583],[-121.410676,39.694634],[-121.410562,39.694732],[-121.410478,39.694864],[-121.410314,39.695017],[-121.410142,39.695161],[-121.410099,39.695227],[-121.410044,39.695375],[-121.40998,39.695424],[-121.40988,39.695451],[-121.409687,39.695549],[-121.409491,39.695693],[-121.409426,39.695781],[-121.409368,39.695841],[-121.409233,39.695879],[-121.409105,39.695927],[-121.408948,39.696028],[-121.408822,39.696159],[-121.408714,39.69634],[-121.408641,39.696504],[-121.408581,39.696537],[-121.408443,39.696488],[-121.40835,39.696478],[-121.408187,39.696493],[-121.408083,39.696531],[-121.407869,39.696665],[-121.407486,39.696954],[-121.407093,39.697223],[-121.406929,39.697316],[-121.406584,39.697663],[-121.406583,39.697871],[-121.406624,39.697976],[-121.406714,39.698052],[-121.406758,39.698136],[-121.406701,39.698153],[-121.406395,39.698172],[-121.406203,39.698218],[-121.406064,39.6983],[-121.405941,39.698436],[-121.405826,39.698584],[-121.405779,39.698721],[-121.405592,39.698909],[-121.405461,39.698958],[-121.405314,39.699051],[-121.405089,39.699255],[-121.405045,39.699332],[-121.405023,39.699475],[-121.404797,39.699655],[-121.404732,39.699775],[-121.40467,39.699928],[-121.404662,39.700088],[-121.404734,39.700373],[-121.404719,39.700428],[-121.404556,39.700474],[-121.404441,39.700545],[-121.404326,39.700643],[-121.404265,39.700785],[-121.40412,39.701097],[-121.403963,39.701528],[-121.403933,39.701786],[-121.403928,39.701945],[-121.403935,39.702367],[-121.403986,39.702582],[-121.403987,39.702922],[-121.40397,39.703191],[-121.404069,39.703606],[-121.404163,39.703865],[-121.404272,39.704057],[-121.404437,39.704256],[-121.404652,39.704458],[-121.404952,39.704723],[-121.405043,39.704789],[-121.405348,39.704931],[-121.405426,39.704986],[-121.405561,39.705305],[-121.405674,39.705454],[-121.405818,39.705617],[-121.406072,39.70581],[-121.40627,39.705913],[-121.406515,39.705986],[-121.406721,39.706031],[-121.406934,39.706045],[-121.407053,39.706144],[-121.407068,39.706183],[-121.407162,39.706349],[-121.407253,39.70647],[-121.407345,39.706542],[-121.407543,39.706666],[-121.407543,39.70671],[-121.407659,39.706804],[-121.407921,39.706874],[-121.408006,39.706979],[-121.408168,39.707133],[-121.408404,39.707321],[-121.40873,39.707512],[-121.408882,39.70765],[-121.408959,39.707695],[-121.40913,39.707737],[-121.40925,39.707798],[-121.409263,39.707924],[-121.409315,39.708078],[-121.409399,39.708188],[-121.409625,39.708362],[-121.40979,39.70855],[-121.41008,39.708793],[-121.4102,39.708912],[-121.410238,39.709011],[-121.410351,39.709132],[-121.410619,39.709342],[-121.410671,39.709422],[-121.410742,39.709516],[-121.411052,39.709754],[-121.411211,39.709913],[-121.411317,39.70995],[-121.411452,39.710033],[-121.411529,39.710159],[-121.41153,39.710379],[-121.411544,39.710439],[-121.41173,39.710682],[-121.411843,39.710784],[-121.411978,39.710818],[-121.412119,39.710829],[-121.412191,39.710836],[-121.412212,39.71089],[-121.412225,39.711033],[-121.412263,39.711203],[-121.41234,39.7113],[-121.412495,39.711438],[-121.412667,39.71162],[-121.412788,39.711681],[-121.413106,39.711872],[-121.413226,39.711917],[-121.413379,39.711934],[-121.41347,39.712091],[-121.413527,39.712135],[-121.413912,39.712373],[-121.414188,39.712487],[-121.414388,39.712477],[-121.414458,39.712555],[-121.414528,39.712651],[-121.414715,39.712811],[-121.414856,39.712993],[-121.414953,39.713062],[-121.415131,39.713189],[-121.415256,39.713327],[-121.415494,39.71357],[-121.415921,39.713899],[-121.416222,39.714101],[-121.41637,39.714173],[-121.416512,39.714201],[-121.416533,39.714284],[-121.416624,39.714394],[-121.416794,39.714491],[-121.417088,39.714586],[-121.417407,39.714673],[-121.417627,39.714761],[-121.418017,39.714871],[-121.418195,39.714888],[-121.41851,39.715046],[-121.418857,39.715191],[-121.419228,39.715398],[-121.419681,39.715661],[-121.420285,39.715689],[-121.420348,39.715744],[-121.420309,39.715813],[-121.420244,39.715925],[-121.420249,39.716128],[-121.420365,39.716277],[-121.420655,39.716479],[-121.420917,39.716634],[-121.421401,39.716892],[-121.421784,39.717067],[-121.42234,39.717281],[-121.422567,39.717342],[-121.42295,39.717429],[-121.42322,39.717469],[-121.423369,39.717495],[-121.423634,39.717705],[-121.423959,39.717874],[-121.424352,39.718145],[-121.424533,39.718232],[-121.424798,39.718358],[-121.425276,39.718512],[-121.425766,39.718621],[-121.42639,39.718732],[-121.426717,39.718785],[-121.426874,39.718781],[-121.427147,39.71887],[-121.427388,39.718907],[-121.427672,39.71893],[-121.428092,39.71893],[-121.428297,39.719029],[-121.428601,39.719198],[-121.428846,39.719309],[-121.429228,39.719435],[-121.429683,39.719539],[-121.429881,39.719595],[-121.430016,39.719587],[-121.430159,39.719533],[-121.430386,39.719584],[-121.431033,39.719589],[-121.431424,39.71955],[-121.431787,39.719494],[-121.432065,39.719408],[-121.432193,39.719354],[-121.432498,39.719127],[-121.43272,39.718931],[-121.432848,39.718901],[-121.433037,39.718814],[-121.433295,39.718607],[-121.433467,39.718407],[-121.433764,39.718112],[-121.433844,39.718014],[-121.434182,39.71787],[-121.434539,39.717705],[-121.434989,39.717548],[-121.435135,39.717441],[-121.435236,39.717315],[-121.435462,39.71707],[-121.435648,39.71692],[-121.435747,39.716882],[-121.43584,39.716827],[-121.436153,39.716853],[-121.43643,39.716888],[-121.436644,39.71685],[-121.437068,39.716652],[-121.437402,39.716651],[-121.437694,39.71662],[-121.437958,39.716514],[-121.438263,39.716581],[-121.438455,39.716574],[-121.438754,39.716581],[-121.438952,39.716628],[-121.439563,39.716684],[-121.440153,39.716645],[-121.440538,39.71657],[-121.440837,39.716481],[-121.441045,39.716329],[-121.441251,39.716343],[-121.441492,39.716367],[-121.441812,39.71636],[-121.442133,39.716312],[-121.442471,39.716256],[-121.44275,39.716169],[-121.442956,39.716036],[-121.443041,39.716037],[-121.443193,39.716114],[-121.443467,39.716162],[-121.443901,39.71614],[-121.444248,39.716084],[-121.444421,39.716013],[-121.444798,39.71601],[-121.445153,39.71597],[-121.445492,39.715829],[-121.445613,39.715827],[-121.445986,39.715878],[-121.446355,39.715877],[-121.44695,39.715817],[-121.44722,39.715755],[-121.447383,39.715855],[-121.447628,39.715889],[-121.447906,39.715856],[-121.448066,39.715822],[-121.448289,39.715873],[-121.448544,39.715943],[-121.448729,39.715954],[-121.44938,39.715892],[-121.449857,39.715828],[-121.450085,39.715788],[-121.450306,39.715707],[-121.450839,39.715652],[-121.451096,39.715606],[-121.45133,39.715569],[-121.451587,39.715466],[-121.451907,39.715498],[-121.452206,39.715463],[-121.452425,39.715456],[-121.452828,39.715436],[-121.453155,39.715399],[-121.453511,39.715338],[-121.453676,39.715246],[-121.453976,39.715024],[-121.454392,39.714996],[-121.454897,39.71501],[-121.455707,39.714997],[-121.456155,39.71498],[-121.456503,39.715026],[-121.456788,39.714986],[-121.45713,39.714922],[-121.45745,39.714915],[-121.457542,39.714943],[-121.458004,39.714964],[-121.458338,39.714952],[-121.458594,39.714909],[-121.45895,39.714815],[-121.459207,39.714734],[-121.459392,39.714694],[-121.459662,39.714679],[-121.459947,39.714622],[-121.460265,39.71447],[-121.460435,39.714471],[-121.460705,39.714491],[-121.461061,39.71438],[-121.461347,39.714228],[-121.461566,39.713982],[-121.46171,39.713771],[-121.461806,39.713679],[-121.462076,39.713718],[-121.462304,39.7137],[-121.462575,39.713537],[-121.462668,39.713466],[-121.462796,39.713464],[-121.463153,39.713344],[-121.46357,39.713212],[-121.463749,39.713037],[-121.464097,39.71303],[-121.464545,39.712964],[-121.464983,39.712881],[-121.465375,39.712757],[-121.465611,39.71264],[-121.465923,39.712674],[-121.466449,39.712674],[-121.466692,39.712643],[-121.466798,39.712629],[-121.467011,39.712624],[-121.467607,39.712805],[-121.467972,39.712975],[-121.468541,39.713348],[-121.468859,39.713605],[-121.469095,39.713847],[-121.469243,39.713985],[-121.469514,39.714286],[-121.469835,39.714633],[-121.46994,39.714845],[-121.469968,39.714977],[-121.470153,39.715351],[-121.470233,39.715626],[-121.470274,39.715725],[-121.470356,39.715802],[-121.470444,39.715901],[-121.470636,39.716311],[-121.470669,39.71634],[-121.47082,39.716477],[-121.470991,39.716763],[-121.471065,39.716904],[-121.471127,39.717178],[-121.471093,39.717425],[-121.470966,39.717746],[-121.470775,39.718113],[-121.470581,39.718386],[-121.470227,39.719008],[-121.4701,39.719348],[-121.469978,39.719605],[-121.469787,39.71992],[-121.46975,39.72009],[-121.469728,39.720556],[-121.469744,39.720776],[-121.469899,39.720994],[-121.470079,39.721214],[-121.470375,39.721463],[-121.470648,39.72167],[-121.470988,39.721828],[-121.471132,39.721971],[-121.47128,39.722131],[-121.471301,39.722192],[-121.471471,39.722313],[-121.471597,39.722569],[-121.471633,39.722615],[-121.47179,39.722811],[-121.472034,39.723054],[-121.472097,39.723167],[-121.472142,39.723332],[-121.472199,39.72375],[-121.472176,39.72392],[-121.472078,39.724229],[-121.471949,39.724377],[-121.471984,39.723921],[-121.471913,39.723537],[-121.4719,39.723389],[-121.471879,39.723251],[-121.471664,39.723096],[-121.471488,39.72289],[-121.47151,39.722742],[-121.471426,39.72256],[-121.471196,39.722389],[-121.470924,39.722165],[-121.470534,39.72207],[-121.470114,39.721747],[-121.469915,39.721702],[-121.469772,39.721759],[-121.4697,39.721956],[-121.469794,39.722176],[-121.470178,39.722615],[-121.470223,39.722725],[-121.470165,39.722911],[-121.470002,39.722817],[-121.469886,39.722657],[-121.469747,39.722547],[-121.469388,39.722295],[-121.469169,39.722028],[-121.469012,39.721698],[-121.468989,39.721434],[-121.468982,39.720929],[-121.469174,39.720106],[-121.469246,39.719909],[-121.469209,39.719678],[-121.469211,39.719503],[-121.469423,39.719155],[-121.469543,39.718876],[-121.46965,39.718739],[-121.469807,39.718646],[-121.469891,39.718408],[-121.470162,39.717827],[-121.470412,39.717268],[-121.470453,39.717002],[-121.470307,39.716758],[-121.470045,39.717023],[-121.469305,39.717986],[-121.468963,39.718496],[-121.468211,39.720016],[-121.468169,39.721941],[-121.468636,39.722946],[-121.468819,39.723173],[-121.468886,39.723257],[-121.469051,39.723467],[-121.469471,39.724411],[-121.469297,39.724963],[-121.468387,39.726532],[-121.467945,39.726947],[-121.466115,39.727922],[-121.465556,39.728362],[-121.465085,39.728985],[-121.464705,39.73009],[-121.464709,39.730736],[-121.465072,39.732001],[-121.46539,39.732297],[-121.46576,39.732622],[-121.468171,39.73474],[-121.468948,39.735891],[-121.469368,39.736696],[-121.469994,39.737225],[-121.470857,39.737709],[-121.471453,39.738124],[-121.471691,39.738469],[-121.471902,39.739067],[-121.471761,39.740241],[-121.471254,39.741687],[-121.47081,39.743081],[-121.470095,39.745323],[-121.469916,39.747152],[-121.470329,39.748462],[-121.471098,39.749655],[-121.471036,39.751238],[-121.47059,39.752886],[-121.470323,39.753405],[-121.469283,39.754261],[-121.468154,39.754617],[-121.466376,39.754727],[-121.465263,39.754988],[-121.464133,39.755254],[-121.463338,39.755741],[-121.462417,39.755984],[-121.460664,39.755911],[-121.460335,39.756012],[-121.460036,39.756137],[-121.459662,39.756328],[-121.459217,39.756763],[-121.459153,39.756945],[-121.458703,39.757552],[-121.458589,39.758056],[-121.458267,39.761287],[-121.458245,39.76154],[-121.458275,39.762066],[-121.458095,39.763633],[-121.458001,39.764448],[-121.457769,39.76493],[-121.45698,39.765962],[-121.456753,39.766689],[-121.456721,39.766787],[-121.456103,39.768322],[-121.455818,39.769272],[-121.455234,39.769906],[-121.454973,39.770359],[-121.453685,39.771397],[-121.453601,39.77185],[-121.45306,39.772739],[-121.452527,39.773616],[-121.451971,39.774182],[-121.451711,39.774702],[-121.451069,39.775494],[-121.449896,39.776641],[-121.449625,39.776908],[-121.448769,39.777928],[-121.447873,39.77932],[-121.447722,39.780024],[-121.447564,39.780828],[-121.447097,39.782034],[-121.447034,39.782201],[-121.446176,39.783416],[-121.44603,39.784444],[-121.446389,39.785863],[-121.447002,39.786804],[-121.447282,39.787234],[-121.448561,39.788352],[-121.450876,39.78979],[-121.451203,39.790178],[-121.451561,39.790933],[-121.45195,39.792556],[-121.451894,39.793929],[-121.451913,39.794054],[-121.45205,39.793871],[-121.452237,39.793691],[-121.45242,39.792945],[-121.452406,39.792539],[-121.452293,39.791978],[-121.452122,39.791538],[-121.451814,39.790897],[-121.451628,39.790155],[-121.451439,39.789816],[-121.45104,39.789452],[-121.450519,39.789211],[-121.449884,39.788941],[-121.449544,39.788761],[-121.44901,39.788355],[-121.44832,39.787811],[-121.447943,39.787416],[-121.447559,39.786951],[-121.447401,39.78672],[-121.447117,39.786185],[-121.446841,39.785539],[-121.446648,39.784797],[-121.446662,39.784407],[-121.446812,39.783848],[-121.447116,39.783188],[-121.447144,39.782919],[-121.447231,39.782705],[-121.447522,39.782344],[-121.447595,39.782114],[-121.447758,39.781761],[-121.4478,39.781322],[-121.447992,39.781026],[-121.448083,39.780758],[-121.448199,39.780525],[-121.448333,39.780163],[-121.448761,39.779141],[-121.449165,39.778457],[-121.449734,39.777677],[-121.450133,39.777204],[-121.450538,39.776847],[-121.451207,39.776298],[-121.451953,39.775558],[-121.453592,39.77396],[-121.454109,39.773361],[-121.454196,39.773202],[-121.454215,39.773021],[-121.454323,39.772788],[-121.454644,39.772263],[-121.455639,39.770758],[-121.45647,39.76959],[-121.456579,39.769275],[-121.456711,39.769171],[-121.456947,39.769073],[-121.45731,39.769056],[-121.457615,39.769123],[-121.458312,39.769214],[-121.458338,39.769219],[-121.458684,39.769283],[-121.458709,39.769288],[-121.458866,39.769241],[-121.459363,39.768961],[-121.459577,39.76883],[-121.459668,39.768644],[-121.459655,39.768507],[-121.45951,39.768341],[-121.459383,39.768253],[-121.459327,39.768129],[-121.459325,39.767939],[-121.459325,39.767888],[-121.459206,39.767651],[-121.458765,39.767207],[-121.458529,39.766898],[-121.45835,39.766601],[-121.458295,39.766398],[-121.458315,39.76609],[-121.458429,39.76574],[-121.458558,39.765476],[-121.458706,39.765307],[-121.458893,39.765014],[-121.459128,39.764543],[-121.459452,39.763614],[-121.459503,39.76345],[-121.459596,39.762918],[-121.459654,39.76244],[-121.459595,39.76171],[-121.459582,39.76155],[-121.459531,39.761353],[-121.459545,39.760902],[-121.459582,39.760255],[-121.459572,39.759744],[-121.459553,39.759398],[-121.459545,39.759074],[-121.459708,39.758295],[-121.459856,39.757983],[-121.460057,39.757789],[-121.46056,39.757602],[-121.460895,39.75756],[-121.461708,39.757245],[-121.462396,39.757098],[-121.463443,39.756861],[-121.464437,39.75669],[-121.465512,39.756558],[-121.466103,39.756508],[-121.466288,39.756471],[-121.467303,39.7563],[-121.46788,39.756228],[-121.468207,39.756214],[-121.468998,39.756047],[-121.469252,39.755906],[-121.469601,39.755806],[-121.470028,39.755739],[-121.47047,39.755697],[-121.470705,39.755668],[-121.47094,39.755554],[-121.472006,39.755257],[-121.472488,39.755048],[-121.472553,39.754889],[-121.472533,39.754768],[-121.472353,39.75458],[-121.472276,39.754355],[-121.472246,39.754091],[-121.472195,39.753778],[-121.472091,39.753506],[-121.471954,39.753291],[-121.471891,39.753137],[-121.47187,39.752681],[-121.471869,39.75228],[-121.471924,39.752083],[-121.472139,39.751392],[-121.472217,39.751028],[-121.472217,39.750544],[-121.472187,39.750325],[-121.472096,39.750124],[-121.472049,39.749884],[-121.472038,39.749772],[-121.472039,39.749657],[-121.471994,39.749547],[-121.472081,39.749234],[-121.472069,39.748993],[-121.472003,39.748839],[-121.471954,39.748676],[-121.471856,39.748006],[-121.471769,39.747808],[-121.471714,39.747627],[-121.471705,39.747374],[-121.471667,39.747138],[-121.471492,39.746808],[-121.471472,39.746643],[-121.471484,39.746506],[-121.471568,39.74627],[-121.471625,39.746155],[-121.471715,39.746106],[-121.471836,39.746079],[-121.472009,39.74572],[-121.472075,39.745501],[-121.472069,39.745408],[-121.472094,39.745347],[-121.472253,39.745046],[-121.472386,39.744844],[-121.472474,39.744553],[-121.472486,39.74441],[-121.472415,39.744366],[-121.472278,39.744525],[-121.472188,39.744744],[-121.472104,39.744996],[-121.472039,39.745155],[-121.471931,39.745289],[-121.471802,39.745426],[-121.47176,39.745376],[-121.471761,39.745173],[-121.471816,39.744959],[-121.471896,39.744767],[-121.47213,39.744381],[-121.47214,39.744052],[-121.472193,39.744014],[-121.47255,39.743823],[-121.472779,39.743761],[-121.472786,39.74369],[-121.473073,39.743444],[-121.473241,39.743294],[-121.473316,39.743228],[-121.473384,39.743113],[-121.473424,39.743015],[-121.473522,39.742801],[-121.473576,39.742664],[-121.473745,39.742492],[-121.473864,39.742295],[-121.473879,39.742196],[-121.473918,39.742169],[-121.473934,39.741905],[-121.4739,39.741806],[-121.473816,39.741663],[-121.473742,39.741482],[-121.473712,39.741201],[-121.473671,39.741061],[-121.473601,39.740918],[-121.473581,39.740726],[-121.473415,39.740528],[-121.473266,39.740505],[-121.473188,39.740477],[-121.473061,39.740375],[-121.472984,39.740215],[-121.472939,39.740045],[-121.472923,39.739847],[-121.472956,39.739677],[-121.472954,39.73954],[-121.472902,39.739386],[-121.472797,39.739177],[-121.472755,39.739072],[-121.472717,39.738924],[-121.472725,39.738759],[-121.472691,39.738617],[-121.472596,39.738413],[-121.472449,39.738119],[-121.472468,39.737965],[-121.472441,39.737822],[-121.472346,39.737706],[-121.472099,39.737464],[-121.472008,39.737307],[-121.47192,39.737098],[-121.471751,39.736982],[-121.47145,39.736835],[-121.470932,39.736635],[-121.470727,39.736549],[-121.470624,39.736422],[-121.470625,39.73629],[-121.470587,39.736229],[-121.470512,39.736185],[-121.470193,39.736148],[-121.470094,39.736065],[-121.470013,39.735884],[-121.470014,39.735812],[-121.47005,39.735752],[-121.469702,39.73521],[-121.469558,39.735044],[-121.469494,39.734978],[-121.469382,39.734802],[-121.469336,39.734686],[-121.469153,39.73448],[-121.468875,39.734149],[-121.468635,39.73392],[-121.468395,39.733699],[-121.468127,39.733432],[-121.468008,39.733184],[-121.467942,39.732992],[-121.467829,39.732843],[-121.467681,39.732738],[-121.467426,39.732651],[-121.467252,39.732513],[-121.46709,39.732299],[-121.46706,39.732076],[-121.467167,39.732058],[-121.467452,39.732009],[-121.467587,39.732059],[-121.467802,39.732299],[-121.467858,39.732404],[-121.467885,39.732525],[-121.467931,39.732629],[-121.468008,39.732695],[-121.46827,39.732864],[-121.468478,39.733096],[-121.468668,39.733333],[-121.468777,39.733462],[-121.469452,39.734099],[-121.469593,39.734177],[-121.469703,39.734205],[-121.469659,39.734397],[-121.469684,39.734836],[-121.469792,39.735078],[-121.46995,39.735345],[-121.470119,39.735549],[-121.470228,39.735665],[-121.470292,39.735775],[-121.470305,39.735857],[-121.47039,39.735954],[-121.470549,39.736037],[-121.470716,39.736049],[-121.470857,39.736225],[-121.470973,39.736311],[-121.471214,39.736444],[-121.471678,39.736668],[-121.471873,39.736774],[-121.472078,39.736942],[-121.472258,39.737135],[-121.472353,39.737294],[-121.472447,39.737487],[-121.472595,39.737622],[-121.472648,39.737694],[-121.472612,39.73782],[-121.472716,39.738062],[-121.472796,39.738293],[-121.472876,39.738595],[-121.472965,39.738997],[-121.473088,39.739228],[-121.473183,39.739341],[-121.473222,39.739314],[-121.473256,39.739089],[-121.47331,39.739045],[-121.473351,39.739171],[-121.473379,39.739292],[-121.473334,39.739534],[-121.473294,39.739698],[-121.473534,39.739864],[-121.473654,39.739991],[-121.473664,39.740172],[-121.473698,39.740252],[-121.473733,39.740362],[-121.473894,39.740675],[-121.473936,39.740785],[-121.474031,39.740863],[-121.47407,39.740901],[-121.474005,39.741082],[-121.474004,39.741159],[-121.47406,39.741297],[-121.474127,39.741368],[-121.474094,39.741538],[-121.4741,39.741687],[-121.47412,39.741824],[-121.474197,39.741901],[-121.474275,39.741992],[-121.474177,39.742214],[-121.474141,39.742345],[-121.47409,39.742505],[-121.474029,39.74257],[-121.473921,39.742668],[-121.473778,39.742821],[-121.473709,39.742991],[-121.47364,39.743142],[-121.473636,39.74323],[-121.473571,39.743345],[-121.473432,39.74347],[-121.473366,39.743602],[-121.472913,39.743883],[-121.472741,39.744025],[-121.472729,39.744222],[-121.472841,39.744442],[-121.472811,39.744568],[-121.472699,39.744859],[-121.472598,39.745072],[-121.472489,39.745256],[-121.472212,39.745688],[-121.472024,39.746072],[-121.471933,39.746436],[-121.472,39.746873],[-121.472079,39.747318],[-121.472304,39.748516],[-121.472331,39.748769],[-121.472449,39.749011],[-121.472358,39.749356],[-121.472335,39.749543],[-121.472376,39.749763],[-121.472459,39.750496],[-121.472431,39.750985],[-121.472147,39.752188],[-121.472095,39.752479],[-121.472125,39.752754],[-121.472274,39.75323],[-121.472623,39.754153],[-121.472702,39.754489],[-121.472816,39.754849],[-121.472779,39.755063],[-121.472604,39.755246],[-121.472346,39.755382],[-121.471893,39.755553],[-121.471501,39.755691],[-121.471287,39.755756],[-121.470397,39.755955],[-121.469559,39.756135],[-121.468853,39.756359],[-121.468322,39.75648],[-121.468017,39.756493],[-121.46776,39.756563],[-121.467461,39.756597],[-121.466756,39.756728],[-121.466158,39.756761],[-121.465464,39.75684],[-121.464623,39.756993],[-121.463939,39.757135],[-121.463102,39.757246],[-121.462817,39.757311],[-121.462183,39.757437],[-121.461827,39.757559],[-121.460518,39.757975],[-121.460272,39.758103],[-121.460156,39.758317],[-121.460028,39.758805],[-121.459956,39.759331],[-121.459829,39.760931],[-121.459816,39.761233],[-121.4599,39.761805],[-121.459916,39.762109],[-121.459917,39.762895],[-121.459836,39.7636],[-121.459701,39.76406],[-121.459412,39.764641],[-121.459213,39.764999],[-121.458984,39.765256],[-121.458642,39.76573],[-121.458559,39.765894],[-121.45856,39.766251],[-121.458635,39.766536],[-121.458836,39.766826],[-121.459171,39.767195],[-121.459454,39.767397],[-121.459634,39.767595],[-121.45979,39.76803],[-121.46006,39.768523],[-121.460037,39.768753],[-121.459918,39.768906],[-121.4594,39.769285],[-121.459092,39.769435],[-121.458693,39.76954],[-121.458642,39.769541],[-121.458434,39.769544],[-121.45822,39.769565],[-121.458105,39.76955],[-121.458071,39.769545],[-121.457659,39.769433],[-121.45739,39.769309],[-121.457276,39.769281],[-121.457026,39.769337],[-121.456869,39.769424],[-121.456733,39.769566],[-121.456606,39.769862],[-121.456401,39.770188],[-121.455695,39.77128],[-121.455289,39.771764],[-121.454965,39.772234],[-121.45482,39.772588],[-121.454545,39.773141],[-121.454232,39.773576],[-121.453647,39.77418],[-121.453234,39.774677],[-121.452858,39.77498],[-121.452671,39.775166],[-121.452395,39.775497],[-121.452126,39.775776],[-121.451592,39.776237],[-121.450973,39.776731],[-121.450424,39.777192],[-121.450112,39.777539],[-121.449699,39.778062],[-121.449436,39.778439],[-121.448903,39.779631],[-121.448709,39.77988],[-121.448497,39.780532],[-121.448284,39.780904],[-121.448064,39.781334],[-121.447821,39.782326],[-121.447495,39.782986],[-121.447094,39.784126],[-121.44701,39.784436],[-121.447019,39.784689],[-121.447111,39.785104],[-121.447379,39.785813],[-121.447688,39.786444],[-121.44807,39.787088],[-121.44837,39.787416],[-121.449536,39.788437],[-121.449922,39.788651],[-121.450468,39.788936],[-121.451067,39.789183],[-121.451389,39.789404],[-121.451615,39.789573],[-121.451756,39.789744],[-121.452129,39.790775],[-121.452443,39.791545],[-121.452647,39.792268],[-121.452698,39.792922],[-121.452569,39.793486],[-121.452347,39.794054],[-121.451891,39.794719],[-121.451815,39.79518],[-121.451462,39.795825],[-121.450638,39.797481],[-121.450374,39.79858],[-121.450355,39.798623],[-121.449814,39.799839],[-121.449164,39.800802],[-121.447883,39.802056],[-121.447709,39.802228],[-121.447649,39.802263],[-121.447342,39.802449],[-121.447084,39.802604],[-121.444902,39.802869],[-121.443799,39.80309],[-121.442556,39.803838],[-121.441123,39.805292],[-121.440056,39.806129],[-121.438615,39.80695],[-121.438522,39.80699],[-121.437715,39.807581],[-121.437343,39.808038],[-121.436624,39.808674],[-121.435697,39.809197],[-121.434303,39.809628],[-121.432509,39.810205],[-121.43067,39.811405],[-121.428822,39.81286],[-121.428211,39.813725],[-121.427878,39.814447],[-121.427772,39.814844],[-121.427572,39.815799],[-121.427113,39.81714],[-121.426096,39.818914],[-121.42511,39.820824],[-121.424586,39.821642],[-121.424086,39.822006],[-121.423717,39.822117],[-121.422887,39.822378],[-121.422517,39.822423],[-121.421908,39.822482],[-121.420017,39.822802],[-121.418835,39.822894],[-121.41783,39.823076],[-121.416884,39.823144],[-121.415289,39.823533],[-121.413785,39.824539],[-121.412606,39.825567],[-121.412193,39.825842],[-121.410926,39.826916],[-121.410664,39.827579],[-121.410229,39.82888],[-121.410204,39.829543],[-121.410387,39.830205],[-121.411494,39.831482],[-121.412657,39.831821],[-121.413968,39.832001],[-121.414624,39.832206],[-121.415012,39.83241],[-121.41573,39.833093],[-121.416424,39.834805],[-121.416549,39.835582],[-121.416494,39.836335],[-121.41646,39.836452],[-121.416264,39.837136],[-121.415741,39.838166],[-121.41495,39.839197],[-121.414332,39.839518],[-121.413245,39.840343],[-121.411335,39.842177],[-121.409863,39.843026],[-121.409838,39.84303],[-121.409451,39.843094],[-121.406168,39.843197],[-121.400973,39.84335],[-121.399279,39.84351],[-121.39824,39.843944],[-121.396962,39.844722],[-121.396309,39.84534],[-121.395983,39.845751],[-121.395893,39.846094],[-121.395685,39.847967],[-121.394498,39.849773],[-121.394319,39.851052],[-121.393904,39.852537],[-121.393622,39.852982],[-121.392331,39.854913],[-121.392361,39.855736],[-121.392152,39.856147],[-121.391202,39.857291],[-121.389895,39.860056],[-121.389123,39.862112],[-121.388775,39.862826],[-121.387913,39.862865],[-121.38784,39.862868],[-121.387768,39.862871],[-121.387698,39.86287],[-121.387627,39.86287],[-121.387233,39.862865],[-121.387184,39.862865],[-121.38015,39.862816],[-121.380139,39.858688],[-121.380183,39.855421],[-121.376057,39.855508],[-121.366352,39.855477],[-121.361206,39.855473],[-121.360803,39.846868],[-121.360743,39.845597],[-121.360516,39.84074],[-121.354599,39.840511],[-121.354561,39.84051],[-121.351079,39.84035],[-121.350794,39.833016],[-121.350861,39.827756],[-121.350834,39.826245],[-121.350821,39.825704],[-121.348725,39.825712],[-121.348649,39.825713],[-121.34094,39.825759],[-121.332293,39.825696],[-121.332283,39.819381],[-121.332315,39.815235],[-121.332315,39.815168],[-121.332333,39.811053],[-121.331939,39.811005],[-121.318471,39.810906],[-121.316938,39.796702],[-121.313451,39.796685],[-121.307948,39.796618],[-121.307915,39.796617],[-121.307709,39.796616],[-121.307713,39.796286],[-121.307713,39.796265],[-121.307808,39.789365],[-121.304942,39.789341],[-121.299489,39.789293],[-121.298496,39.789291],[-121.294126,39.78925],[-121.294224,39.785502],[-121.289468,39.785439],[-121.289505,39.781657],[-121.285926,39.781594],[-121.285449,39.781588],[-121.285379,39.781586],[-121.284946,39.781576],[-121.285008,39.780617],[-121.285839,39.767876],[-121.285852,39.767624],[-121.274886,39.768355],[-121.274191,39.768397],[-121.269416,39.768722],[-121.268272,39.768799],[-121.268025,39.754244],[-121.262031,39.754202],[-121.261804,39.7542],[-121.259842,39.754177],[-121.251074,39.754041],[-121.250641,39.753965],[-121.250294,39.749849],[-121.249392,39.748174],[-121.24836,39.745834],[-121.248307,39.742406],[-121.248303,39.742101],[-121.248256,39.740041],[-121.242976,39.740075],[-121.229706,39.740213],[-121.229446,39.725665],[-121.226465,39.725662],[-121.222812,39.725658],[-121.219159,39.725653],[-121.218737,39.725653],[-121.210878,39.725651],[-121.210691,39.718716],[-121.210668,39.714558],[-121.210618,39.711923],[-121.210616,39.711846],[-121.208941,39.711879],[-121.208842,39.709247],[-121.208831,39.708977],[-121.208808,39.707342],[-121.208804,39.707068],[-121.208735,39.705077],[-121.208716,39.701441],[-121.208692,39.700594],[-121.208687,39.700358],[-121.208,39.700354],[-121.204409,39.700326],[-121.204253,39.700322],[-121.203734,39.700306],[-121.203592,39.700301],[-121.20241,39.700315],[-121.201898,39.700247],[-121.201861,39.700246],[-121.190532,39.699891],[-121.190448,39.695008],[-121.190447,39.694928],[-121.190284,39.685353],[-121.187571,39.685382],[-121.187386,39.685385],[-121.186971,39.685392],[-121.186912,39.685392],[-121.183161,39.685416],[-121.182395,39.685421],[-121.181629,39.685426],[-121.179569,39.685472],[-121.179483,39.685473],[-121.172865,39.685546],[-121.171188,39.685564],[-121.171149,39.673008],[-121.171143,39.671088],[-121.169819,39.671091],[-121.169444,39.671092],[-121.168468,39.671094],[-121.16828,39.67109],[-121.16774,39.671078],[-121.163015,39.670987],[-121.16301,39.670503],[-121.162872,39.66439],[-121.162864,39.663824],[-121.155144,39.663913],[-121.155076,39.657786],[-121.155082,39.657273],[-121.155077,39.656785],[-121.142992,39.6568],[-121.142382,39.6568],[-121.142119,39.656801],[-121.141234,39.656788],[-121.138739,39.656805],[-121.137932,39.656807],[-121.136412,39.65681],[-121.136496,39.648816],[-121.1365,39.64841],[-121.136569,39.64189],[-121.136571,39.641706],[-121.136577,39.641125],[-121.136577,39.6411],[-121.136594,39.638858],[-121.1366,39.638841],[-121.136579,39.638294],[-121.136581,39.638104],[-121.136607,39.635944],[-121.136715,39.628169],[-121.1312,39.628241],[-121.126106,39.628092],[-121.116633,39.628048],[-121.116492,39.624888],[-121.116343,39.624381],[-121.116343,39.624296],[-121.116338,39.623344],[-121.116337,39.622917],[-121.116331,39.621018],[-121.109034,39.620948],[-121.108495,39.620947],[-121.107919,39.620946],[-121.107893,39.620946],[-121.107667,39.620946],[-121.106385,39.620937],[-121.106163,39.620936],[-121.105511,39.620932],[-121.105156,39.62093],[-121.100862,39.620894],[-121.100351,39.62089],[-121.099994,39.620891],[-121.097538,39.620903],[-121.097615,39.61967],[-121.097638,39.619392],[-121.097657,39.619179],[-121.097668,39.618876],[-121.097686,39.616401],[-121.097689,39.616035],[-121.097703,39.613698],[-121.097183,39.613688],[-121.095716,39.613663],[-121.088947,39.613545],[-121.08889,39.612877],[-121.088901,39.609176],[-121.088908,39.606999],[-121.088909,39.606586],[-121.088921,39.603306],[-121.087777,39.603311],[-121.087194,39.60332],[-121.086757,39.603328],[-121.084189,39.603328],[-121.079345,39.60335],[-121.077436,39.598965],[-121.077346,39.598759],[-121.076695,39.597264],[-121.079543,39.585263],[-121.081843,39.585264],[-121.093252,39.585269],[-121.095516,39.58527],[-121.096551,39.58527],[-121.097066,39.58527],[-121.099906,39.585271],[-121.099944,39.585269],[-121.102698,39.585271],[-121.107465,39.585275],[-121.107417,39.584],[-121.107325,39.581557],[-121.107144,39.574343],[-121.107036,39.569806],[-121.107009,39.568693],[-121.10697,39.567191],[-121.115822,39.567102],[-121.116314,39.567098],[-121.116451,39.563543],[-121.118201,39.563458],[-121.11899,39.563419],[-121.124932,39.563078],[-121.125521,39.563034],[-121.126068,39.562993],[-121.129198,39.562845],[-121.13306,39.562663],[-121.136921,39.562481],[-121.141213,39.562278],[-121.140975,39.557352],[-121.140885,39.55555],[-121.149898,39.555289],[-121.149797,39.544801],[-121.1498,39.541875],[-121.149754,39.541327],[-121.149684,39.538466],[-121.149725,39.537258],[-121.149884,39.527527],[-121.149891,39.527174],[-121.149892,39.527134],[-121.149907,39.526446],[-121.155073,39.526258],[-121.156259,39.526175],[-121.158978,39.526131],[-121.159036,39.524691],[-121.15913,39.523456],[-121.159202,39.521767],[-121.159296,39.519595],[-121.161003,39.519537],[-121.16464,39.519413],[-121.166247,39.519358],[-121.175689,39.519508],[-121.180221,39.51961],[-121.180322,39.519615],[-121.180923,39.519644],[-121.181363,39.519635],[-121.185399,39.519728],[-121.185388,39.520191],[-121.185357,39.520375],[-121.185173,39.526695],[-121.186424,39.526729],[-121.188627,39.526774],[-121.189088,39.526788],[-121.191396,39.526864],[-121.193785,39.526931],[-121.196416,39.526976],[-121.197654,39.52699],[-121.198895,39.527006],[-121.20234,39.527052],[-121.208215,39.527196],[-121.210022,39.52722],[-121.216651,39.527122],[-121.218205,39.527115],[-121.220414,39.527105],[-121.222472,39.527095],[-121.222776,39.527122],[-121.237122,39.526577],[-121.237274,39.526572],[-121.23866,39.526578],[-121.240483,39.526613],[-121.24052,39.525864],[-121.240541,39.524571],[-121.240511,39.523906],[-121.240468,39.522438],[-121.240381,39.519673],[-121.240287,39.516681],[-121.240217,39.514436],[-121.24019,39.513585],[-121.240245,39.513177],[-121.240242,39.513091],[-121.247223,39.51315],[-121.251066,39.51291],[-121.251894,39.51289],[-121.258712,39.512722],[-121.258728,39.512722],[-121.265967,39.512715],[-121.266929,39.512717],[-121.274731,39.512806],[-121.277077,39.512812],[-121.276978,39.516591],[-121.276916,39.517561],[-121.276794,39.519238],[-121.276789,39.520271],[-121.279744,39.52024],[-121.28017,39.520226],[-121.288785,39.519952],[-121.289782,39.519885],[-121.290857,39.519861],[-121.295418,39.519643],[-121.301713,39.519605],[-121.303306,39.519578],[-121.305122,39.519585],[-121.305132,39.518451],[-121.305205,39.513246],[-121.305187,39.512364],[-121.305186,39.512279],[-121.305243,39.505863],[-121.305407,39.499887],[-121.305425,39.497816],[-121.307114,39.497797],[-121.3102,39.497761],[-121.310178,39.494012],[-121.310175,39.493527],[-121.310162,39.490387],[-121.310147,39.487412],[-121.310164,39.486831],[-121.31126,39.486883],[-121.31498,39.486961],[-121.314973,39.486658],[-121.314955,39.485538],[-121.314946,39.485021],[-121.314862,39.480136],[-121.314859,39.479967],[-121.314814,39.477468],[-121.314787,39.475899],[-121.314911,39.475896],[-121.319569,39.475807],[-121.319851,39.475792],[-121.323908,39.475718],[-121.324067,39.475713],[-121.324055,39.475553],[-121.32414,39.468651],[-121.324141,39.468608],[-121.3291,39.468695],[-121.329129,39.468696],[-121.332956,39.468744],[-121.332971,39.468745],[-121.333265,39.468729],[-121.333427,39.468729],[-121.333435,39.468508],[-121.333468,39.467592],[-121.333511,39.467466],[-121.333475,39.467419],[-121.333438,39.46509],[-121.334883,39.465061],[-121.336266,39.465064],[-121.338264,39.465031],[-121.338307,39.46205],[-121.338326,39.461178],[-121.338383,39.456876],[-121.33842,39.454381],[-121.342055,39.454293],[-121.342689,39.453802],[-121.34319,39.453687],[-121.343427,39.453482],[-121.344135,39.453276],[-121.345139,39.452567],[-121.345059,39.449685],[-121.345283,39.44895],[-121.345285,39.44878],[-121.345353,39.44726],[-121.345474,39.447078],[-121.346126,39.44656],[-121.346517,39.445811],[-121.346612,39.445218],[-121.34621,39.444188],[-121.345655,39.443816],[-121.34554,39.443519],[-121.344839,39.442941],[-121.344313,39.442616],[-121.34391,39.442245],[-121.343784,39.442132],[-121.343712,39.440674],[-121.343887,39.440348],[-121.34525,39.439202],[-121.345338,39.438923],[-121.344614,39.438236],[-121.343926,39.437941],[-121.343564,39.437574],[-121.34338,39.43702],[-121.3432,39.436836],[-121.343198,39.436628],[-121.342561,39.435476],[-121.342529,39.435129],[-121.342347,39.434876],[-121.342284,39.434576],[-121.342103,39.434346],[-121.341979,39.433839],[-121.341192,39.432503],[-121.340616,39.431605],[-121.339715,39.430988],[-121.338848,39.430788],[-121.3367,39.4309],[-121.335803,39.430745],[-121.335293,39.430403],[-121.335021,39.430059],[-121.334506,39.429046],[-121.334682,39.428988],[-121.334506,39.427279],[-121.33408,39.426435],[-121.334071,39.425802],[-121.334179,39.425625],[-121.33442,39.425212],[-121.334538,39.425212],[-121.335244,39.424685],[-121.336097,39.424385],[-121.33757,39.424359],[-121.338306,39.424241],[-121.338717,39.423944],[-121.34016,39.423552],[-121.341483,39.422794],[-121.341807,39.422427],[-121.341805,39.42197],[-121.341687,39.421651],[-121.341626,39.420988],[-121.341773,39.420622],[-121.342037,39.420302],[-121.342302,39.42021],[-121.343568,39.420137],[-121.344133,39.419973],[-121.344363,39.419907],[-121.345069,39.419585],[-121.346539,39.418553],[-121.347245,39.418276],[-121.348392,39.417633],[-121.348774,39.416992],[-121.349361,39.416511],[-121.350626,39.416211],[-121.351216,39.415934],[-121.351862,39.415339],[-121.351889,39.414562],[-121.3523,39.413967],[-121.352357,39.413304],[-121.353142,39.412847],[-121.353251,39.412724],[-121.353696,39.411938],[-121.354032,39.411566],[-121.355344,39.410914],[-121.356053,39.410416],[-121.356768,39.410122],[-121.357402,39.409988],[-121.358022,39.409805],[-121.3587,39.409439],[-121.359054,39.409095],[-121.359586,39.408226],[-121.360087,39.407654],[-121.360854,39.407105],[-121.361445,39.406167],[-121.363067,39.404177],[-121.363539,39.403399],[-121.363493,39.403297],[-121.363483,39.403224],[-121.363451,39.403125],[-121.363246,39.40292],[-121.362571,39.402693],[-121.36178,39.402331],[-121.36096,39.401695],[-121.360491,39.401468],[-121.36008,39.400718],[-121.360138,39.399855],[-121.359962,39.399037],[-121.36008,39.398719],[-121.360548,39.39815],[-121.360608,39.398127],[-121.360725,39.398081],[-121.360991,39.397693],[-121.361437,39.396621],[-121.361912,39.395912],[-121.36206,39.395479],[-121.362063,39.394861],[-121.362389,39.394176],[-121.362391,39.393718],[-121.361805,39.3928],[-121.361776,39.39239],[-121.362045,39.391703],[-121.362875,39.390585],[-121.362906,39.390036],[-121.362792,39.388939],[-121.362882,39.388458],[-121.363446,39.387659],[-121.364039,39.3867],[-121.364105,39.384779],[-121.364283,39.384483],[-121.364846,39.383936],[-121.366119,39.382087],[-121.36612,39.382053],[-121.36615,39.381537],[-121.366034,39.381263],[-121.366154,39.380875],[-121.366986,39.37987],[-121.367041,39.379801],[-121.367365,39.379455],[-121.367333,39.378975],[-121.367244,39.378928],[-121.367151,39.378171],[-121.368239,39.376536],[-121.368504,39.376421],[-121.369923,39.376299],[-121.370484,39.376136],[-121.371192,39.375673],[-121.37184,39.374913],[-121.372534,39.373653],[-121.372573,39.373579],[-121.372565,39.372864],[-121.371931,39.371744],[-121.371834,39.371055],[-121.371591,39.370482],[-121.37136,39.368276],[-121.371432,39.36815],[-121.371489,39.368045],[-121.371596,39.367933],[-121.372014,39.367675],[-121.372745,39.367223],[-121.372951,39.366926],[-121.372921,39.366125],[-121.372421,39.3653],[-121.372421,39.364912],[-121.372524,39.364847],[-121.372525,39.364816],[-121.372901,39.36459],[-121.37395,39.364385],[-121.375476,39.36439],[-121.375667,39.364391],[-121.376102,39.364214],[-121.376136,39.364096],[-121.376353,39.364032],[-121.37654,39.363942],[-121.376582,39.363562],[-121.377302,39.363085],[-121.37807,39.363038],[-121.378693,39.362772],[-121.379681,39.362517],[-121.379714,39.362471],[-121.379996,39.362467],[-121.380586,39.362666],[-121.381354,39.362999],[-121.38209,39.363036],[-121.382326,39.36302],[-121.382747,39.36276],[-121.382842,39.362557],[-121.382733,39.362256],[-121.38278,39.361755],[-121.383861,39.361103],[-121.384375,39.360686],[-121.384742,39.36024],[-121.385407,39.359736],[-121.386168,39.359006],[-121.386294,39.358735],[-121.38634,39.358211],[-121.386967,39.357042],[-121.387855,39.355995],[-121.388663,39.35561],[-121.389297,39.355128],[-121.389892,39.354941],[-121.390244,39.354998],[-121.390619,39.355238],[-121.391361,39.35508],[-121.391725,39.354799],[-121.391855,39.354668],[-121.392563,39.35419],[-121.393432,39.353288],[-121.395087,39.352692],[-121.395723,39.352295],[-121.396013,39.352115],[-121.396207,39.351954],[-121.398404,39.350992],[-121.399721,39.350269],[-121.400513,39.349963],[-121.401601,39.349836],[-121.402485,39.349941],[-121.402955,39.349752],[-121.403218,39.349567],[-121.403447,39.349016],[-121.403441,39.348513],[-121.403263,39.348355],[-121.403112,39.348036],[-121.402606,39.347539],[-121.402593,39.346419],[-121.40323,39.345452],[-121.404078,39.344825],[-121.404546,39.344659],[-121.406108,39.344779],[-121.406756,39.344659],[-121.406996,39.34443],[-121.407143,39.343554],[-121.406987,39.343043],[-121.406485,39.342492],[-121.406086,39.342054],[-121.405785,39.341464],[-121.405941,39.340697],[-121.405968,39.340569],[-121.406219,39.340479],[-121.40705,39.340186],[-121.407217,39.339915],[-121.407244,39.339874],[-121.407527,39.339754],[-121.408723,39.339747],[-121.408961,39.339785],[-121.410637,39.339911],[-121.411252,39.33958],[-121.412199,39.339703],[-121.414156,39.340201],[-121.415072,39.340187],[-121.41566,39.340064],[-121.417272,39.339282],[-121.417569,39.339259],[-121.418717,39.339186],[-121.419204,39.33903],[-121.420826,39.338001],[-121.422302,39.336639],[-121.423672,39.33617],[-121.424435,39.335807],[-121.424559,39.335692],[-121.425144,39.335239],[-121.425492,39.335133],[-121.426258,39.334973],[-121.427844,39.335028],[-121.430224,39.335125],[-121.430579,39.335219],[-121.430993,39.335521],[-121.431463,39.336401],[-121.431789,39.336725],[-121.433121,39.337263],[-121.434813,39.337482],[-121.435856,39.336703],[-121.436421,39.336614],[-121.436747,39.336709],[-121.437371,39.336667],[-121.437788,39.336461],[-121.438209,39.335449],[-121.438539,39.334944],[-121.438897,39.3346],[-121.440624,39.333642],[-121.441461,39.33284],[-121.441602,39.332601],[-121.44161,39.332588],[-121.442022,39.332132],[-121.442815,39.331609],[-121.443344,39.331496],[-121.444576,39.331749],[-121.445546,39.331682],[-121.446104,39.331364],[-121.446544,39.330818],[-121.447014,39.330568],[-121.447631,39.330569],[-121.448395,39.330775],[-121.448894,39.331096],[-121.449333,39.331676],[-121.450417,39.333104],[-121.451914,39.333904],[-121.452413,39.334271],[-121.453146,39.334568],[-121.453733,39.33457],[-121.454379,39.334456],[-121.454761,39.33448],[-121.45573,39.33471],[-121.456844,39.335145],[-121.457578,39.335511],[-121.458136,39.335466],[-121.458489,39.335262],[-121.459431,39.332915],[-121.459696,39.332642],[-121.459777,39.332602],[-121.460177,39.332362],[-121.461265,39.332053],[-121.461357,39.331994],[-121.462829,39.331227],[-121.463096,39.331049],[-121.463114,39.331044],[-121.463588,39.330857],[-121.463739,39.330885],[-121.464039,39.330826],[-121.464962,39.331668],[-121.465074,39.331879],[-121.466291,39.332895],[-121.46726,39.333321],[-121.468646,39.333763],[-121.469002,39.333775],[-121.469474,39.333476],[-121.470047,39.333078],[-121.470547,39.332894],[-121.471019,39.332871],[-121.47146,39.332984],[-121.472167,39.333393],[-121.473434,39.333642],[-121.474551,39.333524],[-121.474964,39.333341],[-121.47542,39.33286],[-121.475732,39.332373],[-121.475795,39.332275],[-121.475886,39.33187],[-121.476329,39.33096],[-121.477245,39.329831],[-121.477778,39.328959],[-121.477998,39.328764],[-121.478621,39.328323],[-121.479991,39.327701],[-121.480333,39.327573],[-121.480361,39.327562],[-121.481596,39.32701],[-121.481853,39.32675],[-121.482782,39.326624],[-121.483174,39.326583],[-121.483793,39.326331],[-121.484087,39.326125],[-121.484557,39.324889],[-121.484555,39.323653],[-121.484436,39.322921],[-121.484523,39.32244],[-121.484905,39.321799],[-121.484905,39.321502],[-121.484698,39.321296],[-121.484199,39.321119],[-121.482955,39.320681],[-121.48263,39.320384],[-121.482628,39.320132],[-121.483333,39.319097],[-121.483567,39.31834],[-121.484127,39.317994],[-121.485247,39.317807],[-121.486673,39.317419],[-121.486731,39.317533],[-121.487472,39.317808],[-121.488271,39.318359],[-121.488686,39.31891],[-121.489487,39.319529],[-121.491144,39.319665],[-121.491821,39.319416],[-121.492345,39.319242],[-121.494859,39.319143],[-121.495317,39.319041],[-121.495843,39.318684],[-121.496368,39.317504],[-121.496422,39.3168],[-121.496463,39.316713],[-121.496472,39.316508],[-121.49648,39.316309],[-121.497206,39.314374],[-121.49777,39.314195],[-121.497901,39.314208],[-121.498045,39.31431],[-121.498377,39.314617],[-121.498546,39.315016],[-121.498641,39.31554],[-121.499351,39.316402],[-121.500347,39.316954],[-121.500601,39.316678],[-121.501053,39.316613],[-121.501698,39.316531],[-121.502088,39.316546],[-121.504117,39.317929],[-121.50441,39.318028],[-121.505652,39.317946],[-121.506393,39.317804],[-121.508061,39.317252],[-121.509131,39.317005],[-121.509827,39.317108],[-121.509896,39.317116],[-121.510986,39.317002],[-121.511958,39.317026],[-121.513077,39.317394],[-121.514579,39.317418],[-121.515905,39.31719],[-121.517142,39.317375],[-121.517496,39.317604],[-121.518201,39.318405],[-121.519761,39.319276],[-121.520851,39.319506],[-121.521234,39.319484],[-121.522944,39.318867],[-121.523562,39.318845],[-121.523975,39.318571],[-121.524505,39.31864],[-121.525212,39.318595],[-121.525508,39.318366],[-121.526598,39.318001],[-121.527364,39.31791],[-121.527865,39.317911],[-121.528601,39.318117],[-121.52922,39.318324],[-121.529897,39.318347],[-121.530545,39.318256],[-121.531636,39.317891],[-121.532137,39.317502],[-121.53255,39.316885],[-121.533494,39.316085],[-121.534408,39.315628],[-121.534968,39.315468],[-121.535351,39.315239],[-121.535588,39.31469],[-121.535657,39.314636],[-121.535694,39.314607],[-121.535971,39.314393],[-121.536413,39.31421],[-121.538122,39.314097],[-121.539594,39.314465],[-121.540537,39.314511],[-121.541421,39.314283],[-121.543218,39.313644],[-121.543573,39.313209],[-121.544073,39.313026],[-121.54428,39.312821],[-121.544781,39.312569],[-121.545871,39.312181],[-121.547109,39.312182],[-121.547315,39.312022],[-121.547375,39.311518],[-121.54711,39.3109],[-121.547995,39.309803],[-121.548379,39.309116],[-121.548733,39.308773],[-121.551208,39.307814],[-121.553181,39.307792],[-121.556333,39.30752],[-121.557335,39.307268],[-121.559339,39.306194],[-121.560665,39.306081],[-121.56199,39.306287],[-121.562373,39.306127],[-121.562638,39.30583],[-121.562757,39.305349],[-121.56314,39.305006],[-121.5637,39.304938],[-121.563965,39.304984],[-121.564583,39.305282],[-121.564936,39.305717],[-121.565112,39.30622],[-121.565583,39.306609],[-121.566732,39.307068],[-121.567585,39.307869],[-121.568204,39.308121],[-121.56852,39.308185],[-121.568611,39.308205],[-121.569302,39.308357],[-121.569678,39.308429],[-121.570471,39.308694],[-121.570995,39.308535],[-121.571378,39.308578],[-121.572345,39.309188],[-121.572704,39.309489],[-121.573114,39.309838],[-121.573567,39.310155],[-121.574185,39.310497],[-121.574649,39.310629],[-121.57497,39.310647],[-121.575301,39.31073],[-121.575693,39.310837],[-121.576029,39.310838],[-121.576438,39.310841],[-121.576637,39.310838],[-121.577299,39.31083],[-121.578024,39.310875],[-121.578418,39.310845],[-121.578865,39.310703],[-121.579396,39.310496],[-121.579874,39.310289],[-121.580795,39.309874],[-121.581254,39.30999],[-121.581725,39.310127],[-121.5824,39.310301],[-121.583556,39.31076],[-121.583639,39.310749],[-121.584316,39.311541],[-121.584626,39.311623],[-121.584957,39.311601],[-121.585268,39.311571],[-121.585757,39.311437],[-121.586215,39.311262],[-121.5868,39.310741],[-121.587085,39.31038],[-121.587082,39.310262],[-121.587618,39.30958],[-121.588393,39.308895],[-121.58917,39.308467],[-121.590368,39.308035],[-121.59241,39.307689],[-121.593281,39.307681],[-121.594183,39.307835],[-121.595057,39.30813],[-121.595394,39.308298],[-121.595434,39.309377],[-121.595491,39.310934],[-121.595505,39.311182],[-121.595521,39.311668],[-121.595534,39.311916],[-121.595538,39.312155],[-121.595624,39.314143],[-121.595701,39.315374],[-121.595933,39.318494],[-121.596124,39.320934],[-121.596169,39.321443],[-121.596217,39.321917],[-121.59668,39.325437],[-121.596778,39.326141],[-121.597027,39.328013],[-121.597333,39.330071],[-121.597546,39.331425],[-121.597618,39.331815],[-121.597611,39.331868],[-121.597874,39.333596],[-121.5981,39.335153],[-121.598292,39.336471],[-121.598455,39.337532],[-121.598493,39.33774],[-121.598582,39.338146],[-121.598737,39.338743],[-121.599318,39.340872],[-121.599366,39.341066],[-121.599576,39.341834],[-121.599703,39.342385],[-121.59985,39.343117],[-121.599958,39.343686],[-121.600007,39.343933],[-121.601184,39.349864],[-121.60122,39.350017],[-121.601282,39.350252],[-121.601341,39.350442],[-121.601482,39.350827],[-121.601562,39.351017],[-121.601649,39.351207],[-121.601847,39.35157],[-121.602987,39.353541],[-121.603199,39.353907],[-121.603612,39.354632],[-121.604946,39.35695],[-121.605132,39.357318],[-121.605216,39.357503],[-121.605298,39.357698],[-121.605532,39.358287],[-121.60645,39.360703],[-121.606598,39.361102],[-121.607596,39.363704],[-121.607747,39.36412],[-121.607928,39.364577],[-121.608146,39.365116],[-121.608636,39.366275],[-121.60911,39.367439],[-121.610632,39.371215],[-121.611444,39.373229],[-121.61184,39.374229],[-121.61199,39.374636],[-121.612254,39.375432],[-121.612618,39.376595],[-121.612686,39.376817],[-121.612937,39.378018],[-121.612974,39.378338],[-121.612986,39.378558],[-121.612973,39.378998],[-121.612909,39.379503],[-121.612741,39.380235],[-121.612156,39.382587],[-121.611486,39.385294],[-121.611395,39.385533],[-121.611295,39.385776],[-121.611215,39.385975],[-121.611124,39.38616],[-121.611026,39.386319],[-121.610901,39.38652],[-121.610793,39.386697],[-121.610653,39.386899],[-121.610311,39.387332],[-121.609043,39.388557],[-121.608413,39.389154],[-121.607879,39.38967],[-121.607525,39.390004],[-121.606002,39.391566],[-121.605705,39.391948],[-121.605562,39.392158],[-121.60545,39.392339],[-121.605385,39.39246],[-121.605306,39.392622],[-121.605265,39.392717],[-121.605179,39.392903],[-121.605057,39.3932],[-121.604951,39.393558],[-121.604905,39.393766],[-121.604832,39.394194],[-121.604784,39.396071],[-121.604788,39.39676],[-121.60479,39.397258],[-121.604791,39.397338],[-121.604821,39.399552],[-121.60482,39.399666],[-121.604809,39.400951],[-121.604801,39.401834],[-121.604802,39.403596],[-121.604802,39.404411],[-121.60482,39.406075],[-121.604826,39.407107],[-121.604834,39.408119],[-121.604841,39.408951],[-121.604822,39.411816],[-121.604839,39.415424],[-121.604981,39.422486],[-121.604991,39.422534],[-121.605068,39.422889],[-121.605067,39.423233],[-121.605065,39.424309],[-121.605064,39.424475],[-121.605064,39.424633],[-121.605063,39.425339],[-121.605064,39.425613],[-121.605065,39.425779],[-121.605068,39.426353],[-121.605081,39.427151],[-121.605082,39.42835],[-121.605083,39.428918],[-121.605083,39.428962],[-121.60508,39.430101],[-121.60508,39.430201],[-121.605079,39.430236],[-121.605066,39.430672],[-121.605065,39.430717],[-121.605062,39.430817],[-121.605061,39.430852],[-121.605061,39.430867],[-121.605058,39.431259],[-121.605061,39.431453],[-121.605057,39.431642],[-121.60506,39.432223],[-121.605052,39.433503],[-121.605039,39.434106],[-121.605021,39.434304],[-121.604995,39.434502],[-121.604961,39.4347],[-121.604912,39.434897],[-121.604782,39.43531],[-121.604708,39.435517],[-121.60453,39.435938],[-121.604331,39.436364],[-121.604223,39.436574],[-121.604108,39.436784],[-121.603985,39.436995],[-121.603724,39.437406],[-121.603438,39.437813],[-121.603127,39.438219],[-121.602961,39.43842],[-121.60261,39.438812],[-121.597854,39.443859],[-121.596905,39.444861],[-121.596289,39.445522],[-121.595966,39.445868],[-121.595592,39.446255],[-121.588789,39.453476],[-121.587592,39.45474],[-121.584087,39.45846],[-121.583504,39.459079],[-121.580492,39.462286],[-121.579374,39.463499],[-121.579092,39.463801],[-121.578922,39.463983],[-121.578467,39.464468],[-121.578119,39.464837],[-121.577535,39.465457],[-121.577312,39.465707],[-121.57771,39.465829],[-121.577527,39.466058],[-121.577896,39.466088],[-121.578761,39.465937],[-121.584189,39.466001],[-121.590164,39.466096],[-121.589881,39.466482],[-121.588266,39.467828],[-121.587555,39.468985],[-121.587874,39.468884],[-121.588493,39.469045],[-121.588375,39.469297],[-121.587371,39.469662],[-121.586249,39.470234],[-121.585688,39.470737],[-121.585687,39.471012],[-121.586426,39.471081],[-121.586839,39.470989],[-121.588729,39.469663],[-121.58929,39.469549],[-121.589645,39.469343],[-121.589763,39.469205],[-121.590235,39.469137],[-121.59186,39.468062],[-121.593041,39.467513],[-121.594163,39.466781],[-121.594754,39.46669],[-121.595669,39.46637],[-121.595994,39.466668],[-121.596301,39.466566],[-121.596614,39.466462],[-121.598208,39.466188],[-121.599064,39.466188],[-121.599153,39.466302],[-121.600363,39.466097],[-121.600604,39.465966],[-121.600954,39.465776],[-121.601988,39.464953],[-121.602578,39.46429],[-121.60269,39.464124],[-121.602761,39.463975],[-121.60311,39.46371],[-121.603208,39.463042],[-121.603781,39.462273],[-121.603868,39.462255],[-121.609163,39.461143],[-121.610843,39.460141],[-121.612437,39.458899],[-121.613082,39.458188],[-121.613039,39.457992],[-121.612905,39.457375],[-121.613249,39.456914],[-121.614425,39.456543],[-121.614471,39.456528],[-121.615323,39.456481],[-121.616141,39.456436],[-121.618259,39.456639],[-121.621319,39.456494],[-121.621562,39.456604],[-121.621946,39.456604],[-121.622684,39.456856],[-121.623185,39.457199],[-121.62334,39.457255],[-121.623469,39.457235],[-121.623578,39.457198],[-121.626064,39.456553],[-121.629985,39.45617],[-121.632974,39.455878],[-121.634873,39.455478],[-121.636412,39.455025],[-121.636587,39.455507],[-121.636819,39.455683],[-121.637,39.455758],[-121.637118,39.455872],[-121.639303,39.457611],[-121.639435,39.457688],[-121.638736,39.458274],[-121.638416,39.458536],[-121.637912,39.458958],[-121.637395,39.45938],[-121.637219,39.459518],[-121.636848,39.459775],[-121.636656,39.459894],[-121.636456,39.460009],[-121.635647,39.460441],[-121.632939,39.46186],[-121.632619,39.462035],[-121.632511,39.462094],[-121.631662,39.46257],[-121.629379,39.46389],[-121.628979,39.464138],[-121.628787,39.464271],[-121.62843,39.464555],[-121.628264,39.464706],[-121.628106,39.464857],[-121.627954,39.465018],[-121.627812,39.465178],[-121.627676,39.465343],[-121.62755,39.465518],[-121.627432,39.465692],[-121.627321,39.465871],[-121.627223,39.46605],[-121.627133,39.466233],[-121.627054,39.466422],[-121.626987,39.46661],[-121.626928,39.466799],[-121.62688,39.466987],[-121.626839,39.467181],[-121.626808,39.467369],[-121.626799,39.467451],[-121.626788,39.467558],[-121.626785,39.467617],[-121.626782,39.467694],[-121.62678,39.467747],[-121.62773,39.46772],[-121.629207,39.467746],[-121.630278,39.46772],[-121.630987,39.46772],[-121.631375,39.467694],[-121.631505,39.467728],[-121.631643,39.467823],[-121.631799,39.468048],[-121.63192,39.46816],[-121.632006,39.468238],[-121.632104,39.468785],[-121.632205,39.469033],[-121.632395,39.470571],[-121.632373,39.470715],[-121.631872,39.471418],[-121.63123,39.471424],[-121.631203,39.472688],[-121.631202,39.475616],[-121.631203,39.475752],[-121.631246,39.476276],[-121.631447,39.476111],[-121.631478,39.475741],[-121.631442,39.473857],[-121.632663,39.473857],[-121.633794,39.472984],[-121.633619,39.471871],[-121.635525,39.473638],[-121.635879,39.473546],[-121.636972,39.4727],[-121.639777,39.472839],[-121.639817,39.474285],[-121.638328,39.475518],[-121.638349,39.476241],[-121.637449,39.476246],[-121.63729,39.476377],[-121.635715,39.477682],[-121.635716,39.477876],[-121.635713,39.47842],[-121.635555,39.478406],[-121.634963,39.478358],[-121.633324,39.479983],[-121.632555,39.479919],[-121.632554,39.480313],[-121.632554,39.480504],[-121.632554,39.480822],[-121.632567,39.486014],[-121.632565,39.487388],[-121.632565,39.487722],[-121.632118,39.487714],[-121.632058,39.489215],[-121.631979,39.493812],[-121.635394,39.493768],[-121.635418,39.497845],[-121.634266,39.497845],[-121.631904,39.497845],[-121.631905,39.498077],[-121.63188,39.498593],[-121.62608,39.498608],[-121.622293,39.498616],[-121.622089,39.503654],[-121.622216,39.509132],[-121.613468,39.509138],[-121.613324,39.509156],[-121.612169,39.509356],[-121.611708,39.509416],[-121.611498,39.509448],[-121.609191,39.509795],[-121.609064,39.509805],[-121.60904,39.507898],[-121.604904,39.507873],[-121.604909,39.507555],[-121.60491,39.506738],[-121.60491,39.505292],[-121.604926,39.50356],[-121.604942,39.502663],[-121.605019,39.502448],[-121.607013,39.502462],[-121.606996,39.501169],[-121.607004,39.500299],[-121.606449,39.500293],[-121.604983,39.500236],[-121.604959,39.49864],[-121.604778,39.498648],[-121.604638,39.498654],[-121.604639,39.498213],[-121.60231,39.4982],[-121.601425,39.498229],[-121.600411,39.498225],[-121.600213,39.498221],[-121.599725,39.498197],[-121.598648,39.498201],[-121.597676,39.498189],[-121.597535,39.498194],[-121.596944,39.498178],[-121.596019,39.498187],[-121.593786,39.498201],[-121.592565,39.498154],[-121.59162,39.498188],[-121.589691,39.498166],[-121.586905,39.498207],[-121.586597,39.498199],[-121.586313,39.498198],[-121.585321,39.498205],[-121.583148,39.498185],[-121.58145,39.498195],[-121.580385,39.498191],[-121.580266,39.498218],[-121.579564,39.498238],[-121.579076,39.49824],[-121.578765,39.498228],[-121.578586,39.498222],[-121.578449,39.498221],[-121.578399,39.498781],[-121.578436,39.499588],[-121.578424,39.50034],[-121.578399,39.501425],[-121.578243,39.50226],[-121.578207,39.503095],[-121.578207,39.503475],[-121.578387,39.503818],[-121.578549,39.504738],[-121.577825,39.508355],[-121.576937,39.51046],[-121.576463,39.511054],[-121.575901,39.511512],[-121.575576,39.511649],[-121.574275,39.511694],[-121.573773,39.511625],[-121.572767,39.511716],[-121.572607,39.511747],[-121.572365,39.511794],[-121.571466,39.511968],[-121.56916,39.512973],[-121.568066,39.513339],[-121.567801,39.513457],[-121.566943,39.513842],[-121.565318,39.51423],[-121.563338,39.515167],[-121.562422,39.515327],[-121.559349,39.515485],[-121.554976,39.515963],[-121.554267,39.516146],[-121.553232,39.516854],[-121.551695,39.517608],[-121.550897,39.517791],[-121.55045,39.517834]]]}},{"type":"Feature","properties":{"district":"2"},"geometry":{"type":"Polygon","coordinates":[[[-121.843548,39.768206],[-121.843241,39.768193],[-121.842642,39.768204],[-121.841211,39.768229],[-121.840366,39.768244],[-121.839846,39.768242],[-121.839691,39.768242],[-121.839534,39.768246],[-121.83932,39.768252],[-121.838819,39.768292],[-121.837921,39.768293],[-121.837302,39.768278],[-121.837101,39.768292],[-121.836981,39.768301],[-121.835765,39.768271],[-121.834156,39.768294],[-121.833646,39.768311],[-121.833134,39.768455],[-121.832649,39.76879],[-121.832319,39.769181],[-121.832171,39.769533],[-121.831361,39.769399],[-121.830695,39.769364],[-121.829449,39.769391],[-121.828361,39.769466],[-121.828152,39.769445],[-121.826806,39.769314],[-121.826052,39.769226],[-121.825403,39.769214],[-121.824767,39.769263],[-121.822855,39.769259],[-121.82208,39.769399],[-121.822037,39.769407],[-121.820623,39.76963],[-121.820561,39.769631],[-121.819949,39.769601],[-121.818921,39.769566],[-121.817479,39.769326],[-121.81532,39.769326],[-121.81492,39.769315],[-121.814705,39.769326],[-121.814439,39.769353],[-121.81407,39.769404],[-121.813684,39.769471],[-121.812123,39.769796],[-121.811984,39.769845],[-121.811801,39.769896],[-121.811603,39.769934],[-121.810872,39.76995],[-121.810024,39.769942],[-121.809791,39.769925],[-121.809551,39.769891],[-121.809331,39.769845],[-121.809108,39.769784],[-121.808843,39.769693],[-121.808565,39.769579],[-121.80832,39.769462],[-121.80808,39.769328],[-121.807866,39.769192],[-121.806747,39.768075],[-121.805955,39.767315],[-121.802328,39.763805],[-121.802434,39.763747],[-121.803187,39.763325],[-121.804043,39.762715],[-121.804875,39.762489],[-121.805223,39.762394],[-121.805462,39.762333],[-121.806581,39.761814],[-121.806737,39.761802],[-121.807625,39.761732],[-121.80843,39.761724],[-121.808753,39.761693],[-121.808851,39.761656],[-121.809286,39.76149],[-121.809405,39.761445],[-121.809588,39.761375],[-121.809661,39.761366],[-121.809906,39.761338],[-121.809973,39.76133],[-121.81051,39.761266],[-121.810625,39.761264],[-121.811108,39.761256],[-121.811594,39.761249],[-121.81184,39.761245],[-121.812251,39.761238],[-121.812315,39.761238],[-121.81269,39.761237],[-121.81337,39.761236],[-121.814119,39.761217],[-121.8152,39.76119],[-121.818028,39.76118],[-121.8181,39.76118],[-121.819911,39.761167],[-121.821311,39.761147],[-121.823267,39.76112],[-121.824601,39.761102],[-121.826196,39.761088],[-121.827155,39.76108],[-121.827448,39.761077],[-121.827604,39.761074],[-121.828994,39.761048],[-121.829282,39.761042],[-121.829518,39.76104],[-121.834002,39.760995],[-121.834558,39.760991],[-121.834888,39.760989],[-121.83569,39.760983],[-121.836199,39.760975],[-121.837279,39.760957],[-121.838011,39.760949],[-121.838247,39.760946],[-121.838706,39.760942],[-121.841543,39.76091],[-121.841849,39.760907],[-121.843464,39.760889],[-121.845909,39.76081],[-121.847352,39.760763],[-121.848034,39.760757],[-121.849149,39.760927],[-121.849453,39.761008],[-121.849616,39.761052],[-121.849691,39.761069],[-121.849837,39.761103],[-121.850377,39.761228],[-121.852475,39.761631],[-121.852965,39.76162],[-121.853391,39.761443],[-121.853826,39.761262],[-121.854433,39.760884],[-121.854612,39.760773],[-121.854975,39.760553],[-121.855486,39.760245],[-121.855602,39.760175],[-121.855676,39.760128],[-121.856043,39.759898],[-121.856081,39.759875],[-121.85712,39.759252],[-121.857327,39.759113],[-121.85856,39.758413],[-121.86133,39.756746],[-121.861167,39.756547],[-121.860793,39.756156],[-121.859887,39.755297],[-121.859733,39.755122],[-121.858562,39.753981],[-121.85812,39.753482],[-121.857582,39.752953],[-121.85742,39.752756],[-121.85727,39.752598],[-121.85692,39.752245],[-121.856582,39.751906],[-121.856525,39.751849],[-121.855782,39.751104],[-121.855314,39.750618],[-121.854193,39.749489],[-121.853842,39.749058],[-121.853446,39.748555],[-121.853308,39.748379],[-121.852522,39.747281],[-121.851951,39.746532],[-121.851736,39.74625],[-121.851303,39.745616],[-121.851236,39.74551],[-121.851032,39.745186],[-121.851781,39.744861],[-121.85266,39.74448],[-121.852893,39.74439],[-121.853185,39.744277],[-121.853528,39.744143],[-121.853895,39.744001],[-121.854234,39.743882],[-121.854498,39.743811],[-121.854635,39.743769],[-121.854733,39.743735],[-121.854829,39.743697],[-121.855314,39.743493],[-121.859803,39.741579],[-121.860574,39.741225],[-121.8614,39.740857],[-121.861527,39.740801],[-121.861737,39.740715],[-121.862803,39.740278],[-121.86327,39.74007],[-121.863374,39.740026],[-121.864323,39.739622],[-121.865372,39.739157],[-121.866098,39.738818],[-121.866319,39.738715],[-121.867626,39.738188],[-121.867779,39.738086],[-121.867819,39.738036],[-121.867882,39.737957],[-121.867897,39.737864],[-121.867971,39.737744],[-121.868002,39.737695],[-121.868091,39.73757],[-121.868425,39.737103],[-121.868861,39.736494],[-121.869135,39.736111],[-121.869182,39.736046],[-121.867178,39.734986],[-121.866991,39.734892],[-121.866214,39.7345],[-121.865095,39.733934],[-121.864557,39.733663],[-121.864318,39.733542],[-121.86418,39.733463],[-121.864116,39.733427],[-121.863907,39.733316],[-121.86319,39.732933],[-121.863022,39.732844],[-121.862562,39.732599],[-121.862155,39.732383],[-121.861696,39.732163],[-121.861512,39.732079],[-121.861288,39.731952],[-121.860514,39.731567],[-121.860095,39.731353],[-121.859696,39.731143],[-121.858592,39.730738],[-121.858297,39.730668],[-121.857585,39.730428],[-121.856943,39.730028],[-121.856757,39.729912],[-121.85594,39.729312],[-121.855538,39.729016],[-121.85504,39.72865],[-121.855009,39.728627],[-121.85477,39.728455],[-121.854618,39.728347],[-121.854379,39.728175],[-121.85353,39.727566],[-121.853433,39.727497],[-121.853411,39.727479],[-121.852641,39.726874],[-121.853017,39.726867],[-121.85343,39.726859],[-121.856261,39.726869],[-121.857021,39.726872],[-121.857292,39.726873],[-121.857623,39.726874],[-121.85824,39.726876],[-121.858437,39.726806],[-121.85844,39.726635],[-121.859154,39.726979],[-121.85924,39.727021],[-121.859852,39.727106],[-121.860606,39.72721],[-121.860887,39.727244],[-121.86125,39.727287],[-121.861258,39.727701],[-121.860684,39.727699],[-121.860719,39.729896],[-121.862167,39.729871],[-121.862192,39.730529],[-121.862373,39.730526],[-121.862375,39.730632],[-121.862482,39.730629],[-121.862456,39.730054],[-121.862446,39.72984],[-121.86258,39.729834],[-121.863085,39.729827],[-121.86308,39.729636],[-121.863417,39.729623],[-121.863421,39.729315],[-121.863857,39.729318],[-121.863834,39.729574],[-121.863886,39.730609],[-121.863895,39.730857],[-121.865009,39.730911],[-121.864799,39.729787],[-121.865365,39.729793],[-121.865151,39.730795],[-121.865183,39.730896],[-121.865301,39.730909],[-121.865416,39.730923],[-121.865943,39.73089],[-121.866553,39.730884],[-121.866856,39.73088],[-121.867121,39.730865],[-121.867372,39.730875],[-121.867878,39.730883],[-121.868206,39.730863],[-121.868303,39.730857],[-121.868315,39.73002],[-121.868821,39.730029],[-121.868834,39.730878],[-121.86919,39.730893],[-121.869817,39.730885],[-121.870435,39.730905],[-121.870428,39.730497],[-121.870801,39.730497],[-121.870805,39.730917],[-121.871525,39.730876],[-121.873582,39.730925],[-121.874124,39.73091],[-121.874147,39.73091],[-121.874667,39.730915],[-121.875257,39.730926],[-121.876858,39.730885],[-121.877158,39.730885],[-121.877663,39.730898],[-121.878243,39.730879],[-121.878796,39.730854],[-121.879574,39.730868],[-121.879572,39.731003],[-121.879599,39.731993],[-121.879422,39.731993],[-121.87921,39.731977],[-121.879205,39.73273],[-121.881743,39.732705],[-121.881744,39.731993],[-121.881856,39.731994],[-121.881846,39.732704],[-121.881839,39.733226],[-121.881832,39.733758],[-121.881815,39.735072],[-121.881809,39.735535],[-121.880954,39.735536],[-121.880125,39.735536],[-121.879654,39.735527],[-121.879658,39.735783],[-121.879655,39.73615],[-121.879372,39.736143],[-121.87939,39.738256],[-121.876558,39.736987],[-121.875953,39.737829],[-121.875409,39.738568],[-121.875339,39.738663],[-121.875653,39.738797],[-121.875972,39.738933],[-121.877806,39.739716],[-121.878673,39.740121],[-121.879873,39.740634],[-121.88002,39.740661],[-121.880161,39.740727],[-121.880606,39.740934],[-121.881688,39.739364],[-121.881785,39.739224],[-121.88204,39.739417],[-121.882233,39.739465],[-121.882782,39.739696],[-121.882949,39.739749],[-121.883169,39.739821],[-121.883066,39.740015],[-121.882574,39.740844],[-121.881803,39.741032],[-121.881564,39.741378],[-121.881584,39.741388],[-121.883223,39.742069],[-121.886942,39.743595],[-121.888426,39.744265],[-121.891543,39.745609],[-121.892912,39.746169],[-121.89786,39.748268],[-121.902875,39.750413],[-121.90336,39.750591],[-121.904047,39.750825],[-121.904743,39.750993],[-121.906583,39.751334],[-121.909554,39.751835],[-121.914933,39.752774],[-121.917523,39.753203],[-121.918251,39.753293],[-121.919065,39.753337],[-121.920236,39.753342],[-121.932824,39.753336],[-121.93483,39.753342],[-121.938314,39.753341],[-121.940985,39.753348],[-121.941574,39.753344],[-121.942554,39.753346],[-121.942726,39.753346],[-121.943295,39.753342],[-121.946992,39.753348],[-121.947873,39.753338],[-121.949068,39.75334],[-121.950279,39.753333],[-121.954106,39.753327],[-121.954395,39.75333],[-121.954682,39.753323],[-121.955802,39.753315],[-121.956335,39.753307],[-121.956821,39.753306],[-121.957002,39.753306],[-121.958274,39.753306],[-121.959373,39.753316],[-121.960408,39.753312],[-121.961384,39.753316],[-121.96326,39.75331],[-121.964388,39.753311],[-121.964876,39.753306],[-121.96508,39.753304],[-121.967293,39.753305],[-121.967806,39.753301],[-121.968065,39.753302],[-121.96881,39.753305],[-121.969305,39.753314],[-121.970431,39.753324],[-121.970808,39.753327],[-121.971289,39.753332],[-121.971522,39.753334],[-121.972028,39.753347],[-121.97228,39.753345],[-121.972535,39.753338],[-121.97279,39.753323],[-121.97331,39.753278],[-121.973831,39.753201],[-121.974891,39.753026],[-121.975165,39.752988],[-121.975444,39.752954],[-121.976918,39.752841],[-121.978764,39.752713],[-121.979378,39.752674],[-121.982486,39.752453],[-121.98344,39.752389],[-121.984391,39.752357],[-121.984465,39.752356],[-121.98502,39.752354],[-121.98688,39.752379],[-121.987803,39.752396],[-121.988411,39.752401],[-121.990177,39.75243],[-121.991155,39.752454],[-121.991315,39.752458],[-121.991453,39.752459],[-121.991507,39.752459],[-121.992155,39.752465],[-121.99243,39.752454],[-121.992703,39.752434],[-121.992971,39.752405],[-121.993495,39.75231],[-121.99375,39.752249],[-121.993998,39.752175],[-121.994243,39.752091],[-121.994482,39.752003],[-121.994717,39.751906],[-121.994842,39.751851],[-121.995876,39.751397],[-121.996739,39.751055],[-121.998114,39.752403],[-121.998563,39.752647],[-121.998975,39.752873],[-122.001091,39.754557],[-122.008738,39.759233],[-122.01123,39.759924],[-122.013434,39.760423],[-122.015194,39.760816],[-122.016604,39.761423],[-122.018278,39.762573],[-122.020203,39.764409],[-122.021564,39.765395],[-122.022754,39.766385],[-122.023255,39.766788],[-122.02456,39.767942],[-122.025919,39.770338],[-122.027305,39.771611],[-122.029722,39.774959],[-122.03,39.775483],[-122.030247,39.775948],[-122.030793,39.776865],[-122.031503,39.777586],[-122.032417,39.778725],[-122.032635,39.779386],[-122.032375,39.780171],[-122.031569,39.780377],[-122.031455,39.780444],[-122.031256,39.781154],[-122.030982,39.781526],[-122.030874,39.781714],[-122.030634,39.782099],[-122.030289,39.782515],[-122.029837,39.783032],[-122.028663,39.784148],[-122.027567,39.785014],[-122.026468,39.786331],[-122.025594,39.788148],[-122.025131,39.790243],[-122.024979,39.791211],[-122.024924,39.791612],[-122.024687,39.793214],[-122.024294,39.7951],[-122.023986,39.796307],[-122.023828,39.797674],[-122.024182,39.798512],[-122.02528,39.799457],[-122.026498,39.800137],[-122.027911,39.800424],[-122.029412,39.800421],[-122.031408,39.800043],[-122.033149,39.799531],[-122.03362,39.799388],[-122.03582,39.798451],[-122.036597,39.797978],[-122.036712,39.797543],[-122.036786,39.797249],[-122.036422,39.796501],[-122.035946,39.796004],[-122.035957,39.795318],[-122.036796,39.79414],[-122.037798,39.79347],[-122.038201,39.793241],[-122.038833,39.792856],[-122.040126,39.792748],[-122.041776,39.793551],[-122.043456,39.794918],[-122.04559,39.79667],[-122.046471,39.797648],[-122.047375,39.798838],[-122.048496,39.800576],[-122.049358,39.802503],[-122.049954,39.803322],[-122.051845,39.803535],[-122.054275,39.804148],[-122.05716,39.805857],[-122.059142,39.807225],[-122.060896,39.808708],[-122.061697,39.809304],[-122.062099,39.809604],[-122.062636,39.809906],[-122.06393,39.810634],[-122.064851,39.811532],[-122.065326,39.812604],[-122.065258,39.813689],[-122.064571,39.8146],[-122.062861,39.815521],[-122.061808,39.816136],[-122.061328,39.816417],[-122.059927,39.817754],[-122.059111,39.819112],[-122.058776,39.820481],[-122.0585,39.821665],[-122.057915,39.822837],[-122.057905,39.822906],[-122.057368,39.82426],[-122.056547,39.825753],[-122.056665,39.827303],[-122.056836,39.827664],[-122.057308,39.828709],[-122.059742,39.83033],[-122.061807,39.831264],[-122.06322,39.832173],[-122.064499,39.833584],[-122.064607,39.833697],[-122.06518,39.83436],[-122.067361,39.837174],[-122.067685,39.83757],[-122.068279,39.838431],[-122.068685,39.839064],[-122.068858,39.839292],[-122.069431,39.84053],[-122.068744,39.842222],[-122.067931,39.843463],[-122.066943,39.844619],[-122.065298,39.845776],[-122.064614,39.846607],[-122.062947,39.84706],[-122.061252,39.848102],[-122.059209,39.849494],[-122.058318,39.850682],[-122.057552,39.852118],[-122.05727,39.852818],[-122.056486,39.854073],[-122.055997,39.855524],[-122.055388,39.857236],[-122.055459,39.857535],[-122.055933,39.858839],[-122.056189,39.859995],[-122.056209,39.860039],[-122.056382,39.861392],[-122.056469,39.862093],[-122.055693,39.863973],[-122.054413,39.865398],[-122.052505,39.866799],[-122.049954,39.86876],[-122.048911,39.869677],[-122.046613,39.872257],[-122.045051,39.874633],[-122.044495,39.875494],[-122.043859,39.876477],[-122.042906,39.877481],[-122.041556,39.878669],[-122.04103,39.879466],[-122.040789,39.879899],[-122.040842,39.880953],[-122.041106,39.88207],[-122.041768,39.882562],[-122.042959,39.883095],[-122.044865,39.883771],[-122.043052,39.883794],[-122.039125,39.88371],[-122.038795,39.883703],[-122.029531,39.883717],[-122.029301,39.883706],[-122.027772,39.883635],[-122.025834,39.883693],[-122.008165,39.883586],[-122.005288,39.883583],[-121.995553,39.883594],[-121.994047,39.883614],[-121.994,39.883613],[-121.993939,39.883612],[-121.993862,39.883654],[-121.993773,39.883678],[-121.993646,39.883687],[-121.993543,39.883689],[-121.992322,39.883668],[-121.992063,39.883671],[-121.992022,39.883671],[-121.981508,39.883501],[-121.980341,39.883526],[-121.980237,39.883528],[-121.976248,39.883467],[-121.970287,39.883464],[-121.970004,39.883464],[-121.968801,39.883427],[-121.962427,39.883466],[-121.942471,39.883427],[-121.940979,39.883315],[-121.927781,39.883318],[-121.927596,39.883319],[-121.92164,39.883343],[-121.921601,39.883343],[-121.921526,39.883343],[-121.921466,39.883343],[-121.921447,39.883343],[-121.921389,39.883344],[-121.919212,39.883353],[-121.884518,39.883208],[-121.884484,39.883208],[-121.884444,39.883208],[-121.884429,39.883209],[-121.880922,39.883357],[-121.876091,39.883561],[-121.873712,39.883994],[-121.873517,39.883995],[-121.869562,39.884015],[-121.860006,39.884062],[-121.843369,39.884145],[-121.827255,39.884241],[-121.81754,39.884284],[-121.812967,39.884304],[-121.811906,39.881814],[-121.809315,39.871815],[-121.806837,39.867905],[-121.804559,39.864311],[-121.802184,39.858662],[-121.800911,39.855603],[-121.800088,39.853625],[-121.799685,39.852716],[-121.796092,39.844096],[-121.793953,39.839059],[-121.794676,39.83909],[-121.795093,39.839021],[-121.795641,39.838817],[-121.796001,39.838376],[-121.796652,39.83779],[-121.798007,39.837187],[-121.799683,39.836588],[-121.800924,39.836107],[-121.802185,39.835355],[-121.805191,39.832831],[-121.805745,39.832257],[-121.80578,39.832072],[-121.806121,39.831804],[-121.806837,39.831542],[-121.808387,39.831129],[-121.809747,39.830711],[-121.811363,39.830081],[-121.813057,39.829782],[-121.814609,39.829301],[-121.816953,39.828647],[-121.819292,39.828109],[-121.820158,39.828063],[-121.82071,39.828223],[-121.821221,39.828599],[-121.823264,39.828052],[-121.825396,39.827237],[-121.829437,39.827272],[-121.830215,39.827175],[-121.831424,39.826693],[-121.832948,39.826505],[-121.83421,39.825609],[-121.839207,39.823204],[-121.840604,39.822484],[-121.841411,39.821801],[-121.843452,39.820073],[-121.84348,39.820052],[-121.844536,39.821568],[-121.844539,39.821054],[-121.844581,39.820706],[-121.844676,39.820264],[-121.844858,39.819787],[-121.84501,39.819437],[-121.845655,39.818714],[-121.846792,39.817647],[-121.847323,39.817042],[-121.847431,39.81692],[-121.847686,39.816468],[-121.84779,39.816202],[-121.847929,39.815847],[-121.848671,39.813246],[-121.849006,39.811919],[-121.849072,39.811299],[-121.849083,39.809895],[-121.849073,39.807477],[-121.849036,39.804858],[-121.848991,39.800827],[-121.848873,39.800254],[-121.848643,39.799685],[-121.848324,39.799216],[-121.844178,39.799209],[-121.84418,39.797611],[-121.844181,39.796695],[-121.844185,39.795259],[-121.844129,39.79468],[-121.844119,39.794018],[-121.844078,39.792088],[-121.844065,39.791325],[-121.843844,39.79133],[-121.843415,39.791329],[-121.841883,39.791346],[-121.841378,39.790462],[-121.843404,39.790431],[-121.843803,39.790429],[-121.844051,39.79043],[-121.843958,39.786893],[-121.843936,39.785398],[-121.843902,39.783064],[-121.843773,39.77698],[-121.843772,39.776914],[-121.843767,39.775949],[-121.843649,39.773904],[-121.843666,39.773607],[-121.843627,39.773397],[-121.84363,39.773175],[-121.843602,39.77175],[-121.843559,39.771084],[-121.843566,39.770931],[-121.843563,39.770705],[-121.843559,39.770459],[-121.84354,39.769108],[-121.843538,39.76894],[-121.843548,39.768206]]]}},{"type":"Feature","properties":{"district":"3"},"geometry":{"type":"Polygon","coordinates":[[[-121.785023,39.759568],[-121.785066,39.759407],[-121.785124,39.759122],[-121.785146,39.758865],[-121.78522,39.758634],[-121.785436,39.758365],[-121.785791,39.758179],[-121.786192,39.758076],[-121.787131,39.757783],[-121.788081,39.757246],[-121.78901,39.756507],[-121.789464,39.755934],[-121.790089,39.755032],[-121.790661,39.754512],[-121.790872,39.754339],[-121.791131,39.754097],[-121.791222,39.753961],[-121.7913,39.753845],[-121.79175,39.753221],[-121.791937,39.752821],[-121.792173,39.751867],[-121.792512,39.751371],[-121.792733,39.751228],[-121.792952,39.751134],[-121.793165,39.75102],[-121.793716,39.751],[-121.794406,39.751071],[-121.794978,39.751126],[-121.795072,39.751125],[-121.795187,39.751118],[-121.795323,39.751071],[-121.795402,39.751044],[-121.795581,39.750957],[-121.795897,39.750802],[-121.797504,39.749954],[-121.797972,39.749674],[-121.798251,39.749507],[-121.799213,39.749017],[-121.800325,39.748414],[-121.800729,39.748195],[-121.801326,39.747872],[-121.801643,39.747744],[-121.802648,39.747338],[-121.803913,39.746827],[-121.804079,39.74676],[-121.805577,39.74625],[-121.805953,39.746122],[-121.806489,39.74577],[-121.807488,39.745112],[-121.808751,39.744282],[-121.809448,39.743824],[-121.810379,39.743187],[-121.811309,39.74255],[-121.811972,39.74209],[-121.812706,39.74163],[-121.813328,39.741216],[-121.813563,39.741063],[-121.813909,39.740864],[-121.814117,39.74072],[-121.815175,39.739994],[-121.815395,39.739847],[-121.815573,39.73973],[-121.81614,39.739354],[-121.816368,39.739203],[-121.816452,39.739145],[-121.816662,39.739],[-121.817129,39.738679],[-121.817479,39.738455],[-121.817557,39.738404],[-121.817832,39.738229],[-121.818079,39.738018],[-121.818032,39.73747],[-121.818922,39.737339],[-121.81945,39.737134],[-121.819646,39.737001],[-121.819909,39.736822],[-121.818978,39.736157],[-121.816925,39.734643],[-121.816633,39.734439],[-121.815208,39.733361],[-121.814583,39.732828],[-121.81405,39.732346],[-121.81356,39.731829],[-121.813168,39.731372],[-121.812707,39.730798],[-121.811712,39.729504],[-121.811226,39.728902],[-121.809157,39.726128],[-121.809258,39.72608],[-121.80936,39.726031],[-121.810877,39.72527],[-121.811618,39.724997],[-121.812343,39.724933],[-121.814517,39.724911],[-121.815544,39.724939],[-121.816277,39.724883],[-121.816682,39.724748],[-121.817796,39.724148],[-121.818232,39.723899],[-121.818518,39.72369],[-121.818671,39.723605],[-121.819159,39.723332],[-121.819995,39.722886],[-121.820428,39.72249],[-121.820778,39.72217],[-121.820884,39.722067],[-121.821022,39.721934],[-121.821199,39.721762],[-121.820884,39.721484],[-121.82039,39.721047],[-121.820346,39.721008],[-121.819656,39.720353],[-121.819274,39.720057],[-121.819031,39.719869],[-121.81852,39.719391],[-121.818182,39.719118],[-121.817513,39.718534],[-121.81721,39.71827],[-121.816574,39.717715],[-121.81619,39.717402],[-121.816113,39.717337],[-121.815967,39.717213],[-121.815729,39.717036],[-121.815232,39.716584],[-121.815002,39.716355],[-121.813214,39.714796],[-121.812602,39.714249],[-121.812405,39.714043],[-121.811207,39.712982],[-121.810746,39.712568],[-121.81058,39.712497],[-121.810843,39.712305],[-121.811406,39.712783],[-121.811889,39.712874],[-121.812502,39.71299],[-121.813123,39.713333],[-121.813432,39.713333],[-121.813336,39.713239],[-121.810725,39.710367],[-121.810688,39.709183],[-121.810914,39.707831],[-121.811004,39.707773],[-121.813796,39.706002],[-121.814743,39.705431],[-121.815973,39.704693],[-121.8181,39.703344],[-121.819348,39.702495],[-121.821497,39.701098],[-121.821645,39.700993],[-121.821725,39.70108],[-121.824067,39.703637],[-121.826871,39.706249],[-121.82795,39.707028],[-121.832206,39.710869],[-121.832756,39.711373],[-121.832926,39.711381],[-121.835691,39.713778],[-121.839396,39.716621],[-121.840562,39.717546],[-121.840321,39.717502],[-121.841938,39.718797],[-121.842325,39.717819],[-121.842511,39.717414],[-121.842831,39.716715],[-121.843141,39.71573],[-121.843507,39.714924],[-121.843664,39.714526],[-121.843789,39.714575],[-121.843632,39.714973],[-121.843264,39.715785],[-121.842956,39.716763],[-121.842633,39.71747],[-121.842449,39.717872],[-121.843255,39.718077],[-121.84348,39.718467],[-121.843498,39.718499],[-121.843605,39.718605],[-121.844274,39.719273],[-121.845154,39.718614],[-121.845905,39.719327],[-121.846695,39.719982],[-121.848445,39.718827],[-121.848715,39.719032],[-121.848842,39.719128],[-121.849345,39.719549],[-121.849788,39.719936],[-121.850079,39.720196],[-121.850939,39.719592],[-121.852245,39.71869],[-121.851986,39.719852],[-121.853088,39.719783],[-121.853327,39.719748],[-121.853514,39.720664],[-121.853845,39.722635],[-121.855,39.722493],[-121.855267,39.724492],[-121.855501,39.72539],[-121.856259,39.725227],[-121.856325,39.725199],[-121.856585,39.72509],[-121.85697,39.725044],[-121.857029,39.725227],[-121.857715,39.726076],[-121.857929,39.726219],[-121.85857,39.726646],[-121.859192,39.726898],[-121.860496,39.727058],[-121.861249,39.727065],[-121.861251,39.727156],[-121.86125,39.727287],[-121.860887,39.727244],[-121.860606,39.72721],[-121.859852,39.727106],[-121.85924,39.727021],[-121.859154,39.726979],[-121.85844,39.726635],[-121.858437,39.726806],[-121.85824,39.726876],[-121.857623,39.726874],[-121.857292,39.726873],[-121.857021,39.726872],[-121.856261,39.726869],[-121.85343,39.726859],[-121.853017,39.726867],[-121.852641,39.726874],[-121.853411,39.727479],[-121.853433,39.727497],[-121.85353,39.727566],[-121.854379,39.728175],[-121.854618,39.728347],[-121.85477,39.728455],[-121.855009,39.728627],[-121.85504,39.72865],[-121.855538,39.729016],[-121.85594,39.729312],[-121.856757,39.729912],[-121.856943,39.730028],[-121.857585,39.730428],[-121.858297,39.730668],[-121.858592,39.730738],[-121.859696,39.731143],[-121.860095,39.731353],[-121.860514,39.731567],[-121.861288,39.731952],[-121.861512,39.732079],[-121.861696,39.732163],[-121.862155,39.732383],[-121.862562,39.732599],[-121.863022,39.732844],[-121.86319,39.732933],[-121.863907,39.733316],[-121.864116,39.733427],[-121.86418,39.733463],[-121.864318,39.733542],[-121.864557,39.733663],[-121.865095,39.733934],[-121.866214,39.7345],[-121.866991,39.734892],[-121.867178,39.734986],[-121.869182,39.736046],[-121.869135,39.736111],[-121.868861,39.736494],[-121.868425,39.737103],[-121.868091,39.73757],[-121.868002,39.737695],[-121.867971,39.737744],[-121.867897,39.737864],[-121.867882,39.737957],[-121.867819,39.738036],[-121.867779,39.738086],[-121.867626,39.738188],[-121.866319,39.738715],[-121.866098,39.738818],[-121.865372,39.739157],[-121.864323,39.739622],[-121.863374,39.740026],[-121.86327,39.74007],[-121.862803,39.740278],[-121.861737,39.740715],[-121.861527,39.740801],[-121.8614,39.740857],[-121.860574,39.741225],[-121.859803,39.741579],[-121.855314,39.743493],[-121.854829,39.743697],[-121.854733,39.743735],[-121.854635,39.743769],[-121.854498,39.743811],[-121.854234,39.743882],[-121.853895,39.744001],[-121.853528,39.744143],[-121.853185,39.744277],[-121.852893,39.74439],[-121.85266,39.74448],[-121.851781,39.744861],[-121.851032,39.745186],[-121.851236,39.74551],[-121.851303,39.745616],[-121.851736,39.74625],[-121.851951,39.746532],[-121.852522,39.747281],[-121.853308,39.748379],[-121.853446,39.748555],[-121.853842,39.749058],[-121.854193,39.749489],[-121.855314,39.750618],[-121.855782,39.751104],[-121.856525,39.751849],[-121.856582,39.751906],[-121.85692,39.752245],[-121.85727,39.752598],[-121.85742,39.752756],[-121.857582,39.752953],[-121.85812,39.753482],[-121.858562,39.753981],[-121.859733,39.755122],[-121.859887,39.755297],[-121.860793,39.756156],[-121.861167,39.756547],[-121.86133,39.756746],[-121.85856,39.758413],[-121.857327,39.759113],[-121.85712,39.759252],[-121.856081,39.759875],[-121.856043,39.759898],[-121.855676,39.760128],[-121.855602,39.760175],[-121.855486,39.760245],[-121.854975,39.760553],[-121.854612,39.760773],[-121.854433,39.760884],[-121.853826,39.761262],[-121.853391,39.761443],[-121.852965,39.76162],[-121.852475,39.761631],[-121.850377,39.761228],[-121.849837,39.761103],[-121.849691,39.761069],[-121.849616,39.761052],[-121.849453,39.761008],[-121.849149,39.760927],[-121.848034,39.760757],[-121.847352,39.760763],[-121.845909,39.76081],[-121.843464,39.760889],[-121.841849,39.760907],[-121.841543,39.76091],[-121.838706,39.760942],[-121.838247,39.760946],[-121.838011,39.760949],[-121.837279,39.760957],[-121.836199,39.760975],[-121.83569,39.760983],[-121.834888,39.760989],[-121.834558,39.760991],[-121.834002,39.760995],[-121.829518,39.76104],[-121.829282,39.761042],[-121.828994,39.761048],[-121.827604,39.761074],[-121.827448,39.761077],[-121.827155,39.76108],[-121.826196,39.761088],[-121.824601,39.761102],[-121.823267,39.76112],[-121.821311,39.761147],[-121.819911,39.761167],[-121.8181,39.76118],[-121.818028,39.76118],[-121.8152,39.76119],[-121.814119,39.761217],[-121.81337,39.761236],[-121.81269,39.761237],[-121.812315,39.761238],[-121.812251,39.761238],[-121.81184,39.761245],[-121.811594,39.761249],[-121.811108,39.761256],[-121.810625,39.761264],[-121.81051,39.761266],[-121.809973,39.76133],[-121.809906,39.761338],[-121.809661,39.761366],[-121.809588,39.761375],[-121.809405,39.761445],[-121.809286,39.76149],[-121.808851,39.761656],[-121.808753,39.761693],[-121.80843,39.761724],[-121.807625,39.761732],[-121.806737,39.761802],[-121.806581,39.761814],[-121.805462,39.762333],[-121.805223,39.762394],[-121.804875,39.762489],[-121.804043,39.762715],[-121.803187,39.763325],[-121.802434,39.763747],[-121.802328,39.763805],[-121.802282,39.765636],[-121.792641,39.77015],[-121.78463,39.776033],[-121.779641,39.777162],[-121.770241,39.778268],[-121.760628,39.782212],[-121.751088,39.791574],[-121.751088,39.791386],[-121.74819,39.794889],[-121.746617,39.796749],[-121.745203,39.798163],[-121.742792,39.800076],[-121.741036,39.801443],[-121.738726,39.80351],[-121.736489,39.805747],[-121.735559,39.806724],[-121.730493,39.806612],[-121.730437,39.810314],[-121.730404,39.815497],[-121.722698,39.815433],[-121.721708,39.815392],[-121.712676,39.815284],[-121.713293,39.810321],[-121.714317,39.806306],[-121.714445,39.805953],[-121.714458,39.80574],[-121.71373,39.805684],[-121.713781,39.805575],[-121.713882,39.805395],[-121.713997,39.805217],[-121.714126,39.805038],[-121.714266,39.804864],[-121.714413,39.804699],[-121.714572,39.804534],[-121.715804,39.803417],[-121.715972,39.803252],[-121.716132,39.803082],[-121.716282,39.802904],[-121.716417,39.802721],[-121.716543,39.802533],[-121.716654,39.802331],[-121.716758,39.802125],[-121.716855,39.801919],[-121.718019,39.799319],[-121.718274,39.798663],[-121.718293,39.798614],[-121.718525,39.79801],[-121.718563,39.797911],[-121.71906,39.797073],[-121.72046,39.79511],[-121.72187,39.792528],[-121.723379,39.788974],[-121.723879,39.787928],[-121.724382,39.786759],[-121.724709,39.786407],[-121.725603,39.785736],[-121.726417,39.785065],[-121.727155,39.784146],[-121.727408,39.783468],[-121.727704,39.782357],[-121.727993,39.781821],[-121.728562,39.781288],[-121.729692,39.780654],[-121.730683,39.77991],[-121.731142,39.779279],[-121.731801,39.777222],[-121.732441,39.777296],[-121.735125,39.777277],[-121.751088,39.772189],[-121.751088,39.771434],[-121.751011,39.768718],[-121.75529,39.768993],[-121.755273,39.768581],[-121.756453,39.768573],[-121.757052,39.76887],[-121.758359,39.768698],[-121.758155,39.768792],[-121.757893,39.768921],[-121.757704,39.769001],[-121.757511,39.769089],[-121.757318,39.769179],[-121.757082,39.769287],[-121.757073,39.769328],[-121.757095,39.769393],[-121.757144,39.769481],[-121.75718,39.769521],[-121.757284,39.769588],[-121.757423,39.76967],[-121.757531,39.76963],[-121.75773,39.769599],[-121.757798,39.769592],[-121.75794,39.769575],[-121.758161,39.769518],[-121.758307,39.769456],[-121.75838,39.769424],[-121.758685,39.769293],[-121.758852,39.769231],[-121.758941,39.769203],[-121.759305,39.769113],[-121.759487,39.769078],[-121.759747,39.769026],[-121.759995,39.768971],[-121.760157,39.76893],[-121.760319,39.76888],[-121.760401,39.76885],[-121.760713,39.768714],[-121.760785,39.768676],[-121.760919,39.768595],[-121.761099,39.768463],[-121.761157,39.768417],[-121.761217,39.768371],[-121.76129,39.768315],[-121.76146,39.768188],[-121.761522,39.768144],[-121.761583,39.768102],[-121.761647,39.768064],[-121.761904,39.767941],[-121.761969,39.767917],[-121.762106,39.767868],[-121.76225,39.767817],[-121.762403,39.767763],[-121.762558,39.767703],[-121.762789,39.767595],[-121.76293,39.767507],[-121.762993,39.76746],[-121.76314,39.767286],[-121.763215,39.767235],[-121.763814,39.76762],[-121.763898,39.767639],[-121.764005,39.767681],[-121.764067,39.767697],[-121.764135,39.767703],[-121.764388,39.767606],[-121.764587,39.767427],[-121.76472,39.767284],[-121.764765,39.767236],[-121.764811,39.767187],[-121.76497,39.767053],[-121.765187,39.766904],[-121.765361,39.766793],[-121.765421,39.766756],[-121.765547,39.766677],[-121.765672,39.7666],[-121.765905,39.76645],[-121.766064,39.766331],[-121.766119,39.76629],[-121.766176,39.766247],[-121.766312,39.766107],[-121.766383,39.765915],[-121.766436,39.76578],[-121.766463,39.765734],[-121.766494,39.765687],[-121.766619,39.765557],[-121.766808,39.765447],[-121.766927,39.765379],[-121.767036,39.765328],[-121.767151,39.765294],[-121.767308,39.765269],[-121.767411,39.765267],[-121.767494,39.765274],[-121.767557,39.765282],[-121.767611,39.765311],[-121.767672,39.76529],[-121.767742,39.765308],[-121.767825,39.765324],[-121.7681,39.765367],[-121.768211,39.765381],[-121.76832,39.76538],[-121.768397,39.765339],[-121.768813,39.765263],[-121.769051,39.765292],[-121.769227,39.765335],[-121.769377,39.76535],[-121.769648,39.765407],[-121.769934,39.76545],[-121.770142,39.765453],[-121.770397,39.765428],[-121.770661,39.765372],[-121.770889,39.765348],[-121.771501,39.76539],[-121.771741,39.765334],[-121.771956,39.765174],[-121.772363,39.764746],[-121.772888,39.764283],[-121.773239,39.764021],[-121.773714,39.76377],[-121.774585,39.763608],[-121.775348,39.763593],[-121.77562,39.763547],[-121.77601,39.763438],[-121.776313,39.76325],[-121.776565,39.763004],[-121.777005,39.762288],[-121.776928,39.762231],[-121.777392,39.762015],[-121.777955,39.761909],[-121.779363,39.761905],[-121.780808,39.76188],[-121.781273,39.761772],[-121.781511,39.761694],[-121.782013,39.76144],[-121.782334,39.761298],[-121.782749,39.761071],[-121.783486,39.760459],[-121.783775,39.760248],[-121.784086,39.760079],[-121.785023,39.759568]]]}},{"type":"Feature","properties":{"district":"4"},"geometry":{"type":"Polygon","coordinates":[[[-121.992132,39.629159],[-121.992364,39.6296],[-121.991598,39.630832],[-121.990971,39.631841],[-121.990454,39.635063],[-121.99073,39.636148],[-121.990829,39.636539],[-121.988073,39.639719],[-121.987175,39.642374],[-121.987075,39.643951],[-121.986818,39.644298],[-121.986391,39.644874],[-121.985801,39.64513],[-121.985072,39.645932],[-121.982759,39.647073],[-121.975987,39.648639],[-121.974586,39.648548],[-121.973977,39.648287],[-121.971086,39.647864],[-121.970046,39.647824],[-121.968778,39.648094],[-121.968188,39.648348],[-121.968005,39.648646],[-121.966908,39.650437],[-121.966623,39.652444],[-121.967334,39.654368],[-121.967829,39.654782],[-121.968096,39.655505],[-121.968229,39.655865],[-121.969193,39.656984],[-121.969857,39.657754],[-121.970024,39.657948],[-121.971784,39.659332],[-121.97272,39.660069],[-121.975087,39.661931],[-121.975823,39.663461],[-121.97765,39.66424],[-121.979008,39.664211],[-121.981386,39.663705],[-121.981827,39.663332],[-121.982323,39.662912],[-121.982819,39.662492],[-121.983732,39.66126],[-121.984822,39.660509],[-121.986883,39.66007],[-121.98824,39.660041],[-121.989831,39.660273],[-121.990771,39.660411],[-121.994223,39.661882],[-121.995327,39.662555],[-121.995955,39.66333],[-121.996495,39.663864],[-121.997162,39.665668],[-121.997493,39.667025],[-121.997348,39.668483],[-121.995548,39.670553],[-121.994343,39.671458],[-121.993868,39.671559],[-121.992149,39.671536],[-121.990727,39.67093],[-121.990252,39.671031],[-121.988399,39.670647],[-121.987923,39.670748],[-121.98675,39.670349],[-121.985145,39.670172],[-121.983083,39.67061],[-121.979906,39.672194],[-121.979564,39.672656],[-121.979292,39.672832],[-121.979021,39.673007],[-121.977769,39.673817],[-121.975295,39.674991],[-121.974794,39.675487],[-121.972073,39.676455],[-121.969694,39.676961],[-121.966281,39.676519],[-121.964765,39.676581],[-121.961435,39.677289],[-121.960198,39.677877],[-121.958568,39.679715],[-121.957718,39.681582],[-121.957344,39.686592],[-121.956919,39.687525],[-121.954071,39.688844],[-121.949629,39.689788],[-121.948906,39.689682],[-121.945892,39.690322],[-121.944915,39.690919],[-121.942402,39.694306],[-121.941583,39.698113],[-121.941843,39.699744],[-121.94251,39.700249],[-121.946035,39.7048],[-121.947022,39.70653],[-121.947613,39.708215],[-121.947438,39.711097],[-121.948891,39.713633],[-121.950035,39.714682],[-121.950951,39.715004],[-121.950771,39.715305],[-121.950929,39.715931],[-121.950791,39.716486],[-121.950908,39.71857],[-121.950793,39.719163],[-121.950765,39.71934],[-121.950411,39.719864],[-121.949611,39.721049],[-121.948336,39.723204],[-121.94681,39.724934],[-121.946615,39.725893],[-121.946532,39.726304],[-121.946585,39.726779],[-121.946575,39.728673],[-121.946681,39.729581],[-121.946937,39.730653],[-121.947267,39.731202],[-121.948285,39.732216],[-121.948671,39.732501],[-121.94962,39.732964],[-121.949868,39.733001],[-121.950114,39.732968],[-121.951342,39.732763],[-121.952407,39.73182],[-121.953215,39.729978],[-121.953471,39.729229],[-121.954038,39.727621],[-121.954203,39.727204],[-121.954367,39.726788],[-121.954502,39.726444],[-121.954638,39.7261],[-121.954824,39.725602],[-121.954985,39.725093],[-121.955042,39.723996],[-121.955495,39.723226],[-121.955593,39.720775],[-121.957239,39.719088],[-121.95956,39.718188],[-121.961161,39.717762],[-121.962524,39.717741],[-121.964034,39.718626],[-121.965804,39.719693],[-121.967001,39.720796],[-121.967845,39.721981],[-121.96786,39.722284],[-121.967868,39.722397],[-121.96792,39.723317],[-121.967443,39.724643],[-121.967127,39.725287],[-121.966782,39.725994],[-121.965981,39.72728],[-121.964996,39.728391],[-121.964358,39.728662],[-121.963981,39.728659],[-121.963451,39.728851],[-121.963241,39.728986],[-121.961232,39.730752],[-121.960653,39.732576],[-121.960609,39.733213],[-121.960168,39.734161],[-121.960445,39.735148],[-121.960566,39.735515],[-121.960518,39.735999],[-121.960472,39.736396],[-121.961582,39.738528],[-121.96315,39.740713],[-121.963796,39.741398],[-121.964344,39.741592],[-121.964536,39.741659],[-121.964583,39.741676],[-121.964784,39.741626],[-121.965428,39.741467],[-121.96552,39.741421],[-121.967067,39.740658],[-121.968613,39.739896],[-121.968917,39.739745],[-121.969222,39.739595],[-121.969363,39.739439],[-121.96936,39.739323],[-121.970088,39.737881],[-121.969766,39.736571],[-121.969285,39.735098],[-121.969166,39.734381],[-121.9693,39.733839],[-121.969724,39.733122],[-121.970385,39.732234],[-121.970676,39.732114],[-121.972413,39.731582],[-121.974457,39.731949],[-121.975194,39.73205],[-121.97706,39.732845],[-121.978568,39.732821],[-121.979807,39.732948],[-121.982176,39.733902],[-121.983353,39.734966],[-121.983846,39.735413],[-121.985118,39.73776],[-121.985322,39.737933],[-121.985686,39.738481],[-121.986036,39.739022],[-121.986385,39.739563],[-121.987321,39.741013],[-121.987463,39.741207],[-121.989226,39.743617],[-121.992896,39.747406],[-121.995164,39.749882],[-121.995988,39.750411],[-121.996379,39.750739],[-121.996711,39.75103],[-121.996739,39.751055],[-121.995876,39.751397],[-121.994842,39.751851],[-121.994717,39.751906],[-121.994482,39.752003],[-121.994243,39.752091],[-121.993998,39.752175],[-121.99375,39.752249],[-121.993495,39.75231],[-121.992971,39.752405],[-121.992703,39.752434],[-121.99243,39.752454],[-121.992155,39.752465],[-121.991507,39.752459],[-121.991453,39.752459],[-121.991315,39.752458],[-121.991155,39.752454],[-121.990177,39.75243],[-121.988411,39.752401],[-121.987803,39.752396],[-121.98688,39.752379],[-121.98502,39.752354],[-121.984465,39.752356],[-121.984391,39.752357],[-121.98344,39.752389],[-121.982486,39.752453],[-121.979378,39.752674],[-121.978764,39.752713],[-121.976918,39.752841],[-121.975444,39.752954],[-121.975165,39.752988],[-121.974891,39.753026],[-121.973831,39.753201],[-121.97331,39.753278],[-121.97279,39.753323],[-121.972535,39.753338],[-121.97228,39.753345],[-121.972028,39.753347],[-121.971522,39.753334],[-121.971289,39.753332],[-121.970808,39.753327],[-121.970431,39.753324],[-121.969305,39.753314],[-121.96881,39.753305],[-121.968065,39.753302],[-121.967806,39.753301],[-121.967293,39.753305],[-121.96508,39.753304],[-121.964876,39.753306],[-121.964388,39.753311],[-121.96326,39.75331],[-121.961384,39.753316],[-121.960408,39.753312],[-121.959373,39.753316],[-121.958274,39.753306],[-121.957002,39.753306],[-121.956821,39.753306],[-121.956335,39.753307],[-121.955802,39.753315],[-121.954682,39.753323],[-121.954395,39.75333],[-121.954106,39.753327],[-121.950279,39.753333],[-121.949068,39.75334],[-121.947873,39.753338],[-121.946992,39.753348],[-121.943295,39.753342],[-121.942726,39.753346],[-121.942554,39.753346],[-121.941574,39.753344],[-121.940985,39.753348],[-121.938314,39.753341],[-121.93483,39.753342],[-121.932824,39.753336],[-121.920236,39.753342],[-121.919065,39.753337],[-121.918251,39.753293],[-121.917523,39.753203],[-121.914933,39.752774],[-121.909554,39.751835],[-121.906583,39.751334],[-121.904743,39.750993],[-121.904047,39.750825],[-121.90336,39.750591],[-121.902875,39.750413],[-121.89786,39.748268],[-121.892912,39.746169],[-121.891543,39.745609],[-121.888426,39.744265],[-121.886942,39.743595],[-121.883223,39.742069],[-121.881584,39.741388],[-121.881564,39.741378],[-121.881803,39.741032],[-121.882574,39.740844],[-121.883066,39.740015],[-121.883169,39.739821],[-121.882949,39.739749],[-121.882782,39.739696],[-121.882233,39.739465],[-121.88204,39.739417],[-121.881785,39.739224],[-121.881688,39.739364],[-121.880606,39.740934],[-121.880161,39.740727],[-121.88002,39.740661],[-121.879873,39.740634],[-121.878673,39.740121],[-121.877806,39.739716],[-121.875972,39.738933],[-121.875653,39.738797],[-121.875339,39.738663],[-121.875409,39.738568],[-121.875953,39.737829],[-121.876558,39.736987],[-121.87939,39.738256],[-121.879372,39.736143],[-121.879655,39.73615],[-121.879658,39.735783],[-121.879654,39.735527],[-121.880125,39.735536],[-121.880954,39.735536],[-121.881809,39.735535],[-121.881815,39.735072],[-121.881832,39.733758],[-121.881839,39.733226],[-121.881846,39.732704],[-121.881856,39.731994],[-121.881744,39.731993],[-121.881743,39.732705],[-121.879205,39.73273],[-121.87921,39.731977],[-121.879422,39.731993],[-121.879599,39.731993],[-121.879572,39.731003],[-121.879574,39.730868],[-121.878796,39.730854],[-121.878243,39.730879],[-121.877663,39.730898],[-121.877158,39.730885],[-121.876858,39.730885],[-121.875257,39.730926],[-121.874667,39.730915],[-121.874147,39.73091],[-121.874124,39.73091],[-121.873582,39.730925],[-121.871525,39.730876],[-121.870805,39.730917],[-121.870801,39.730497],[-121.870428,39.730497],[-121.870435,39.730905],[-121.869817,39.730885],[-121.86919,39.730893],[-121.868834,39.730878],[-121.868821,39.730029],[-121.868315,39.73002],[-121.868303,39.730857],[-121.868206,39.730863],[-121.867878,39.730883],[-121.867372,39.730875],[-121.867121,39.730865],[-121.866856,39.73088],[-121.866553,39.730884],[-121.865943,39.73089],[-121.865416,39.730923],[-121.865301,39.730909],[-121.865183,39.730896],[-121.865151,39.730795],[-121.865365,39.729793],[-121.864799,39.729787],[-121.865009,39.730911],[-121.863895,39.730857],[-121.863886,39.730609],[-121.863834,39.729574],[-121.863857,39.729318],[-121.863421,39.729315],[-121.863417,39.729623],[-121.86308,39.729636],[-121.863085,39.729827],[-121.86258,39.729834],[-121.862446,39.72984],[-121.862456,39.730054],[-121.862482,39.730629],[-121.862375,39.730632],[-121.862373,39.730526],[-121.862192,39.730529],[-121.862167,39.729871],[-121.860719,39.729896],[-121.860684,39.727699],[-121.861258,39.727701],[-121.86125,39.727287],[-121.861251,39.727156],[-121.861249,39.727065],[-121.860496,39.727058],[-121.859192,39.726898],[-121.85857,39.726646],[-121.857929,39.726219],[-121.857715,39.726076],[-121.857029,39.725227],[-121.85697,39.725044],[-121.856585,39.72509],[-121.856325,39.725199],[-121.856259,39.725227],[-121.855501,39.72539],[-121.855267,39.724492],[-121.855,39.722493],[-121.853845,39.722635],[-121.853514,39.720664],[-121.853327,39.719748],[-121.853088,39.719783],[-121.851986,39.719852],[-121.852245,39.71869],[-121.850939,39.719592],[-121.850079,39.720196],[-121.849788,39.719936],[-121.849345,39.719549],[-121.848842,39.719128],[-121.848715,39.719032],[-121.848445,39.718827],[-121.846695,39.719982],[-121.845905,39.719327],[-121.845154,39.718614],[-121.844274,39.719273],[-121.843605,39.718605],[-121.843498,39.718499],[-121.84348,39.718467],[-121.843255,39.718077],[-121.842449,39.717872],[-121.842633,39.71747],[-121.842956,39.716763],[-121.843264,39.715785],[-121.843632,39.714973],[-121.843789,39.714575],[-121.843664,39.714526],[-121.843507,39.714924],[-121.843141,39.71573],[-121.842831,39.716715],[-121.842511,39.717414],[-121.842325,39.717819],[-121.841938,39.718797],[-121.840321,39.717502],[-121.840562,39.717546],[-121.839396,39.716621],[-121.835691,39.713778],[-121.832926,39.711381],[-121.832756,39.711373],[-121.832206,39.710869],[-121.82795,39.707028],[-121.826871,39.706249],[-121.824067,39.703637],[-121.821725,39.70108],[-121.821645,39.700993],[-121.821497,39.701098],[-121.819348,39.702495],[-121.8181,39.703344],[-121.815973,39.704693],[-121.814743,39.705431],[-121.813796,39.706002],[-121.811004,39.707773],[-121.810914,39.707831],[-121.810688,39.709183],[-121.810725,39.710367],[-121.813336,39.713239],[-121.813432,39.713333],[-121.813123,39.713333],[-121.812502,39.71299],[-121.811889,39.712874],[-121.811406,39.712783],[-121.810843,39.712305],[-121.81058,39.712497],[-121.810746,39.712568],[-121.811207,39.712982],[-121.812405,39.714043],[-121.812602,39.714249],[-121.813214,39.714796],[-121.815002,39.716355],[-121.815232,39.716584],[-121.815729,39.717036],[-121.815967,39.717213],[-121.816113,39.717337],[-121.81619,39.717402],[-121.816574,39.717715],[-121.81721,39.71827],[-121.817513,39.718534],[-121.818182,39.719118],[-121.81852,39.719391],[-121.819031,39.719869],[-121.819274,39.720057],[-121.819656,39.720353],[-121.820346,39.721008],[-121.82039,39.721047],[-121.820884,39.721484],[-121.821199,39.721762],[-121.821022,39.721934],[-121.820884,39.722067],[-121.820778,39.72217],[-121.820428,39.72249],[-121.819995,39.722886],[-121.819159,39.723332],[-121.818671,39.723605],[-121.818518,39.72369],[-121.818232,39.723899],[-121.817796,39.724148],[-121.816682,39.724748],[-121.816277,39.724883],[-121.815544,39.724939],[-121.814517,39.724911],[-121.812343,39.724933],[-121.811618,39.724997],[-121.810877,39.72527],[-121.80936,39.726031],[-121.809258,39.72608],[-121.809157,39.726128],[-121.811226,39.728902],[-121.811712,39.729504],[-121.812707,39.730798],[-121.813168,39.731372],[-121.81356,39.731829],[-121.81405,39.732346],[-121.814583,39.732828],[-121.815208,39.733361],[-121.816633,39.734439],[-121.816925,39.734643],[-121.818978,39.736157],[-121.818584,39.736424],[-121.818207,39.736646],[-121.817953,39.736753],[-121.817163,39.736932],[-121.816587,39.737042],[-121.812153,39.737893],[-121.811666,39.738059],[-121.807625,39.73887],[-121.806476,39.739093],[-121.805922,39.739202],[-121.805611,39.739269],[-121.805359,39.739323],[-121.80485,39.739427],[-121.803763,39.73962],[-121.802788,39.739793],[-121.801282,39.740061],[-121.801005,39.740122],[-121.800568,39.740219],[-121.799896,39.740368],[-121.79563,39.741187],[-121.791841,39.742002],[-121.791779,39.741756],[-121.791514,39.741294],[-121.790855,39.740713],[-121.790437,39.740503],[-121.789279,39.740108],[-121.788591,39.739814],[-121.78837,39.739654],[-121.788224,39.739523],[-121.788004,39.739344],[-121.787898,39.739186],[-121.787835,39.739093],[-121.787778,39.738961],[-121.787651,39.738667],[-121.787598,39.738213],[-121.787612,39.736159],[-121.787531,39.734727],[-121.78746,39.733459],[-121.787455,39.733301],[-121.787425,39.732441],[-121.787372,39.73103],[-121.78737,39.729262],[-121.787379,39.72863],[-121.787379,39.726266],[-121.787382,39.721646],[-121.787386,39.716044],[-121.787406,39.715675],[-121.787489,39.715031],[-121.787531,39.714944],[-121.787728,39.714534],[-121.788101,39.714002],[-121.788331,39.713432],[-121.788366,39.71312],[-121.788338,39.712895],[-121.788271,39.712359],[-121.789299,39.712177],[-121.789436,39.71214],[-121.790131,39.71198],[-121.790121,39.711448],[-121.790106,39.710675],[-121.787518,39.710408],[-121.787451,39.709676],[-121.789138,39.709437],[-121.789181,39.709401],[-121.789153,39.709406],[-121.788983,39.70858],[-121.787227,39.708901],[-121.787227,39.708379],[-121.787436,39.708291],[-121.787567,39.708261],[-121.787698,39.708255],[-121.787793,39.70829],[-121.787942,39.708319],[-121.788083,39.708313],[-121.78815,39.708261],[-121.788249,39.708148],[-121.788269,39.708027],[-121.788277,39.707872],[-121.788276,39.707833],[-121.788256,39.707713],[-121.788148,39.707737],[-121.787987,39.707691],[-121.787754,39.707548],[-121.787665,39.70744],[-121.787622,39.707485],[-121.787593,39.707504],[-121.787559,39.707528],[-121.787476,39.707561],[-121.787323,39.707608],[-121.78732,39.707488],[-121.787314,39.707278],[-121.787239,39.704609],[-121.789912,39.70497],[-121.786767,39.702177],[-121.785836,39.701354],[-121.785671,39.701207],[-121.785293,39.700869],[-121.783037,39.698857],[-121.782594,39.698462],[-121.781997,39.697927],[-121.781321,39.697322],[-121.780306,39.696393],[-121.779523,39.695709],[-121.778882,39.695137],[-121.777988,39.694341],[-121.777961,39.694317],[-121.776895,39.693373],[-121.776263,39.692814],[-121.775338,39.691984],[-121.773949,39.690733],[-121.772008,39.688994],[-121.771017,39.688105],[-121.769777,39.687005],[-121.767823,39.685255],[-121.767046,39.684571],[-121.766442,39.684041],[-121.76279,39.680774],[-121.76064,39.678883],[-121.759618,39.67798],[-121.758337,39.676894],[-121.757803,39.676477],[-121.757237,39.676035],[-121.757192,39.676],[-121.755243,39.674522],[-121.753389,39.67313],[-121.750866,39.671219],[-121.748431,39.669365],[-121.745845,39.667391],[-121.745363,39.667051],[-121.745093,39.666848],[-121.743692,39.665793],[-121.742965,39.665246],[-121.741549,39.66418],[-121.738435,39.661778],[-121.734712,39.658715],[-121.734476,39.65852],[-121.732442,39.656693],[-121.730995,39.655431],[-121.729553,39.654173],[-121.724914,39.650071],[-121.723488,39.648815],[-121.720626,39.646348],[-121.719865,39.645644],[-121.719569,39.645375],[-121.719034,39.644898],[-121.71858,39.644516],[-121.717905,39.64394],[-121.717235,39.643342],[-121.716397,39.642626],[-121.71594,39.642273],[-121.714649,39.642272],[-121.713661,39.642264],[-121.712753,39.642256],[-121.712625,39.642252],[-121.71252,39.642249],[-121.712285,39.642228],[-121.712051,39.642194],[-121.711819,39.642142],[-121.71159,39.642081],[-121.711364,39.642006],[-121.711147,39.641923],[-121.710935,39.641821],[-121.71052,39.641605],[-121.707749,39.640033],[-121.707531,39.639914],[-121.707303,39.639799],[-121.707071,39.639697],[-121.706833,39.639604],[-121.706592,39.63952],[-121.70644,39.639478],[-121.706348,39.63945],[-121.706186,39.63941],[-121.706101,39.639389],[-121.705849,39.639332],[-121.705595,39.639289],[-121.70534,39.639254],[-121.70508,39.639229],[-121.704823,39.639212],[-121.704306,39.639202],[-121.703577,39.639201],[-121.703012,39.639201],[-121.702204,39.639206],[-121.700569,39.639228],[-121.696933,39.635943],[-121.696101,39.635319],[-121.694983,39.634254],[-121.693569,39.633013],[-121.690818,39.630614],[-121.684382,39.624999],[-121.682876,39.624252],[-121.681977,39.623798],[-121.68171,39.623658],[-121.666357,39.623758],[-121.665943,39.623895],[-121.665588,39.623849],[-121.665419,39.623784],[-121.664335,39.623787],[-121.660054,39.623837],[-121.648962,39.623934],[-121.649077,39.624334],[-121.649018,39.624654],[-121.648781,39.624883],[-121.648633,39.625112],[-121.648544,39.625867],[-121.648397,39.626027],[-121.64813,39.626142],[-121.646651,39.626257],[-121.645615,39.626737],[-121.644727,39.627035],[-121.644254,39.627378],[-121.644136,39.627767],[-121.644343,39.62795],[-121.644343,39.628248],[-121.643751,39.628499],[-121.643396,39.628843],[-121.643396,39.629232],[-121.643751,39.629689],[-121.643722,39.630193],[-121.643367,39.630948],[-121.643367,39.631726],[-121.642243,39.632069],[-121.641444,39.632436],[-121.64023,39.632779],[-121.639579,39.633397],[-121.639343,39.633923],[-121.639224,39.634449],[-121.638929,39.634587],[-121.638517,39.634556],[-121.638526,39.634427],[-121.638525,39.634219],[-121.638453,39.632119],[-121.638407,39.631042],[-121.638394,39.630826],[-121.638374,39.630609],[-121.638348,39.630393],[-121.638276,39.629959],[-121.637935,39.628253],[-121.637834,39.627832],[-121.637773,39.627624],[-121.637701,39.627416],[-121.637618,39.627213],[-121.637526,39.627009],[-121.637422,39.626805],[-121.637076,39.626211],[-121.635995,39.624392],[-121.63574,39.623992],[-121.635599,39.623801],[-121.635447,39.623615],[-121.635286,39.623433],[-121.635117,39.623255],[-121.634939,39.623077],[-121.634751,39.622908],[-121.634557,39.622744],[-121.634355,39.622588],[-121.634241,39.622509],[-121.634145,39.622442],[-121.633927,39.622299],[-121.633704,39.622162],[-121.633563,39.62208],[-121.633473,39.622028],[-121.633063,39.621814],[-121.632274,39.621402],[-121.629454,39.619945],[-121.629177,39.619801],[-121.627866,39.61912],[-121.62765,39.618991],[-121.62744,39.618858],[-121.627235,39.61872],[-121.627035,39.618578],[-121.62684,39.618423],[-121.626655,39.618263],[-121.626303,39.617925],[-121.626139,39.617748],[-121.625931,39.617493],[-121.625839,39.617379],[-121.625704,39.617184],[-121.625581,39.616989],[-121.625467,39.616789],[-121.625361,39.616585],[-121.625268,39.616372],[-121.625183,39.61616],[-121.625109,39.615943],[-121.62508,39.615841],[-121.624299,39.613117],[-121.624017,39.612109],[-121.622879,39.608118],[-121.622825,39.607927],[-121.622559,39.606984],[-121.622374,39.606369],[-121.622304,39.606165],[-121.622224,39.605966],[-121.622134,39.605767],[-121.622036,39.605572],[-121.621929,39.605381],[-121.621812,39.605195],[-121.621686,39.605013],[-121.621554,39.604841],[-121.621473,39.604742],[-121.621154,39.604387],[-121.620913,39.604163],[-121.620649,39.603946],[-121.620509,39.603846],[-121.619814,39.603381],[-121.618684,39.60278],[-121.618133,39.602517],[-121.618274,39.602372],[-121.618359,39.602278],[-121.618439,39.602184],[-121.618466,39.602147],[-121.618515,39.602088],[-121.61859,39.60199],[-121.61866,39.601891],[-121.619311,39.600905],[-121.619527,39.600521],[-121.619719,39.600128],[-121.619896,39.599744],[-121.62001,39.599481],[-121.6202,39.59895],[-121.620369,39.598381],[-121.620569,39.5975],[-121.620625,39.597051],[-121.620665,39.596595],[-121.620697,39.59601],[-121.620681,39.595505],[-121.620657,39.594992],[-121.620445,39.593847],[-121.620201,39.592441],[-121.619795,39.589864],[-121.619606,39.588586],[-121.61928,39.587306],[-121.619223,39.587084],[-121.619362,39.587304],[-121.619271,39.586494],[-121.619254,39.585745],[-121.619426,39.585048],[-121.619635,39.584686],[-121.619669,39.584626],[-121.619844,39.584323],[-121.62023,39.583927],[-121.620771,39.583519],[-121.621362,39.583224],[-121.622307,39.582946],[-121.623205,39.582845],[-121.623336,39.58285],[-121.623641,39.582863],[-121.623021,39.58239],[-121.622566,39.58201],[-121.622532,39.581981],[-121.622042,39.581524],[-121.621182,39.580642],[-121.620404,39.579635],[-121.619852,39.578997],[-121.618905,39.577904],[-121.616549,39.57508],[-121.615974,39.574328],[-121.615298,39.573445],[-121.613155,39.57085],[-121.612339,39.569872],[-121.610884,39.568111],[-121.610559,39.567724],[-121.609946,39.566978],[-121.606716,39.563069],[-121.605904,39.5621],[-121.604288,39.560143],[-121.603797,39.559556],[-121.603545,39.559251],[-121.602223,39.557652],[-121.60166,39.556972],[-121.601533,39.556813],[-121.601062,39.556248],[-121.600947,39.556116],[-121.599187,39.553991],[-121.597856,39.552376],[-121.596449,39.550683],[-121.596144,39.550315],[-121.59597,39.550096],[-121.594064,39.547803],[-121.593614,39.547254],[-121.592709,39.546151],[-121.592637,39.546066],[-121.592369,39.54575],[-121.59136,39.544531],[-121.590849,39.543934],[-121.586832,39.539426],[-121.58646,39.539002],[-121.586081,39.538583],[-121.585525,39.537955],[-121.585298,39.537649],[-121.585195,39.53751],[-121.585165,39.537549],[-121.582765,39.534853],[-121.580276,39.53206],[-121.580054,39.53181],[-121.579586,39.531283],[-121.579296,39.53129],[-121.579143,39.531118],[-121.579435,39.531113],[-121.579669,39.531109],[-121.580142,39.531046],[-121.580554,39.531026],[-121.580999,39.530842],[-121.581475,39.530718],[-121.583944,39.530655],[-121.587166,39.529863],[-121.588272,39.529526],[-121.588827,39.529304],[-121.589461,39.529196],[-121.591229,39.528707],[-121.593091,39.528257],[-121.593317,39.528223],[-121.593594,39.52805],[-121.594016,39.527585],[-121.594803,39.526514],[-121.594791,39.526345],[-121.594832,39.525446],[-121.594858,39.524203],[-121.594771,39.52408],[-121.593854,39.524081],[-121.59348,39.524081],[-121.592469,39.524087],[-121.591591,39.524081],[-121.59058,39.524083],[-121.590241,39.524082],[-121.589272,39.52408],[-121.588982,39.524085],[-121.588691,39.524082],[-121.588147,39.524087],[-121.588147,39.523998],[-121.588153,39.522111],[-121.585032,39.522025],[-121.585045,39.523791],[-121.584995,39.524082],[-121.58464,39.524087],[-121.584296,39.524085],[-121.583937,39.524083],[-121.583501,39.524086],[-121.583057,39.524081],[-121.582935,39.524081],[-121.582522,39.524083],[-121.58244,39.524087],[-121.582393,39.524082],[-121.58166,39.524086],[-121.581407,39.524083],[-121.581249,39.524086],[-121.581173,39.52408],[-121.580503,39.524086],[-121.578715,39.524077],[-121.578387,39.524082],[-121.577944,39.524077],[-121.576733,39.52408],[-121.576453,39.524079],[-121.576501,39.52381],[-121.576199,39.522764],[-121.576155,39.522499],[-121.576211,39.521923],[-121.578065,39.521909],[-121.578387,39.521906],[-121.578392,39.521351],[-121.578395,39.52096],[-121.578397,39.520727],[-121.576449,39.520648],[-121.576527,39.519725],[-121.576577,39.518293],[-121.576192,39.518456],[-121.576205,39.517587],[-121.576066,39.517594],[-121.575803,39.517607],[-121.575249,39.51759],[-121.575332,39.517534],[-121.575628,39.517151],[-121.575017,39.515332],[-121.57498,39.515254],[-121.574323,39.515331],[-121.574272,39.515259],[-121.574007,39.514879],[-121.573078,39.515496],[-121.572616,39.51556],[-121.572493,39.514631],[-121.572588,39.513432],[-121.573421,39.513088],[-121.574009,39.511834],[-121.574376,39.511815],[-121.574621,39.511829],[-121.575027,39.511778],[-121.575094,39.511762],[-121.575542,39.51169],[-121.575576,39.511649],[-121.575901,39.511512],[-121.576463,39.511054],[-121.576937,39.51046],[-121.577825,39.508355],[-121.578549,39.504738],[-121.578387,39.503818],[-121.578207,39.503475],[-121.578207,39.503095],[-121.578243,39.50226],[-121.578399,39.501425],[-121.578424,39.50034],[-121.578436,39.499588],[-121.578399,39.498781],[-121.578449,39.498221],[-121.578586,39.498222],[-121.578765,39.498228],[-121.579076,39.49824],[-121.579564,39.498238],[-121.580266,39.498218],[-121.580385,39.498191],[-121.58145,39.498195],[-121.583148,39.498185],[-121.585321,39.498205],[-121.586313,39.498198],[-121.586597,39.498199],[-121.586905,39.498207],[-121.589691,39.498166],[-121.59162,39.498188],[-121.592565,39.498154],[-121.593786,39.498201],[-121.596019,39.498187],[-121.596944,39.498178],[-121.597535,39.498194],[-121.597676,39.498189],[-121.598648,39.498201],[-121.599725,39.498197],[-121.600213,39.498221],[-121.600411,39.498225],[-121.601425,39.498229],[-121.60231,39.4982],[-121.604639,39.498213],[-121.604638,39.498654],[-121.604778,39.498648],[-121.604959,39.49864],[-121.604983,39.500236],[-121.606449,39.500293],[-121.607004,39.500299],[-121.606996,39.501169],[-121.607013,39.502462],[-121.605019,39.502448],[-121.604942,39.502663],[-121.604926,39.50356],[-121.60491,39.505292],[-121.60491,39.506738],[-121.604909,39.507555],[-121.604904,39.507873],[-121.60904,39.507898],[-121.609064,39.509805],[-121.609191,39.509795],[-121.611498,39.509448],[-121.611708,39.509416],[-121.612169,39.509356],[-121.613324,39.509156],[-121.613468,39.509138],[-121.622216,39.509132],[-121.622089,39.503654],[-121.622293,39.498616],[-121.62608,39.498608],[-121.63188,39.498593],[-121.631905,39.498077],[-121.631904,39.497845],[-121.634266,39.497845],[-121.635418,39.497845],[-121.635394,39.493768],[-121.631979,39.493812],[-121.632058,39.489215],[-121.632118,39.487714],[-121.632565,39.487722],[-121.632565,39.487388],[-121.632567,39.486014],[-121.632554,39.480822],[-121.632554,39.480504],[-121.632554,39.480313],[-121.632555,39.479919],[-121.633324,39.479983],[-121.634963,39.478358],[-121.635555,39.478406],[-121.635713,39.47842],[-121.635716,39.477876],[-121.635715,39.477682],[-121.63729,39.476377],[-121.637449,39.476246],[-121.638349,39.476241],[-121.638328,39.475518],[-121.639817,39.474285],[-121.639777,39.472839],[-121.636972,39.4727],[-121.635879,39.473546],[-121.635525,39.473638],[-121.633619,39.471871],[-121.633794,39.472984],[-121.632663,39.473857],[-121.631442,39.473857],[-121.631478,39.475741],[-121.631447,39.476111],[-121.631246,39.476276],[-121.631203,39.475752],[-121.631202,39.475616],[-121.631203,39.472688],[-121.63123,39.471424],[-121.631872,39.471418],[-121.632373,39.470715],[-121.632395,39.470571],[-121.632205,39.469033],[-121.632104,39.468785],[-121.632006,39.468238],[-121.63192,39.46816],[-121.631799,39.468048],[-121.631643,39.467823],[-121.631505,39.467728],[-121.631375,39.467694],[-121.630987,39.46772],[-121.630278,39.46772],[-121.629207,39.467746],[-121.62773,39.46772],[-121.62678,39.467747],[-121.626782,39.467694],[-121.626785,39.467617],[-121.626788,39.467558],[-121.626799,39.467451],[-121.626808,39.467369],[-121.626839,39.467181],[-121.62688,39.466987],[-121.626928,39.466799],[-121.626987,39.46661],[-121.627054,39.466422],[-121.627133,39.466233],[-121.627223,39.46605],[-121.627321,39.465871],[-121.627432,39.465692],[-121.62755,39.465518],[-121.627676,39.465343],[-121.627812,39.465178],[-121.627954,39.465018],[-121.628106,39.464857],[-121.628264,39.464706],[-121.62843,39.464555],[-121.628787,39.464271],[-121.628979,39.464138],[-121.629379,39.46389],[-121.631662,39.46257],[-121.632511,39.462094],[-121.632619,39.462035],[-121.632939,39.46186],[-121.635647,39.460441],[-121.636456,39.460009],[-121.636656,39.459894],[-121.636848,39.459775],[-121.637219,39.459518],[-121.637395,39.45938],[-121.637912,39.458958],[-121.638416,39.458536],[-121.638736,39.458274],[-121.639435,39.457688],[-121.639303,39.457611],[-121.637118,39.455872],[-121.637,39.455758],[-121.636819,39.455683],[-121.636587,39.455507],[-121.636412,39.455025],[-121.634873,39.455478],[-121.632974,39.455878],[-121.629985,39.45617],[-121.626064,39.456553],[-121.623578,39.457198],[-121.623469,39.457235],[-121.62334,39.457255],[-121.623185,39.457199],[-121.622684,39.456856],[-121.621946,39.456604],[-121.621562,39.456604],[-121.621319,39.456494],[-121.618259,39.456639],[-121.616141,39.456436],[-121.615323,39.456481],[-121.614471,39.456528],[-121.614425,39.456543],[-121.613249,39.456914],[-121.612905,39.457375],[-121.613039,39.457992],[-121.613082,39.458188],[-121.612437,39.458899],[-121.610843,39.460141],[-121.609163,39.461143],[-121.603868,39.462255],[-121.603781,39.462273],[-121.603208,39.463042],[-121.60311,39.46371],[-121.602761,39.463975],[-121.60269,39.464124],[-121.602578,39.46429],[-121.601988,39.464953],[-121.600954,39.465776],[-121.600604,39.465966],[-121.600363,39.466097],[-121.599153,39.466302],[-121.599064,39.466188],[-121.598208,39.466188],[-121.596614,39.466462],[-121.596301,39.466566],[-121.595994,39.466668],[-121.595669,39.46637],[-121.594754,39.46669],[-121.594163,39.466781],[-121.593041,39.467513],[-121.59186,39.468062],[-121.590235,39.469137],[-121.589763,39.469205],[-121.589645,39.469343],[-121.58929,39.469549],[-121.588729,39.469663],[-121.586839,39.470989],[-121.586426,39.471081],[-121.585687,39.471012],[-121.585688,39.470737],[-121.586249,39.470234],[-121.587371,39.469662],[-121.588375,39.469297],[-121.588493,39.469045],[-121.587874,39.468884],[-121.587555,39.468985],[-121.588266,39.467828],[-121.589881,39.466482],[-121.590164,39.466096],[-121.584189,39.466001],[-121.578761,39.465937],[-121.577896,39.466088],[-121.577527,39.466058],[-121.57771,39.465829],[-121.577312,39.465707],[-121.577535,39.465457],[-121.578119,39.464837],[-121.578467,39.464468],[-121.578922,39.463983],[-121.579092,39.463801],[-121.579374,39.463499],[-121.580492,39.462286],[-121.583504,39.459079],[-121.584087,39.45846],[-121.587592,39.45474],[-121.588789,39.453476],[-121.595592,39.446255],[-121.595966,39.445868],[-121.596289,39.445522],[-121.596905,39.444861],[-121.597854,39.443859],[-121.60261,39.438812],[-121.602961,39.43842],[-121.603127,39.438219],[-121.603438,39.437813],[-121.603724,39.437406],[-121.603985,39.436995],[-121.604108,39.436784],[-121.604223,39.436574],[-121.604331,39.436364],[-121.60453,39.435938],[-121.604708,39.435517],[-121.604782,39.43531],[-121.604912,39.434897],[-121.604961,39.4347],[-121.604995,39.434502],[-121.605021,39.434304],[-121.605039,39.434106],[-121.605052,39.433503],[-121.60506,39.432223],[-121.605057,39.431642],[-121.605061,39.431453],[-121.605058,39.431259],[-121.605061,39.430867],[-121.605061,39.430852],[-121.605062,39.430817],[-121.605065,39.430717],[-121.605066,39.430672],[-121.605079,39.430236],[-121.60508,39.430201],[-121.60508,39.430101],[-121.605083,39.428962],[-121.605083,39.428918],[-121.605082,39.42835],[-121.605081,39.427151],[-121.605068,39.426353],[-121.605065,39.425779],[-121.605064,39.425613],[-121.605063,39.425339],[-121.605064,39.424633],[-121.605064,39.424475],[-121.605065,39.424309],[-121.605067,39.423233],[-121.605068,39.422889],[-121.604991,39.422534],[-121.604981,39.422486],[-121.604839,39.415424],[-121.604822,39.411816],[-121.604841,39.408951],[-121.604834,39.408119],[-121.604826,39.407107],[-121.60482,39.406075],[-121.604802,39.404411],[-121.604802,39.403596],[-121.604801,39.401834],[-121.604809,39.400951],[-121.60482,39.399666],[-121.604821,39.399552],[-121.604791,39.397338],[-121.60479,39.397258],[-121.604788,39.39676],[-121.604784,39.396071],[-121.604832,39.394194],[-121.604905,39.393766],[-121.604951,39.393558],[-121.605057,39.3932],[-121.605179,39.392903],[-121.605265,39.392717],[-121.605306,39.392622],[-121.605385,39.39246],[-121.60545,39.392339],[-121.605562,39.392158],[-121.605705,39.391948],[-121.606002,39.391566],[-121.607525,39.390004],[-121.607879,39.38967],[-121.608413,39.389154],[-121.609043,39.388557],[-121.610311,39.387332],[-121.610653,39.386899],[-121.610793,39.386697],[-121.610901,39.38652],[-121.611026,39.386319],[-121.611124,39.38616],[-121.611215,39.385975],[-121.611295,39.385776],[-121.611395,39.385533],[-121.611486,39.385294],[-121.612156,39.382587],[-121.612741,39.380235],[-121.612909,39.379503],[-121.612973,39.378998],[-121.612986,39.378558],[-121.612974,39.378338],[-121.612937,39.378018],[-121.612686,39.376817],[-121.612618,39.376595],[-121.612254,39.375432],[-121.61199,39.374636],[-121.61184,39.374229],[-121.611444,39.373229],[-121.610632,39.371215],[-121.60911,39.367439],[-121.608636,39.366275],[-121.608146,39.365116],[-121.607928,39.364577],[-121.607747,39.36412],[-121.607596,39.363704],[-121.606598,39.361102],[-121.60645,39.360703],[-121.605532,39.358287],[-121.605298,39.357698],[-121.605216,39.357503],[-121.605132,39.357318],[-121.604946,39.35695],[-121.603612,39.354632],[-121.603199,39.353907],[-121.602987,39.353541],[-121.601847,39.35157],[-121.601649,39.351207],[-121.601562,39.351017],[-121.601482,39.350827],[-121.601341,39.350442],[-121.601282,39.350252],[-121.60122,39.350017],[-121.601184,39.349864],[-121.600007,39.343933],[-121.599958,39.343686],[-121.59985,39.343117],[-121.599703,39.342385],[-121.599576,39.341834],[-121.599366,39.341066],[-121.599318,39.340872],[-121.598737,39.338743],[-121.598582,39.338146],[-121.598493,39.33774],[-121.598455,39.337532],[-121.598292,39.336471],[-121.5981,39.335153],[-121.597874,39.333596],[-121.597611,39.331868],[-121.597618,39.331815],[-121.597546,39.331425],[-121.597333,39.330071],[-121.597027,39.328013],[-121.596778,39.326141],[-121.59668,39.325437],[-121.596217,39.321917],[-121.596169,39.321443],[-121.596124,39.320934],[-121.595933,39.318494],[-121.595701,39.315374],[-121.595624,39.314143],[-121.595538,39.312155],[-121.595534,39.311916],[-121.595521,39.311668],[-121.595505,39.311182],[-121.595491,39.310934],[-121.595434,39.309377],[-121.595394,39.308298],[-121.595833,39.308521],[-121.598896,39.30962],[-121.60084,39.310422],[-121.601841,39.311063],[-121.602254,39.311429],[-121.603284,39.312733],[-121.603461,39.313214],[-121.60349,39.314267],[-121.603254,39.314495],[-121.603077,39.31525],[-121.603077,39.316074],[-121.603459,39.316944],[-121.603917,39.317613],[-121.604196,39.31802],[-121.60452,39.31802],[-121.604844,39.317905],[-121.605521,39.317997],[-121.605816,39.318272],[-121.606376,39.318478],[-121.607495,39.318592],[-121.60776,39.318798],[-121.608113,39.319256],[-121.609115,39.319508],[-121.611177,39.31928],[-121.611855,39.318982],[-121.612444,39.31793],[-121.612474,39.317472],[-121.612003,39.316854],[-121.611973,39.316579],[-121.61215,39.316282],[-121.61324,39.315458],[-121.613576,39.315123],[-121.614389,39.314314],[-121.616688,39.312369],[-121.6171,39.311729],[-121.617454,39.310768],[-121.61766,39.309738],[-121.617807,39.309646],[-121.618069,39.308864],[-121.618301,39.307601],[-121.618564,39.306864],[-121.618796,39.305762],[-121.619675,39.303761],[-121.620118,39.303484],[-121.620738,39.303252],[-121.620795,39.302952],[-121.620677,39.302839],[-121.618723,39.301996],[-121.618219,39.301516],[-121.618217,39.301034],[-121.618323,39.30092],[-121.618554,39.300698],[-121.619163,39.30047],[-121.619582,39.300034],[-121.619871,39.299662],[-121.620253,39.299143],[-121.620476,39.298568],[-121.62082,39.298128],[-121.62256,39.297068],[-121.623224,39.296508],[-121.62339,39.296284],[-121.62376,39.295621],[-121.623836,39.295671],[-121.624655,39.296007],[-121.625336,39.295984],[-121.62645,39.296522],[-121.626658,39.296615],[-121.626657,39.296647],[-121.627938,39.297808],[-121.628094,39.298119],[-121.628145,39.29819],[-121.6293,39.298971],[-121.629679,39.299448],[-121.629918,39.299637],[-121.630532,39.300091],[-121.631206,39.30059],[-121.631442,39.301055],[-121.632285,39.302243],[-121.632448,39.303043],[-121.63156,39.304789],[-121.63015,39.305668],[-121.630555,39.305661],[-121.637079,39.305563],[-121.637271,39.305547],[-121.638066,39.305566],[-121.640786,39.305514],[-121.640973,39.30551],[-121.642663,39.305473],[-121.645801,39.305479],[-121.646072,39.305479],[-121.659893,39.305231],[-121.662422,39.305194],[-121.667001,39.30511],[-121.671792,39.305068],[-121.671858,39.305068],[-121.67261,39.305053],[-121.672897,39.305056],[-121.673223,39.305034],[-121.678239,39.304959],[-121.67849,39.304947],[-121.678752,39.304991],[-121.687589,39.30503],[-121.687626,39.305026],[-121.690246,39.304975],[-121.69145,39.304952],[-121.692415,39.304927],[-121.697414,39.304821],[-121.697634,39.30481],[-121.697863,39.304808],[-121.70053,39.304743],[-121.701163,39.304723],[-121.704058,39.304656],[-121.7055,39.304641],[-121.706395,39.304632],[-121.706507,39.304629],[-121.706761,39.304623],[-121.707606,39.304619],[-121.708116,39.304611],[-121.712887,39.304569],[-121.713541,39.304558],[-121.713701,39.30456],[-121.715302,39.304542],[-121.716712,39.30453],[-121.718946,39.304496],[-121.719069,39.304498],[-121.719857,39.304484],[-121.720184,39.304475],[-121.720228,39.304474],[-121.724547,39.304418],[-121.724629,39.30441],[-121.72472,39.304416],[-121.724777,39.304425],[-121.729178,39.304281],[-121.729227,39.304279],[-121.731893,39.304229],[-121.751051,39.303957],[-121.75229,39.303899],[-121.752603,39.303899],[-121.752903,39.303889],[-121.752953,39.30389],[-121.762096,39.303899],[-121.762325,39.303913],[-121.762579,39.303927],[-121.766759,39.303975],[-121.776196,39.303908],[-121.780894,39.303787],[-121.783108,39.30376],[-121.78343,39.303755],[-121.784056,39.303745],[-121.790461,39.303666],[-121.794374,39.303658],[-121.797792,39.303658],[-121.798062,39.303645],[-121.79839,39.303629],[-121.801991,39.303628],[-121.80773,39.303643],[-121.807796,39.303642],[-121.82242,39.303663],[-121.822542,39.303662],[-121.82623,39.303657],[-121.826279,39.303658],[-121.835563,39.303815],[-121.849639,39.3037],[-121.864032,39.30367],[-121.864249,39.30367],[-121.873923,39.30364],[-121.875926,39.303634],[-121.879249,39.303608],[-121.880324,39.303645],[-121.882416,39.303718],[-121.882519,39.303722],[-121.883584,39.303693],[-121.883681,39.303689],[-121.897997,39.303839],[-121.898186,39.30384],[-121.900521,39.30385],[-121.90068,39.30385],[-121.906895,39.303847],[-121.907086,39.303845],[-121.907672,39.303886],[-121.90791,39.303903],[-121.908269,39.303878],[-121.908312,39.303916],[-121.908637,39.304603],[-121.908666,39.305381],[-121.908343,39.306067],[-121.908402,39.307212],[-121.908579,39.30783],[-121.908697,39.30799],[-121.908344,39.308539],[-121.908197,39.308951],[-121.908344,39.309729],[-121.908315,39.31005],[-121.907903,39.310576],[-121.907903,39.311537],[-121.907638,39.31227],[-121.907403,39.31259],[-121.907403,39.313093],[-121.907197,39.313254],[-121.906873,39.313368],[-121.906873,39.313666],[-121.907109,39.314032],[-121.90708,39.314307],[-121.906844,39.314444],[-121.90708,39.314833],[-121.907227,39.315199],[-121.90708,39.315382],[-121.906697,39.315474],[-121.90652,39.31584],[-121.90658,39.31616],[-121.906432,39.316343],[-121.90602,39.316458],[-121.905784,39.316641],[-121.905755,39.317282],[-121.906109,39.317625],[-121.906109,39.317854],[-121.905991,39.318037],[-121.906109,39.318449],[-121.905667,39.318747],[-121.905608,39.318998],[-121.905756,39.319639],[-121.905844,39.319708],[-121.905815,39.320005],[-121.905491,39.320211],[-121.905462,39.322111],[-121.905315,39.322294],[-121.905433,39.322752],[-121.904667,39.322889],[-121.904432,39.32337],[-121.904432,39.324743],[-121.904521,39.324903],[-121.90461,39.325864],[-121.904344,39.326185],[-121.903284,39.327077],[-121.903107,39.327421],[-121.903049,39.330121],[-121.902195,39.331472],[-121.900281,39.333783],[-121.900193,39.335362],[-121.899869,39.335797],[-121.899604,39.335889],[-121.899014,39.335912],[-121.898366,39.336301],[-121.897571,39.336942],[-121.897246,39.336988],[-121.895891,39.33772],[-121.895125,39.338544],[-121.89486,39.339139],[-121.894713,39.340215],[-121.894389,39.341085],[-121.894389,39.341703],[-121.894625,39.342114],[-121.89657,39.343441],[-121.897189,39.34383],[-121.897484,39.344265],[-121.897602,39.344746],[-121.897632,39.346256],[-121.897986,39.347149],[-121.898104,39.34724],[-121.898105,39.349162],[-121.898665,39.349872],[-121.898901,39.350627],[-121.898931,39.351336],[-121.89952,39.352618],[-121.899698,39.354014],[-121.89955,39.354266],[-121.898961,39.354929],[-121.898666,39.355364],[-121.898696,39.355914],[-121.899021,39.356554],[-121.899139,39.35692],[-121.899109,39.357286],[-121.898608,39.357905],[-121.898048,39.358156],[-121.896928,39.357973],[-121.896456,39.358065],[-121.895631,39.359232],[-121.895366,39.359232],[-121.894953,39.358912],[-121.89454,39.358821],[-121.89454,39.358683],[-121.894393,39.358523],[-121.893892,39.35834],[-121.893538,39.358546],[-121.893715,39.359187],[-121.893774,39.36024],[-121.893143,39.360643],[-121.892949,39.360766],[-121.89289,39.360995],[-121.892713,39.361384],[-121.892733,39.361853],[-121.892734,39.361871],[-121.892743,39.36207],[-121.892861,39.362185],[-121.893477,39.362898],[-121.893038,39.363489],[-121.892743,39.363695],[-121.891358,39.364199],[-121.891063,39.364519],[-121.891063,39.364954],[-121.891299,39.365297],[-121.891653,39.365618],[-121.891682,39.366098],[-121.891388,39.366487],[-121.890621,39.366945],[-121.890503,39.367128],[-121.890415,39.367678],[-121.889914,39.368707],[-121.889678,39.368936],[-121.888912,39.369257],[-121.888764,39.369417],[-121.888705,39.370172],[-121.888293,39.371225],[-121.887703,39.37198],[-121.887379,39.37214],[-121.885787,39.372552],[-121.88512,39.372681],[-121.884843,39.372735],[-121.884578,39.372919],[-121.884047,39.373857],[-121.88387,39.373926],[-121.883959,39.374406],[-121.884431,39.374887],[-121.885315,39.376031],[-121.885463,39.377015],[-121.885876,39.37777],[-121.886613,39.378777],[-121.887283,39.379376],[-121.887348,39.379462],[-121.888766,39.38134],[-121.888914,39.381889],[-121.888943,39.383079],[-121.889946,39.383766],[-121.890013,39.383864],[-121.890211,39.384155],[-121.890182,39.384338],[-121.889563,39.385093],[-121.889298,39.385711],[-121.889268,39.385963],[-121.889416,39.386214],[-121.889799,39.386466],[-121.889799,39.386603],[-121.890035,39.386901],[-121.890182,39.38713],[-121.890448,39.389166],[-121.890419,39.39015],[-121.890271,39.390585],[-121.889151,39.392942],[-121.888886,39.394636],[-121.888473,39.395391],[-121.8875,39.396169],[-121.887559,39.396993],[-121.887648,39.397199],[-121.887677,39.398069],[-121.887648,39.398778],[-121.887176,39.399923],[-121.886793,39.400495],[-121.88576,39.401502],[-121.885141,39.402348],[-121.884993,39.402737],[-121.884876,39.403516],[-121.884404,39.405163],[-121.884138,39.405827],[-121.88346,39.406765],[-121.883489,39.407658],[-121.883755,39.408138],[-121.883932,39.408916],[-121.884316,39.409626],[-121.884316,39.410175],[-121.883932,39.411182],[-121.883814,39.411274],[-121.882516,39.413654],[-121.881808,39.414157],[-121.881779,39.415347],[-121.880953,39.416423],[-121.880923,39.416949],[-121.880953,39.417384],[-121.881159,39.41807],[-121.88113,39.418826],[-121.881012,39.419489],[-121.880965,39.419757],[-121.880951,39.41983],[-121.880245,39.420565],[-121.879625,39.421618],[-121.879448,39.422693],[-121.8793,39.422785],[-121.877973,39.422739],[-121.877707,39.42283],[-121.877707,39.423219],[-121.878238,39.423677],[-121.879212,39.423929],[-121.879212,39.424135],[-121.878946,39.424295],[-121.877914,39.424684],[-121.877737,39.424867],[-121.877825,39.425622],[-121.877589,39.425897],[-121.877589,39.426103],[-121.877973,39.4264],[-121.878032,39.427659],[-121.877914,39.427773],[-121.877087,39.427728],[-121.876084,39.427453],[-121.875553,39.427567],[-121.875199,39.427911],[-121.875199,39.428551],[-121.875878,39.42965],[-121.875759,39.43203],[-121.875612,39.432465],[-121.875199,39.433014],[-121.87511,39.433609],[-121.874579,39.434135],[-121.874579,39.434501],[-121.874815,39.434662],[-121.875287,39.434799],[-121.876084,39.435508],[-121.876261,39.435577],[-121.876261,39.436035],[-121.876084,39.436126],[-121.875936,39.436264],[-121.875848,39.436744],[-121.876084,39.437179],[-121.876467,39.437522],[-121.87694,39.438346],[-121.87688,39.438483],[-121.876084,39.439033],[-121.876064,39.439053],[-121.875523,39.439582],[-121.874992,39.440543],[-121.87511,39.440863],[-121.87508,39.44123],[-121.874814,39.441779],[-121.874844,39.442099],[-121.874991,39.442305],[-121.875228,39.442443],[-121.87508,39.443198],[-121.873604,39.445898],[-121.873604,39.446241],[-121.874047,39.446859],[-121.874046,39.447294],[-121.873692,39.44766],[-121.872984,39.447843],[-121.872453,39.44782],[-121.871833,39.447683],[-121.871567,39.447774],[-121.870947,39.448324],[-121.87077,39.448713],[-121.8708,39.449559],[-121.871006,39.449765],[-121.872393,39.450269],[-121.873102,39.450864],[-121.873102,39.45123],[-121.872688,39.451894],[-121.872511,39.45258],[-121.872481,39.453427],[-121.873131,39.454388],[-121.874046,39.456127],[-121.874282,39.456539],[-121.874282,39.457111],[-121.874016,39.457615],[-121.873396,39.458324],[-121.873455,39.458805],[-121.873986,39.459583],[-121.874754,39.460338],[-121.874843,39.460521],[-121.874695,39.460864],[-121.874282,39.461093],[-121.87313,39.461231],[-121.872628,39.461391],[-121.872126,39.461711],[-121.87065,39.463427],[-121.870261,39.463984],[-121.87006,39.464228],[-121.87,39.465349],[-121.869823,39.465761],[-121.869351,39.466196],[-121.869292,39.466585],[-121.869439,39.466677],[-121.870502,39.466562],[-121.871033,39.46686],[-121.871211,39.46718],[-121.871063,39.468004],[-121.871063,39.469103],[-121.871535,39.470453],[-121.871919,39.471002],[-121.87186,39.4713],[-121.871594,39.471528],[-121.871682,39.472123],[-121.872066,39.472238],[-121.872302,39.472764],[-121.872302,39.473931],[-121.872036,39.47606],[-121.872154,39.47686],[-121.873394,39.478051],[-121.873542,39.4786],[-121.872892,39.48027],[-121.87298,39.481048],[-121.873187,39.481598],[-121.873187,39.482055],[-121.87301,39.482261],[-121.871533,39.482742],[-121.871297,39.483039],[-121.871356,39.48368],[-121.871444,39.483817],[-121.871238,39.484367],[-121.870883,39.484824],[-121.870883,39.485122],[-121.871682,39.485779],[-121.8715,39.487828],[-121.871528,39.488158],[-121.871794,39.488613],[-121.872395,39.489699],[-121.872528,39.490031],[-121.871805,39.490593],[-121.87171,39.490771],[-121.871852,39.491145],[-121.872266,39.492111],[-121.87257,39.492915],[-121.873029,39.493671],[-121.87346,39.494177],[-121.873756,39.494633],[-121.873863,39.495314],[-121.874058,39.49657],[-121.874189,39.496944],[-121.874892,39.498139],[-121.875299,39.498976],[-121.875542,39.499338],[-121.875938,39.499885],[-121.876086,39.499991],[-121.877133,39.501782],[-121.876083,39.502431],[-121.875137,39.503308],[-121.875168,39.503862],[-121.875233,39.504913],[-121.876086,39.507143],[-121.877341,39.509549],[-121.876081,39.511552],[-121.875907,39.511815],[-121.874138,39.513089],[-121.874879,39.513994],[-121.873449,39.514909],[-121.87333,39.515087],[-121.871114,39.518447],[-121.870137,39.519119],[-121.868585,39.520265],[-121.868411,39.520419],[-121.867999,39.520781],[-121.867661,39.521188],[-121.867067,39.52192],[-121.866198,39.522301],[-121.864862,39.522924],[-121.864142,39.52316],[-121.864121,39.524006],[-121.864114,39.524706],[-121.863008,39.524817],[-121.8615,39.524985],[-121.859448,39.527199],[-121.859847,39.528709],[-121.860031,39.529227],[-121.85681,39.532206],[-121.856595,39.532483],[-121.856473,39.532642],[-121.856488,39.533043],[-121.856498,39.533582],[-121.856381,39.534519],[-121.856453,39.534604],[-121.856506,39.534697],[-121.856531,39.534763],[-121.85655,39.534896],[-121.856545,39.534975],[-121.856539,39.535079],[-121.856541,39.535902],[-121.856532,39.536904],[-121.856862,39.536923],[-121.859043,39.536905],[-121.8622,39.536857],[-121.868633,39.5368],[-121.871559,39.536782],[-121.872235,39.536762],[-121.875367,39.536777],[-121.880725,39.536724],[-121.881292,39.53671],[-121.88193,39.536694],[-121.884463,39.536659],[-121.884643,39.536656],[-121.886962,39.536634],[-121.888348,39.536613],[-121.888842,39.536589],[-121.889242,39.536544],[-121.889471,39.536527],[-121.889993,39.53652],[-121.890971,39.53652],[-121.891327,39.53652],[-121.891544,39.536504],[-121.891587,39.536495],[-121.891618,39.536483],[-121.891702,39.536424],[-121.892277,39.536447],[-121.894874,39.536725],[-121.896676,39.536692],[-121.898764,39.536606],[-121.905994,39.536693],[-121.90837,39.536676],[-121.909564,39.53667],[-121.909841,39.536669],[-121.909935,39.53663],[-121.910258,39.536502],[-121.910733,39.536422],[-121.911597,39.536393],[-121.912301,39.536407],[-121.915005,39.536406],[-121.92135,39.536407],[-121.922542,39.536405],[-121.928928,39.536414],[-121.929842,39.536421],[-121.938409,39.53624],[-121.939286,39.536209],[-121.945194,39.536057],[-121.954515,39.533621],[-121.955256,39.53344],[-121.956902,39.533078],[-121.958835,39.532621],[-121.960599,39.532188],[-121.962017,39.531852],[-121.973059,39.529093],[-121.974031,39.52885],[-121.973131,39.530161],[-121.973369,39.531142],[-121.97438,39.531944],[-121.975709,39.532533],[-121.97682,39.53287],[-121.978139,39.533077],[-121.979734,39.532726],[-121.982524,39.532745],[-121.983219,39.53292],[-121.983294,39.53291],[-121.984078,39.532765],[-121.984658,39.532546],[-121.984926,39.532143],[-121.985137,39.53184],[-121.98567,39.531017],[-121.985753,39.531061],[-121.985993,39.53119],[-121.988418,39.532286],[-121.991907,39.533724],[-121.992528,39.533792],[-121.992701,39.533838],[-121.993129,39.534051],[-121.993555,39.533991],[-121.994021,39.533926],[-121.994319,39.534964],[-121.994846,39.535727],[-121.994955,39.535893],[-121.995828,39.537209],[-121.998279,39.542461],[-121.999152,39.544839],[-122.000077,39.5492],[-122.001088,39.551665],[-122.001939,39.553767],[-122.002015,39.553954],[-122.002276,39.555585],[-122.003051,39.557665],[-122.003246,39.558228],[-122.003181,39.558871],[-122.003134,39.559295],[-122.001723,39.561023],[-122.001088,39.561159],[-121.99824,39.561766],[-121.995123,39.561652],[-121.992273,39.562259],[-121.991729,39.562635],[-121.990634,39.564295],[-121.991053,39.565892],[-121.992536,39.567133],[-121.994564,39.567999],[-121.995286,39.568104],[-121.997186,39.567699],[-121.998067,39.567771],[-121.998846,39.568057],[-122.001088,39.568878],[-122.001425,39.569002],[-122.002097,39.569896],[-122.00334,39.57326],[-122.003297,39.573952],[-122.003243,39.574815],[-122.0032,39.574898],[-122.002558,39.575767],[-122.001399,39.576792],[-122.001269,39.576863],[-122.001088,39.576962],[-121.999835,39.577645],[-121.998924,39.578877],[-121.99829,39.579012],[-121.997132,39.580037],[-121.995998,39.580668],[-121.995201,39.581746],[-121.995062,39.582295],[-121.996858,39.587621],[-121.996828,39.588925],[-121.996347,39.589936],[-121.996177,39.591789],[-121.995823,39.592448],[-121.996071,39.594276],[-121.995926,39.595735],[-121.996676,39.598689],[-121.996621,39.600387],[-121.995767,39.603164],[-121.994007,39.606264],[-121.992323,39.60818],[-121.989832,39.60884],[-121.988971,39.609283],[-121.987647,39.60952],[-121.985124,39.609972],[-121.982222,39.611369],[-121.979555,39.614791],[-121.979404,39.617159],[-121.980026,39.618843],[-121.981415,39.620753],[-121.982652,39.621787],[-121.983546,39.623283],[-121.984437,39.623612],[-121.985328,39.623942],[-121.98671,39.623518],[-121.988011,39.624073],[-121.988333,39.62421],[-121.989411,39.625278],[-121.990647,39.626319],[-121.992132,39.629159]]]}},{"type":"Feature","properties":{"district":"5"},"geometry":{"type":"Polygon","coordinates":[[[-121.791841,39.742002],[-121.79563,39.741187],[-121.799896,39.740368],[-121.800568,39.740219],[-121.801005,39.740122],[-121.801282,39.740061],[-121.802788,39.739793],[-121.803763,39.73962],[-121.80485,39.739427],[-121.805359,39.739323],[-121.805611,39.739269],[-121.805922,39.739202],[-121.806476,39.739093],[-121.807625,39.73887],[-121.811666,39.738059],[-121.812153,39.737893],[-121.816587,39.737042],[-121.817163,39.736932],[-121.817953,39.736753],[-121.818207,39.736646],[-121.818584,39.736424],[-121.818978,39.736157],[-121.819909,39.736822],[-121.819646,39.737001],[-121.81945,39.737134],[-121.818922,39.737339],[-121.818032,39.73747],[-121.818079,39.738018],[-121.817832,39.738229],[-121.817557,39.738404],[-121.817479,39.738455],[-121.817129,39.738679],[-121.816662,39.739],[-121.816452,39.739145],[-121.816368,39.739203],[-121.81614,39.739354],[-121.815573,39.73973],[-121.815395,39.739847],[-121.815175,39.739994],[-121.814117,39.74072],[-121.813909,39.740864],[-121.813563,39.741063],[-121.813328,39.741216],[-121.812706,39.74163],[-121.811972,39.74209],[-121.811309,39.74255],[-121.810379,39.743187],[-121.809448,39.743824],[-121.808751,39.744282],[-121.807488,39.745112],[-121.806489,39.74577],[-121.805953,39.746122],[-121.805577,39.74625],[-121.804079,39.74676],[-121.803913,39.746827],[-121.802648,39.747338],[-121.801643,39.747744],[-121.801326,39.747872],[-121.800729,39.748195],[-121.800325,39.748414],[-121.799213,39.749017],[-121.798251,39.749507],[-121.797972,39.749674],[-121.797504,39.749954],[-121.795897,39.750802],[-121.795581,39.750957],[-121.795402,39.751044],[-121.795323,39.751071],[-121.795187,39.751118],[-121.795072,39.751125],[-121.794978,39.751126],[-121.794406,39.751071],[-121.793716,39.751],[-121.793165,39.75102],[-121.792952,39.751134],[-121.792733,39.751228],[-121.792512,39.751371],[-121.792173,39.751867],[-121.791937,39.752821],[-121.79175,39.753221],[-121.7913,39.753845],[-121.791222,39.753961],[-121.791131,39.754097],[-121.790872,39.754339],[-121.790661,39.754512],[-121.790089,39.755032],[-121.789464,39.755934],[-121.78901,39.756507],[-121.788081,39.757246],[-121.787131,39.757783],[-121.786192,39.758076],[-121.785791,39.758179],[-121.785436,39.758365],[-121.78522,39.758634],[-121.785146,39.758865],[-121.785124,39.759122],[-121.785066,39.759407],[-121.785023,39.759568],[-121.784086,39.760079],[-121.783775,39.760248],[-121.783486,39.760459],[-121.782749,39.761071],[-121.782334,39.761298],[-121.782013,39.76144],[-121.781511,39.761694],[-121.781273,39.761772],[-121.780808,39.76188],[-121.779363,39.761905],[-121.777955,39.761909],[-121.777392,39.762015],[-121.776928,39.762231],[-121.777005,39.762288],[-121.776565,39.763004],[-121.776313,39.76325],[-121.77601,39.763438],[-121.77562,39.763547],[-121.775348,39.763593],[-121.774585,39.763608],[-121.773714,39.76377],[-121.773239,39.764021],[-121.772888,39.764283],[-121.772363,39.764746],[-121.771956,39.765174],[-121.771741,39.765334],[-121.771501,39.76539],[-121.770889,39.765348],[-121.770661,39.765372],[-121.770397,39.765428],[-121.770142,39.765453],[-121.769934,39.76545],[-121.769648,39.765407],[-121.769377,39.76535],[-121.769227,39.765335],[-121.769051,39.765292],[-121.768813,39.765263],[-121.768397,39.765339],[-121.76832,39.76538],[-121.768211,39.765381],[-121.7681,39.765367],[-121.767825,39.765324],[-121.767742,39.765308],[-121.767672,39.76529],[-121.767611,39.765311],[-121.767557,39.765282],[-121.767494,39.765274],[-121.767411,39.765267],[-121.767308,39.765269],[-121.767151,39.765294],[-121.767036,39.765328],[-121.766927,39.765379],[-121.766808,39.765447],[-121.766619,39.765557],[-121.766494,39.765687],[-121.766463,39.765734],[-121.766436,39.76578],[-121.766383,39.765915],[-121.766312,39.766107],[-121.766176,39.766247],[-121.766119,39.76629],[-121.766064,39.766331],[-121.765905,39.76645],[-121.765672,39.7666],[-121.765547,39.766677],[-121.765421,39.766756],[-121.765361,39.766793],[-121.765187,39.766904],[-121.76497,39.767053],[-121.764811,39.767187],[-121.764765,39.767236],[-121.76472,39.767284],[-121.764587,39.767427],[-121.764388,39.767606],[-121.764135,39.767703],[-121.764067,39.767697],[-121.764005,39.767681],[-121.763898,39.767639],[-121.763814,39.76762],[-121.763215,39.767235],[-121.76314,39.767286],[-121.762993,39.76746],[-121.76293,39.767507],[-121.762789,39.767595],[-121.762558,39.767703],[-121.762403,39.767763],[-121.76225,39.767817],[-121.762106,39.767868],[-121.761969,39.767917],[-121.761904,39.767941],[-121.761647,39.768064],[-121.761583,39.768102],[-121.761522,39.768144],[-121.76146,39.768188],[-121.76129,39.768315],[-121.761217,39.768371],[-121.761157,39.768417],[-121.761099,39.768463],[-121.760919,39.768595],[-121.760785,39.768676],[-121.760713,39.768714],[-121.760401,39.76885],[-121.760319,39.76888],[-121.760157,39.76893],[-121.759995,39.768971],[-121.759747,39.769026],[-121.759487,39.769078],[-121.759305,39.769113],[-121.758941,39.769203],[-121.758852,39.769231],[-121.758685,39.769293],[-121.75838,39.769424],[-121.758307,39.769456],[-121.758161,39.769518],[-121.75794,39.769575],[-121.757798,39.769592],[-121.75773,39.769599],[-121.757531,39.76963],[-121.757423,39.76967],[-121.757284,39.769588],[-121.75718,39.769521],[-121.757144,39.769481],[-121.757095,39.769393],[-121.757073,39.769328],[-121.757082,39.769287],[-121.757318,39.769179],[-121.757511,39.769089],[-121.757704,39.769001],[-121.757893,39.768921],[-121.758155,39.768792],[-121.758359,39.768698],[-121.757052,39.76887],[-121.756453,39.768573],[-121.755273,39.768581],[-121.75529,39.768993],[-121.751011,39.768718],[-121.751088,39.771434],[-121.751088,39.772189],[-121.735125,39.777277],[-121.732441,39.777296],[-121.731801,39.777222],[-121.731142,39.779279],[-121.730683,39.77991],[-121.729692,39.780654],[-121.728562,39.781288],[-121.727993,39.781821],[-121.727704,39.782357],[-121.727408,39.783468],[-121.727155,39.784146],[-121.726417,39.785065],[-121.725603,39.785736],[-121.724709,39.786407],[-121.724382,39.786759],[-121.723879,39.787928],[-121.723379,39.788974],[-121.72187,39.792528],[-121.72046,39.79511],[-121.71906,39.797073],[-121.718563,39.797911],[-121.718525,39.79801],[-121.718293,39.798614],[-121.718274,39.798663],[-121.718019,39.799319],[-121.716855,39.801919],[-121.716758,39.802125],[-121.716654,39.802331],[-121.716543,39.802533],[-121.716417,39.802721],[-121.716282,39.802904],[-121.716132,39.803082],[-121.715972,39.803252],[-121.715804,39.803417],[-121.714572,39.804534],[-121.714413,39.804699],[-121.714266,39.804864],[-121.714126,39.805038],[-121.713997,39.805217],[-121.713882,39.805395],[-121.713781,39.805575],[-121.71373,39.805684],[-121.714458,39.80574],[-121.714445,39.805953],[-121.714317,39.806306],[-121.713293,39.810321],[-121.712676,39.815284],[-121.721708,39.815392],[-121.722698,39.815433],[-121.730404,39.815497],[-121.730437,39.810314],[-121.730493,39.806612],[-121.735559,39.806724],[-121.736489,39.805747],[-121.738726,39.80351],[-121.741036,39.801443],[-121.742792,39.800076],[-121.745203,39.798163],[-121.746617,39.796749],[-121.74819,39.794889],[-121.751088,39.791386],[-121.751088,39.791574],[-121.760628,39.782212],[-121.770241,39.778268],[-121.779641,39.777162],[-121.78463,39.776033],[-121.792641,39.77015],[-121.802282,39.765636],[-121.802328,39.763805],[-121.805955,39.767315],[-121.806747,39.768075],[-121.807866,39.769192],[-121.80808,39.769328],[-121.80832,39.769462],[-121.808565,39.769579],[-121.808843,39.769693],[-121.809108,39.769784],[-121.809331,39.769845],[-121.809551,39.769891],[-121.809791,39.769925],[-121.810024,39.769942],[-121.810872,39.76995],[-121.811603,39.769934],[-121.811801,39.769896],[-121.811984,39.769845],[-121.812123,39.769796],[-121.813684,39.769471],[-121.81407,39.769404],[-121.814439,39.769353],[-121.814705,39.769326],[-121.81492,39.769315],[-121.81532,39.769326],[-121.817479,39.769326],[-121.818921,39.769566],[-121.819949,39.769601],[-121.820561,39.769631],[-121.820623,39.76963],[-121.822037,39.769407],[-121.82208,39.769399],[-121.822855,39.769259],[-121.824767,39.769263],[-121.825403,39.769214],[-121.826052,39.769226],[-121.826806,39.769314],[-121.828152,39.769445],[-121.828361,39.769466],[-121.829449,39.769391],[-121.830695,39.769364],[-121.831361,39.769399],[-121.832171,39.769533],[-121.832319,39.769181],[-121.832649,39.76879],[-121.833134,39.768455],[-121.833646,39.768311],[-121.834156,39.768294],[-121.835765,39.768271],[-121.836981,39.768301],[-121.837101,39.768292],[-121.837302,39.768278],[-121.837921,39.768293],[-121.838819,39.768292],[-121.83932,39.768252],[-121.839534,39.768246],[-121.839691,39.768242],[-121.839846,39.768242],[-121.840366,39.768244],[-121.841211,39.768229],[-121.842642,39.768204],[-121.843241,39.768193],[-121.843548,39.768206],[-121.843538,39.76894],[-121.84354,39.769108],[-121.843559,39.770459],[-121.843563,39.770705],[-121.843566,39.770931],[-121.843559,39.771084],[-121.843602,39.77175],[-121.84363,39.773175],[-121.843627,39.773397],[-121.843666,39.773607],[-121.843649,39.773904],[-121.843767,39.775949],[-121.843772,39.776914],[-121.843773,39.77698],[-121.843902,39.783064],[-121.843936,39.785398],[-121.843958,39.786893],[-121.844051,39.79043],[-121.843803,39.790429],[-121.843404,39.790431],[-121.841378,39.790462],[-121.841883,39.791346],[-121.843415,39.791329],[-121.843844,39.79133],[-121.844065,39.791325],[-121.844078,39.792088],[-121.844119,39.794018],[-121.844129,39.79468],[-121.844185,39.795259],[-121.844181,39.796695],[-121.84418,39.797611],[-121.844178,39.799209],[-121.848324,39.799216],[-121.848643,39.799685],[-121.848873,39.800254],[-121.848991,39.800827],[-121.849036,39.804858],[-121.849073,39.807477],[-121.849083,39.809895],[-121.849072,39.811299],[-121.849006,39.811919],[-121.848671,39.813246],[-121.847929,39.815847],[-121.84779,39.816202],[-121.847686,39.816468],[-121.847431,39.81692],[-121.847323,39.817042],[-121.846792,39.817647],[-121.845655,39.818714],[-121.84501,39.819437],[-121.844858,39.819787],[-121.844676,39.820264],[-121.844581,39.820706],[-121.844539,39.821054],[-121.844536,39.821568],[-121.84348,39.820052],[-121.843452,39.820073],[-121.841411,39.821801],[-121.840604,39.822484],[-121.839207,39.823204],[-121.83421,39.825609],[-121.832948,39.826505],[-121.831424,39.826693],[-121.830215,39.827175],[-121.829437,39.827272],[-121.825396,39.827237],[-121.823264,39.828052],[-121.821221,39.828599],[-121.82071,39.828223],[-121.820158,39.828063],[-121.819292,39.828109],[-121.816953,39.828647],[-121.814609,39.829301],[-121.813057,39.829782],[-121.811363,39.830081],[-121.809747,39.830711],[-121.808387,39.831129],[-121.806837,39.831542],[-121.806121,39.831804],[-121.80578,39.832072],[-121.805745,39.832257],[-121.805191,39.832831],[-121.802185,39.835355],[-121.800924,39.836107],[-121.799683,39.836588],[-121.798007,39.837187],[-121.796652,39.83779],[-121.796001,39.838376],[-121.795641,39.838817],[-121.795093,39.839021],[-121.794676,39.83909],[-121.793953,39.839059],[-121.796092,39.844096],[-121.799685,39.852716],[-121.800088,39.853625],[-121.800911,39.855603],[-121.802184,39.858662],[-121.804559,39.864311],[-121.806837,39.867905],[-121.809315,39.871815],[-121.811906,39.881814],[-121.812967,39.884304],[-121.811936,39.884309],[-121.804041,39.884344],[-121.806104,39.888217],[-121.801756,39.888321],[-121.796613,39.888445],[-121.78961,39.888614],[-121.777103,39.888519],[-121.776224,39.888858],[-121.775837,39.889179],[-121.775689,39.889453],[-121.774738,39.890483],[-121.773638,39.891809],[-121.772419,39.892633],[-121.771914,39.893067],[-121.770933,39.89412],[-121.76909,39.895629],[-121.768585,39.895904],[-121.766891,39.897367],[-121.766505,39.897596],[-121.764217,39.898144],[-121.763652,39.898396],[-121.761482,39.900112],[-121.759966,39.901049],[-121.758777,39.901964],[-121.758093,39.902353],[-121.757229,39.902557],[-121.755379,39.903288],[-121.754811,39.903653],[-121.75314,39.90429],[-121.751826,39.905364],[-121.751059,39.906257],[-121.750634,39.906805],[-121.750322,39.907972],[-121.750169,39.908977],[-121.750193,39.910646],[-121.749892,39.911469],[-121.749798,39.912794],[-121.750271,39.913526],[-121.750527,39.914554],[-121.750205,39.915217],[-121.75029,39.916154],[-121.750048,39.917433],[-121.750045,39.91821],[-121.749713,39.919582],[-121.7498,39.920245],[-121.749591,39.920588],[-121.74944,39.921113],[-121.749433,39.922896],[-121.749014,39.923673],[-121.749012,39.924154],[-121.749336,39.924954],[-121.749393,39.925708],[-121.749153,39.926302],[-121.74915,39.926897],[-121.748195,39.927674],[-121.747866,39.928131],[-121.747804,39.928977],[-121.747383,39.930006],[-121.747263,39.930508],[-121.746963,39.930989],[-121.74699,39.931628],[-121.74708,39.931812],[-121.747017,39.932497],[-121.746897,39.932749],[-121.746955,39.93316],[-121.747044,39.933228],[-121.747009,39.9346],[-121.746648,39.935721],[-121.746251,39.938532],[-121.745981,39.939172],[-121.745503,39.939789],[-121.745355,39.940132],[-121.745089,39.940499],[-121.744558,39.941848],[-121.744085,39.942351],[-121.743848,39.942946],[-121.743227,39.943724],[-121.742399,39.945074],[-121.741836,39.945555],[-121.741629,39.946035],[-121.741066,39.946447],[-121.740564,39.947201],[-121.739378,39.94807],[-121.738786,39.949078],[-121.738313,39.949467],[-121.73781,39.950725],[-121.737486,39.951298],[-121.736775,39.951937],[-121.736242,39.953012],[-121.735828,39.953516],[-121.735294,39.953859],[-121.733426,39.954545],[-121.732981,39.954751],[-121.731408,39.955117],[-121.730577,39.955415],[-121.729629,39.956056],[-121.728711,39.957291],[-121.728121,39.958732],[-121.727855,39.959144],[-121.727234,39.96079],[-121.727236,39.961065],[-121.726882,39.962094],[-121.726528,39.962803],[-121.725995,39.963513],[-121.725936,39.963993],[-121.725611,39.964473],[-121.725612,39.964862],[-121.725702,39.965045],[-121.725673,39.965412],[-121.725554,39.965548],[-121.725348,39.966304],[-121.725321,39.966966],[-121.724966,39.96763],[-121.724195,39.968133],[-121.722802,39.969574],[-121.722001,39.970214],[-121.7212,39.970581],[-121.72028,39.970672],[-121.716746,39.970887],[-121.714904,39.97143],[-121.712264,39.973474],[-121.710158,39.975177],[-121.707517,39.976834],[-121.706004,39.978105],[-121.704107,39.980402],[-121.703457,39.982972],[-121.703241,39.98423],[-121.702099,39.984351],[-121.702053,39.984356],[-121.701969,39.984365],[-121.701938,39.984364],[-121.685006,39.983728],[-121.681271,39.983586],[-121.669788,39.983304],[-121.668151,39.983266],[-121.667288,39.983246],[-121.665622,39.983189],[-121.665502,39.983185],[-121.665464,39.983183],[-121.665428,39.983182],[-121.665345,39.983179],[-121.664903,39.983164],[-121.651496,39.982706],[-121.651472,39.982711],[-121.646032,39.982527],[-121.645978,39.987131],[-121.645953,39.989202],[-121.645951,39.989341],[-121.645901,39.993128],[-121.645849,39.997058],[-121.636192,39.996829],[-121.63544,39.996822],[-121.635645,39.99989],[-121.635672,40.001215],[-121.635704,40.002781],[-121.635873,40.011025],[-121.636011,40.017794],[-121.636059,40.020166],[-121.636131,40.023716],[-121.636166,40.025463],[-121.636174,40.02581],[-121.635819,40.025809],[-121.626634,40.025636],[-121.62607,40.0256],[-121.626083,40.02693],[-121.626088,40.033391],[-121.626087,40.039287],[-121.626086,40.039496],[-121.617809,40.039416],[-121.617692,40.04085],[-121.617664,40.041196],[-121.61755,40.043134],[-121.617543,40.043232],[-121.617289,40.047061],[-121.61717,40.047058],[-121.615487,40.047021],[-121.615029,40.047011],[-121.614956,40.047008],[-121.608729,40.046746],[-121.608705,40.047919],[-121.608676,40.051184],[-121.608651,40.053963],[-121.608649,40.054927],[-121.608641,40.055083],[-121.608512,40.055083],[-121.605182,40.055085],[-121.598558,40.055086],[-121.598456,40.057606],[-121.596033,40.057685],[-121.595647,40.057714],[-121.595622,40.062187],[-121.595621,40.062445],[-121.59561,40.064166],[-121.59561,40.064547],[-121.59561,40.064577],[-121.595589,40.067645],[-121.595623,40.068132],[-121.595625,40.068162],[-121.595586,40.068198],[-121.595586,40.068229],[-121.595611,40.070669],[-121.595761,40.07652],[-121.59577,40.076942],[-121.59572,40.0777],[-121.595715,40.077774],[-121.595808,40.084914],[-121.595811,40.085149],[-121.595812,40.085228],[-121.595812,40.085263],[-121.595815,40.0855],[-121.595816,40.085526],[-121.595816,40.085545],[-121.595816,40.085556],[-121.595817,40.08562],[-121.595829,40.086494],[-121.595823,40.086619],[-121.595795,40.087235],[-121.595795,40.087305],[-121.595833,40.093044],[-121.595827,40.093126],[-121.595825,40.093148],[-121.595824,40.093166],[-121.595802,40.093458],[-121.595746,40.093475],[-121.59568,40.093479],[-121.595617,40.093458],[-121.595597,40.093453],[-121.595551,40.09346],[-121.586141,40.093295],[-121.586214,40.095323],[-121.586228,40.095725],[-121.586235,40.095921],[-121.586262,40.096782],[-121.586273,40.097107],[-121.586275,40.097167],[-121.58628,40.097301],[-121.586407,40.100522],[-121.582042,40.100516],[-121.581379,40.100514],[-121.581204,40.100513],[-121.581145,40.100513],[-121.581079,40.100513],[-121.580913,40.100513],[-121.580793,40.100513],[-121.580564,40.100512],[-121.580279,40.100511],[-121.576034,40.10049],[-121.575651,40.100489],[-121.573715,40.100483],[-121.573261,40.100481],[-121.572759,40.100481],[-121.572694,40.100481],[-121.572682,40.100481],[-121.571638,40.100482],[-121.570004,40.100474],[-121.568544,40.100464],[-121.566056,40.100448],[-121.563571,40.100432],[-121.563431,40.100428],[-121.563321,40.100429],[-121.563252,40.10043],[-121.562681,40.100435],[-121.562637,40.100435],[-121.561379,40.10038],[-121.549442,40.100411],[-121.548101,40.100409],[-121.541026,40.100414],[-121.534499,40.100441],[-121.534476,40.10044],[-121.532756,40.100423],[-121.532181,40.100424],[-121.522022,40.10044],[-121.521278,40.100444],[-121.519738,40.100454],[-121.517573,40.100468],[-121.516493,40.100475],[-121.515229,40.100483],[-121.514819,40.100486],[-121.514795,40.100486],[-121.51478,40.100486],[-121.514767,40.100486],[-121.51443,40.100489],[-121.512108,40.100505],[-121.512089,40.100505],[-121.510559,40.100515],[-121.510557,40.101697],[-121.510557,40.101769],[-121.510551,40.107977],[-121.501084,40.10795],[-121.498172,40.107968],[-121.490873,40.108044],[-121.490866,40.108935],[-121.490862,40.112632],[-121.49086,40.113859],[-121.49086,40.113927],[-121.49086,40.114046],[-121.490858,40.115286],[-121.486062,40.115203],[-121.485927,40.115201],[-121.484744,40.115159],[-121.483839,40.115144],[-121.48097,40.115087],[-121.480954,40.122366],[-121.474403,40.122243],[-121.471336,40.122156],[-121.469587,40.122135],[-121.469557,40.122135],[-121.469223,40.122146],[-121.456674,40.121968],[-121.456581,40.121972],[-121.452898,40.122125],[-121.453023,40.124841],[-121.453011,40.125046],[-121.452978,40.125364],[-121.452981,40.125383],[-121.452872,40.12721],[-121.452871,40.127228],[-121.45287,40.127247],[-121.452727,40.129735],[-121.444042,40.12965],[-121.444017,40.12965],[-121.443805,40.129649],[-121.443788,40.129649],[-121.442869,40.129647],[-121.442874,40.130279],[-121.442876,40.13049],[-121.442876,40.130528],[-121.442876,40.130566],[-121.442836,40.1487],[-121.437867,40.151377],[-121.436886,40.151905],[-121.436474,40.152024],[-121.436123,40.151979],[-121.436109,40.151979],[-121.435353,40.151973],[-121.419018,40.151848],[-121.416723,40.151816],[-121.404509,40.151648],[-121.404621,40.146641],[-121.404877,40.124869],[-121.404855,40.115545],[-121.385934,40.1159],[-121.386105,40.10865],[-121.380671,40.108625],[-121.376489,40.108626],[-121.376492,40.105086],[-121.376495,40.104836],[-121.376774,40.08709],[-121.376774,40.08708],[-121.376792,40.086034],[-121.376766,40.086025],[-121.376763,40.086027],[-121.376545,40.086012],[-121.37608,40.086066],[-121.375624,40.086058],[-121.374941,40.086045],[-121.371768,40.086074],[-121.366818,40.086054],[-121.36687,40.083783],[-121.366883,40.083641],[-121.367008,40.077673],[-121.36701,40.077577],[-121.367026,40.076894],[-121.367142,40.071888],[-121.372302,40.071859],[-121.374034,40.071849],[-121.37608,40.071639],[-121.376844,40.071747],[-121.376952,40.064913],[-121.377076,40.057089],[-121.379618,40.057038],[-121.381996,40.056991],[-121.382092,40.055144],[-121.382257,40.051983],[-121.382266,40.051827],[-121.383103,40.051839],[-121.394727,40.052026],[-121.396126,40.052043],[-121.400353,40.052095],[-121.400338,40.030523],[-121.409642,40.030624],[-121.409627,40.027849],[-121.409604,40.023619],[-121.409601,40.023055],[-121.409562,40.015728],[-121.41948,40.015766],[-121.419383,40.006248],[-121.419366,40.00461],[-121.419457,39.999883],[-121.419817,39.987549],[-121.410812,39.987295],[-121.410263,39.987303],[-121.410283,39.985552],[-121.410237,39.979898],[-121.410368,39.968713],[-121.410371,39.96792],[-121.410327,39.958478],[-121.415446,39.958492],[-121.416503,39.958507],[-121.419844,39.958625],[-121.419887,39.955753],[-121.420368,39.938153],[-121.420573,39.929606],[-121.420577,39.92945],[-121.411086,39.929433],[-121.411001,39.915091],[-121.41254,39.915069],[-121.413477,39.915056],[-121.427616,39.914816],[-121.427646,39.914816],[-121.430012,39.914833],[-121.430001,39.911812],[-121.430001,39.911796],[-121.429957,39.900313],[-121.426848,39.900327],[-121.412108,39.900431],[-121.411814,39.900408],[-121.411686,39.900398],[-121.411,39.900425],[-121.411089,39.898704],[-121.411357,39.891109],[-121.411358,39.891084],[-121.411552,39.88612],[-121.41156,39.885913],[-121.411777,39.880672],[-121.411934,39.874884],[-121.411936,39.871559],[-121.411936,39.871421],[-121.409665,39.871395],[-121.407656,39.871392],[-121.399018,39.871287],[-121.398925,39.869682],[-121.398529,39.862884],[-121.393752,39.862876],[-121.393026,39.862874],[-121.392967,39.862874],[-121.388775,39.862826],[-121.389123,39.862112],[-121.389895,39.860056],[-121.391202,39.857291],[-121.392152,39.856147],[-121.392361,39.855736],[-121.392331,39.854913],[-121.393622,39.852982],[-121.393904,39.852537],[-121.394319,39.851052],[-121.394498,39.849773],[-121.395685,39.847967],[-121.395893,39.846094],[-121.395983,39.845751],[-121.396309,39.84534],[-121.396962,39.844722],[-121.39824,39.843944],[-121.399279,39.84351],[-121.400973,39.84335],[-121.406168,39.843197],[-121.409451,39.843094],[-121.409838,39.84303],[-121.409863,39.843026],[-121.411335,39.842177],[-121.413245,39.840343],[-121.414332,39.839518],[-121.41495,39.839197],[-121.415741,39.838166],[-121.416264,39.837136],[-121.41646,39.836452],[-121.416494,39.836335],[-121.416549,39.835582],[-121.416424,39.834805],[-121.41573,39.833093],[-121.415012,39.83241],[-121.414624,39.832206],[-121.413968,39.832001],[-121.412657,39.831821],[-121.411494,39.831482],[-121.410387,39.830205],[-121.410204,39.829543],[-121.410229,39.82888],[-121.410664,39.827579],[-121.410926,39.826916],[-121.412193,39.825842],[-121.412606,39.825567],[-121.413785,39.824539],[-121.415289,39.823533],[-121.416884,39.823144],[-121.41783,39.823076],[-121.418835,39.822894],[-121.420017,39.822802],[-121.421908,39.822482],[-121.422517,39.822423],[-121.422887,39.822378],[-121.423717,39.822117],[-121.424086,39.822006],[-121.424586,39.821642],[-121.42511,39.820824],[-121.426096,39.818914],[-121.427113,39.81714],[-121.427572,39.815799],[-121.427772,39.814844],[-121.427878,39.814447],[-121.428211,39.813725],[-121.428822,39.81286],[-121.43067,39.811405],[-121.432509,39.810205],[-121.434303,39.809628],[-121.435697,39.809197],[-121.436624,39.808674],[-121.437343,39.808038],[-121.437715,39.807581],[-121.438522,39.80699],[-121.438615,39.80695],[-121.440056,39.806129],[-121.441123,39.805292],[-121.442556,39.803838],[-121.443799,39.80309],[-121.444902,39.802869],[-121.447084,39.802604],[-121.447342,39.802449],[-121.447649,39.802263],[-121.447709,39.802228],[-121.447883,39.802056],[-121.449164,39.800802],[-121.449814,39.799839],[-121.450355,39.798623],[-121.450374,39.79858],[-121.450638,39.797481],[-121.451462,39.795825],[-121.451815,39.79518],[-121.451891,39.794719],[-121.452347,39.794054],[-121.452569,39.793486],[-121.452698,39.792922],[-121.452647,39.792268],[-121.452443,39.791545],[-121.452129,39.790775],[-121.451756,39.789744],[-121.451615,39.789573],[-121.451389,39.789404],[-121.451067,39.789183],[-121.450468,39.788936],[-121.449922,39.788651],[-121.449536,39.788437],[-121.44837,39.787416],[-121.44807,39.787088],[-121.447688,39.786444],[-121.447379,39.785813],[-121.447111,39.785104],[-121.447019,39.784689],[-121.44701,39.784436],[-121.447094,39.784126],[-121.447495,39.782986],[-121.447821,39.782326],[-121.448064,39.781334],[-121.448284,39.780904],[-121.448497,39.780532],[-121.448709,39.77988],[-121.448903,39.779631],[-121.449436,39.778439],[-121.449699,39.778062],[-121.450112,39.777539],[-121.450424,39.777192],[-121.450973,39.776731],[-121.451592,39.776237],[-121.452126,39.775776],[-121.452395,39.775497],[-121.452671,39.775166],[-121.452858,39.77498],[-121.453234,39.774677],[-121.453647,39.77418],[-121.454232,39.773576],[-121.454545,39.773141],[-121.45482,39.772588],[-121.454965,39.772234],[-121.455289,39.771764],[-121.455695,39.77128],[-121.456401,39.770188],[-121.456606,39.769862],[-121.456733,39.769566],[-121.456869,39.769424],[-121.457026,39.769337],[-121.457276,39.769281],[-121.45739,39.769309],[-121.457659,39.769433],[-121.458071,39.769545],[-121.458105,39.76955],[-121.45822,39.769565],[-121.458434,39.769544],[-121.458642,39.769541],[-121.458693,39.76954],[-121.459092,39.769435],[-121.4594,39.769285],[-121.459918,39.768906],[-121.460037,39.768753],[-121.46006,39.768523],[-121.45979,39.76803],[-121.459634,39.767595],[-121.459454,39.767397],[-121.459171,39.767195],[-121.458836,39.766826],[-121.458635,39.766536],[-121.45856,39.766251],[-121.458559,39.765894],[-121.458642,39.76573],[-121.458984,39.765256],[-121.459213,39.764999],[-121.459412,39.764641],[-121.459701,39.76406],[-121.459836,39.7636],[-121.459917,39.762895],[-121.459916,39.762109],[-121.4599,39.761805],[-121.459816,39.761233],[-121.459829,39.760931],[-121.459956,39.759331],[-121.460028,39.758805],[-121.460156,39.758317],[-121.460272,39.758103],[-121.460518,39.757975],[-121.461827,39.757559],[-121.462183,39.757437],[-121.462817,39.757311],[-121.463102,39.757246],[-121.463939,39.757135],[-121.464623,39.756993],[-121.465464,39.75684],[-121.466158,39.756761],[-121.466756,39.756728],[-121.467461,39.756597],[-121.46776,39.756563],[-121.468017,39.756493],[-121.468322,39.75648],[-121.468853,39.756359],[-121.469559,39.756135],[-121.470397,39.755955],[-121.471287,39.755756],[-121.471501,39.755691],[-121.471893,39.755553],[-121.472346,39.755382],[-121.472604,39.755246],[-121.472779,39.755063],[-121.472816,39.754849],[-121.472702,39.754489],[-121.472623,39.754153],[-121.472274,39.75323],[-121.472125,39.752754],[-121.472095,39.752479],[-121.472147,39.752188],[-121.472431,39.750985],[-121.472459,39.750496],[-121.472376,39.749763],[-121.472335,39.749543],[-121.472358,39.749356],[-121.472449,39.749011],[-121.472331,39.748769],[-121.472304,39.748516],[-121.472079,39.747318],[-121.472,39.746873],[-121.471933,39.746436],[-121.472024,39.746072],[-121.472212,39.745688],[-121.472489,39.745256],[-121.472598,39.745072],[-121.472699,39.744859],[-121.472811,39.744568],[-121.472841,39.744442],[-121.472729,39.744222],[-121.472741,39.744025],[-121.472913,39.743883],[-121.473366,39.743602],[-121.473432,39.74347],[-121.473571,39.743345],[-121.473636,39.74323],[-121.47364,39.743142],[-121.473709,39.742991],[-121.473778,39.742821],[-121.473921,39.742668],[-121.474029,39.74257],[-121.47409,39.742505],[-121.474141,39.742345],[-121.474177,39.742214],[-121.474275,39.741992],[-121.474197,39.741901],[-121.47412,39.741824],[-121.4741,39.741687],[-121.474094,39.741538],[-121.474127,39.741368],[-121.47406,39.741297],[-121.474004,39.741159],[-121.474005,39.741082],[-121.47407,39.740901],[-121.474031,39.740863],[-121.473936,39.740785],[-121.473894,39.740675],[-121.473733,39.740362],[-121.473698,39.740252],[-121.473664,39.740172],[-121.473654,39.739991],[-121.473534,39.739864],[-121.473294,39.739698],[-121.473334,39.739534],[-121.473379,39.739292],[-121.473351,39.739171],[-121.47331,39.739045],[-121.473256,39.739089],[-121.473222,39.739314],[-121.473183,39.739341],[-121.473088,39.739228],[-121.472965,39.738997],[-121.472876,39.738595],[-121.472796,39.738293],[-121.472716,39.738062],[-121.472612,39.73782],[-121.472648,39.737694],[-121.472595,39.737622],[-121.472447,39.737487],[-121.472353,39.737294],[-121.472258,39.737135],[-121.472078,39.736942],[-121.471873,39.736774],[-121.471678,39.736668],[-121.471214,39.736444],[-121.470973,39.736311],[-121.470857,39.736225],[-121.470716,39.736049],[-121.470549,39.736037],[-121.47039,39.735954],[-121.470305,39.735857],[-121.470292,39.735775],[-121.470228,39.735665],[-121.470119,39.735549],[-121.46995,39.735345],[-121.469792,39.735078],[-121.469684,39.734836],[-121.469659,39.734397],[-121.469703,39.734205],[-121.469593,39.734177],[-121.469452,39.734099],[-121.468777,39.733462],[-121.468668,39.733333],[-121.468478,39.733096],[-121.46827,39.732864],[-121.468008,39.732695],[-121.467931,39.732629],[-121.467885,39.732525],[-121.467858,39.732404],[-121.467802,39.732299],[-121.467587,39.732059],[-121.467452,39.732009],[-121.467167,39.732058],[-121.46706,39.732076],[-121.46709,39.732299],[-121.467252,39.732513],[-121.467426,39.732651],[-121.467681,39.732738],[-121.467829,39.732843],[-121.467942,39.732992],[-121.468008,39.733184],[-121.468127,39.733432],[-121.468395,39.733699],[-121.468635,39.73392],[-121.468875,39.734149],[-121.469153,39.73448],[-121.469336,39.734686],[-121.469382,39.734802],[-121.469494,39.734978],[-121.469558,39.735044],[-121.469702,39.73521],[-121.47005,39.735752],[-121.470014,39.735812],[-121.470013,39.735884],[-121.470094,39.736065],[-121.470193,39.736148],[-121.470512,39.736185],[-121.470587,39.736229],[-121.470625,39.73629],[-121.470624,39.736422],[-121.470727,39.736549],[-121.470932,39.736635],[-121.47145,39.736835],[-121.471751,39.736982],[-121.47192,39.737098],[-121.472008,39.737307],[-121.472099,39.737464],[-121.472346,39.737706],[-121.472441,39.737822],[-121.472468,39.737965],[-121.472449,39.738119],[-121.472596,39.738413],[-121.472691,39.738617],[-121.472725,39.738759],[-121.472717,39.738924],[-121.472755,39.739072],[-121.472797,39.739177],[-121.472902,39.739386],[-121.472954,39.73954],[-121.472956,39.739677],[-121.472923,39.739847],[-121.472939,39.740045],[-121.472984,39.740215],[-121.473061,39.740375],[-121.473188,39.740477],[-121.473266,39.740505],[-121.473415,39.740528],[-121.473581,39.740726],[-121.473601,39.740918],[-121.473671,39.741061],[-121.473712,39.741201],[-121.473742,39.741482],[-121.473816,39.741663],[-121.4739,39.741806],[-121.473934,39.741905],[-121.473918,39.742169],[-121.473879,39.742196],[-121.473864,39.742295],[-121.473745,39.742492],[-121.473576,39.742664],[-121.473522,39.742801],[-121.473424,39.743015],[-121.473384,39.743113],[-121.473316,39.743228],[-121.473241,39.743294],[-121.473073,39.743444],[-121.472786,39.74369],[-121.472779,39.743761],[-121.47255,39.743823],[-121.472193,39.744014],[-121.47214,39.744052],[-121.47213,39.744381],[-121.471896,39.744767],[-121.471816,39.744959],[-121.471761,39.745173],[-121.47176,39.745376],[-121.471802,39.745426],[-121.471931,39.745289],[-121.472039,39.745155],[-121.472104,39.744996],[-121.472188,39.744744],[-121.472278,39.744525],[-121.472415,39.744366],[-121.472486,39.74441],[-121.472474,39.744553],[-121.472386,39.744844],[-121.472253,39.745046],[-121.472094,39.745347],[-121.472069,39.745408],[-121.472075,39.745501],[-121.472009,39.74572],[-121.471836,39.746079],[-121.471715,39.746106],[-121.471625,39.746155],[-121.471568,39.74627],[-121.471484,39.746506],[-121.471472,39.746643],[-121.471492,39.746808],[-121.471667,39.747138],[-121.471705,39.747374],[-121.471714,39.747627],[-121.471769,39.747808],[-121.471856,39.748006],[-121.471954,39.748676],[-121.472003,39.748839],[-121.472069,39.748993],[-121.472081,39.749234],[-121.471994,39.749547],[-121.472039,39.749657],[-121.472038,39.749772],[-121.472049,39.749884],[-121.472096,39.750124],[-121.472187,39.750325],[-121.472217,39.750544],[-121.472217,39.751028],[-121.472139,39.751392],[-121.471924,39.752083],[-121.471869,39.75228],[-121.47187,39.752681],[-121.471891,39.753137],[-121.471954,39.753291],[-121.472091,39.753506],[-121.472195,39.753778],[-121.472246,39.754091],[-121.472276,39.754355],[-121.472353,39.75458],[-121.472533,39.754768],[-121.472553,39.754889],[-121.472488,39.755048],[-121.472006,39.755257],[-121.47094,39.755554],[-121.470705,39.755668],[-121.47047,39.755697],[-121.470028,39.755739],[-121.469601,39.755806],[-121.469252,39.755906],[-121.468998,39.756047],[-121.468207,39.756214],[-121.46788,39.756228],[-121.467303,39.7563],[-121.466288,39.756471],[-121.466103,39.756508],[-121.465512,39.756558],[-121.464437,39.75669],[-121.463443,39.756861],[-121.462396,39.757098],[-121.461708,39.757245],[-121.460895,39.75756],[-121.46056,39.757602],[-121.460057,39.757789],[-121.459856,39.757983],[-121.459708,39.758295],[-121.459545,39.759074],[-121.459553,39.759398],[-121.459572,39.759744],[-121.459582,39.760255],[-121.459545,39.760902],[-121.459531,39.761353],[-121.459582,39.76155],[-121.459595,39.76171],[-121.459654,39.76244],[-121.459596,39.762918],[-121.459503,39.76345],[-121.459452,39.763614],[-121.459128,39.764543],[-121.458893,39.765014],[-121.458706,39.765307],[-121.458558,39.765476],[-121.458429,39.76574],[-121.458315,39.76609],[-121.458295,39.766398],[-121.45835,39.766601],[-121.458529,39.766898],[-121.458765,39.767207],[-121.459206,39.767651],[-121.459325,39.767888],[-121.459325,39.767939],[-121.459327,39.768129],[-121.459383,39.768253],[-121.45951,39.768341],[-121.459655,39.768507],[-121.459668,39.768644],[-121.459577,39.76883],[-121.459363,39.768961],[-121.458866,39.769241],[-121.458709,39.769288],[-121.458684,39.769283],[-121.458338,39.769219],[-121.458312,39.769214],[-121.457615,39.769123],[-121.45731,39.769056],[-121.456947,39.769073],[-121.456711,39.769171],[-121.456579,39.769275],[-121.45647,39.76959],[-121.455639,39.770758],[-121.454644,39.772263],[-121.454323,39.772788],[-121.454215,39.773021],[-121.454196,39.773202],[-121.454109,39.773361],[-121.453592,39.77396],[-121.451953,39.775558],[-121.451207,39.776298],[-121.450538,39.776847],[-121.450133,39.777204],[-121.449734,39.777677],[-121.449165,39.778457],[-121.448761,39.779141],[-121.448333,39.780163],[-121.448199,39.780525],[-121.448083,39.780758],[-121.447992,39.781026],[-121.4478,39.781322],[-121.447758,39.781761],[-121.447595,39.782114],[-121.447522,39.782344],[-121.447231,39.782705],[-121.447144,39.782919],[-121.447116,39.783188],[-121.446812,39.783848],[-121.446662,39.784407],[-121.446648,39.784797],[-121.446841,39.785539],[-121.447117,39.786185],[-121.447401,39.78672],[-121.447559,39.786951],[-121.447943,39.787416],[-121.44832,39.787811],[-121.44901,39.788355],[-121.449544,39.788761],[-121.449884,39.788941],[-121.450519,39.789211],[-121.45104,39.789452],[-121.451439,39.789816],[-121.451628,39.790155],[-121.451814,39.790897],[-121.452122,39.791538],[-121.452293,39.791978],[-121.452406,39.792539],[-121.45242,39.792945],[-121.452237,39.793691],[-121.45205,39.793871],[-121.451913,39.794054],[-121.451894,39.793929],[-121.45195,39.792556],[-121.451561,39.790933],[-121.451203,39.790178],[-121.450876,39.78979],[-121.448561,39.788352],[-121.447282,39.787234],[-121.447002,39.786804],[-121.446389,39.785863],[-121.44603,39.784444],[-121.446176,39.783416],[-121.447034,39.782201],[-121.447097,39.782034],[-121.447564,39.780828],[-121.447722,39.780024],[-121.447873,39.77932],[-121.448769,39.777928],[-121.449625,39.776908],[-121.449896,39.776641],[-121.451069,39.775494],[-121.451711,39.774702],[-121.451971,39.774182],[-121.452527,39.773616],[-121.45306,39.772739],[-121.453601,39.77185],[-121.453685,39.771397],[-121.454973,39.770359],[-121.455234,39.769906],[-121.455818,39.769272],[-121.456103,39.768322],[-121.456721,39.766787],[-121.456753,39.766689],[-121.45698,39.765962],[-121.457769,39.76493],[-121.458001,39.764448],[-121.458095,39.763633],[-121.458275,39.762066],[-121.458245,39.76154],[-121.458267,39.761287],[-121.458589,39.758056],[-121.458703,39.757552],[-121.459153,39.756945],[-121.459217,39.756763],[-121.459662,39.756328],[-121.460036,39.756137],[-121.460335,39.756012],[-121.460664,39.755911],[-121.462417,39.755984],[-121.463338,39.755741],[-121.464133,39.755254],[-121.465263,39.754988],[-121.466376,39.754727],[-121.468154,39.754617],[-121.469283,39.754261],[-121.470323,39.753405],[-121.47059,39.752886],[-121.471036,39.751238],[-121.471098,39.749655],[-121.470329,39.748462],[-121.469916,39.747152],[-121.470095,39.745323],[-121.47081,39.743081],[-121.471254,39.741687],[-121.471761,39.740241],[-121.471902,39.739067],[-121.471691,39.738469],[-121.471453,39.738124],[-121.470857,39.737709],[-121.469994,39.737225],[-121.469368,39.736696],[-121.468948,39.735891],[-121.468171,39.73474],[-121.46576,39.732622],[-121.46539,39.732297],[-121.465072,39.732001],[-121.464709,39.730736],[-121.464705,39.73009],[-121.465085,39.728985],[-121.465556,39.728362],[-121.466115,39.727922],[-121.467945,39.726947],[-121.468387,39.726532],[-121.469297,39.724963],[-121.469471,39.724411],[-121.469051,39.723467],[-121.468886,39.723257],[-121.468819,39.723173],[-121.468636,39.722946],[-121.468169,39.721941],[-121.468211,39.720016],[-121.468963,39.718496],[-121.469305,39.717986],[-121.470045,39.717023],[-121.470307,39.716758],[-121.470453,39.717002],[-121.470412,39.717268],[-121.470162,39.717827],[-121.469891,39.718408],[-121.469807,39.718646],[-121.46965,39.718739],[-121.469543,39.718876],[-121.469423,39.719155],[-121.469211,39.719503],[-121.469209,39.719678],[-121.469246,39.719909],[-121.469174,39.720106],[-121.468982,39.720929],[-121.468989,39.721434],[-121.469012,39.721698],[-121.469169,39.722028],[-121.469388,39.722295],[-121.469747,39.722547],[-121.469886,39.722657],[-121.470002,39.722817],[-121.470165,39.722911],[-121.470223,39.722725],[-121.470178,39.722615],[-121.469794,39.722176],[-121.4697,39.721956],[-121.469772,39.721759],[-121.469915,39.721702],[-121.470114,39.721747],[-121.470534,39.72207],[-121.470924,39.722165],[-121.471196,39.722389],[-121.471426,39.72256],[-121.47151,39.722742],[-121.471488,39.72289],[-121.471664,39.723096],[-121.471879,39.723251],[-121.4719,39.723389],[-121.471913,39.723537],[-121.471984,39.723921],[-121.471949,39.724377],[-121.472078,39.724229],[-121.472176,39.72392],[-121.472199,39.72375],[-121.472142,39.723332],[-121.472097,39.723167],[-121.472034,39.723054],[-121.47179,39.722811],[-121.471633,39.722615],[-121.471597,39.722569],[-121.471471,39.722313],[-121.471301,39.722192],[-121.47128,39.722131],[-121.471132,39.721971],[-121.470988,39.721828],[-121.470648,39.72167],[-121.470375,39.721463],[-121.470079,39.721214],[-121.469899,39.720994],[-121.469744,39.720776],[-121.469728,39.720556],[-121.46975,39.72009],[-121.469787,39.71992],[-121.469978,39.719605],[-121.4701,39.719348],[-121.470227,39.719008],[-121.470581,39.718386],[-121.470775,39.718113],[-121.470966,39.717746],[-121.471093,39.717425],[-121.471127,39.717178],[-121.471065,39.716904],[-121.470991,39.716763],[-121.47082,39.716477],[-121.470669,39.71634],[-121.470636,39.716311],[-121.470444,39.715901],[-121.470356,39.715802],[-121.470274,39.715725],[-121.470233,39.715626],[-121.470153,39.715351],[-121.469968,39.714977],[-121.46994,39.714845],[-121.469835,39.714633],[-121.469514,39.714286],[-121.469243,39.713985],[-121.469095,39.713847],[-121.468859,39.713605],[-121.468541,39.713348],[-121.467972,39.712975],[-121.467607,39.712805],[-121.467011,39.712624],[-121.466798,39.712629],[-121.466692,39.712643],[-121.466449,39.712674],[-121.465923,39.712674],[-121.465611,39.71264],[-121.465375,39.712757],[-121.464983,39.712881],[-121.464545,39.712964],[-121.464097,39.71303],[-121.463749,39.713037],[-121.46357,39.713212],[-121.463153,39.713344],[-121.462796,39.713464],[-121.462668,39.713466],[-121.462575,39.713537],[-121.462304,39.7137],[-121.462076,39.713718],[-121.461806,39.713679],[-121.46171,39.713771],[-121.461566,39.713982],[-121.461347,39.714228],[-121.461061,39.71438],[-121.460705,39.714491],[-121.460435,39.714471],[-121.460265,39.71447],[-121.459947,39.714622],[-121.459662,39.714679],[-121.459392,39.714694],[-121.459207,39.714734],[-121.45895,39.714815],[-121.458594,39.714909],[-121.458338,39.714952],[-121.458004,39.714964],[-121.457542,39.714943],[-121.45745,39.714915],[-121.45713,39.714922],[-121.456788,39.714986],[-121.456503,39.715026],[-121.456155,39.71498],[-121.455707,39.714997],[-121.454897,39.71501],[-121.454392,39.714996],[-121.453976,39.715024],[-121.453676,39.715246],[-121.453511,39.715338],[-121.453155,39.715399],[-121.452828,39.715436],[-121.452425,39.715456],[-121.452206,39.715463],[-121.451907,39.715498],[-121.451587,39.715466],[-121.45133,39.715569],[-121.451096,39.715606],[-121.450839,39.715652],[-121.450306,39.715707],[-121.450085,39.715788],[-121.449857,39.715828],[-121.44938,39.715892],[-121.448729,39.715954],[-121.448544,39.715943],[-121.448289,39.715873],[-121.448066,39.715822],[-121.447906,39.715856],[-121.447628,39.715889],[-121.447383,39.715855],[-121.44722,39.715755],[-121.44695,39.715817],[-121.446355,39.715877],[-121.445986,39.715878],[-121.445613,39.715827],[-121.445492,39.715829],[-121.445153,39.71597],[-121.444798,39.71601],[-121.444421,39.716013],[-121.444248,39.716084],[-121.443901,39.71614],[-121.443467,39.716162],[-121.443193,39.716114],[-121.443041,39.716037],[-121.442956,39.716036],[-121.44275,39.716169],[-121.442471,39.716256],[-121.442133,39.716312],[-121.441812,39.71636],[-121.441492,39.716367],[-121.441251,39.716343],[-121.441045,39.716329],[-121.440837,39.716481],[-121.440538,39.71657],[-121.440153,39.716645],[-121.439563,39.716684],[-121.438952,39.716628],[-121.438754,39.716581],[-121.438455,39.716574],[-121.438263,39.716581],[-121.437958,39.716514],[-121.437694,39.71662],[-121.437402,39.716651],[-121.437068,39.716652],[-121.436644,39.71685],[-121.43643,39.716888],[-121.436153,39.716853],[-121.43584,39.716827],[-121.435747,39.716882],[-121.435648,39.71692],[-121.435462,39.71707],[-121.435236,39.717315],[-121.435135,39.717441],[-121.434989,39.717548],[-121.434539,39.717705],[-121.434182,39.71787],[-121.433844,39.718014],[-121.433764,39.718112],[-121.433467,39.718407],[-121.433295,39.718607],[-121.433037,39.718814],[-121.432848,39.718901],[-121.43272,39.718931],[-121.432498,39.719127],[-121.432193,39.719354],[-121.432065,39.719408],[-121.431787,39.719494],[-121.431424,39.71955],[-121.431033,39.719589],[-121.430386,39.719584],[-121.430159,39.719533],[-121.430016,39.719587],[-121.429881,39.719595],[-121.429683,39.719539],[-121.429228,39.719435],[-121.428846,39.719309],[-121.428601,39.719198],[-121.428297,39.719029],[-121.428092,39.71893],[-121.427672,39.71893],[-121.427388,39.718907],[-121.427147,39.71887],[-121.426874,39.718781],[-121.426717,39.718785],[-121.42639,39.718732],[-121.425766,39.718621],[-121.425276,39.718512],[-121.424798,39.718358],[-121.424533,39.718232],[-121.424352,39.718145],[-121.423959,39.717874],[-121.423634,39.717705],[-121.423369,39.717495],[-121.42322,39.717469],[-121.42295,39.717429],[-121.422567,39.717342],[-121.42234,39.717281],[-121.421784,39.717067],[-121.421401,39.716892],[-121.420917,39.716634],[-121.420655,39.716479],[-121.420365,39.716277],[-121.420249,39.716128],[-121.420244,39.715925],[-121.420309,39.715813],[-121.420348,39.715744],[-121.420285,39.715689],[-121.419681,39.715661],[-121.419228,39.715398],[-121.418857,39.715191],[-121.41851,39.715046],[-121.418195,39.714888],[-121.418017,39.714871],[-121.417627,39.714761],[-121.417407,39.714673],[-121.417088,39.714586],[-121.416794,39.714491],[-121.416624,39.714394],[-121.416533,39.714284],[-121.416512,39.714201],[-121.41637,39.714173],[-121.416222,39.714101],[-121.415921,39.713899],[-121.415494,39.71357],[-121.415256,39.713327],[-121.415131,39.713189],[-121.414953,39.713062],[-121.414856,39.712993],[-121.414715,39.712811],[-121.414528,39.712651],[-121.414458,39.712555],[-121.414388,39.712477],[-121.414188,39.712487],[-121.413912,39.712373],[-121.413527,39.712135],[-121.41347,39.712091],[-121.413379,39.711934],[-121.413226,39.711917],[-121.413106,39.711872],[-121.412788,39.711681],[-121.412667,39.71162],[-121.412495,39.711438],[-121.41234,39.7113],[-121.412263,39.711203],[-121.412225,39.711033],[-121.412212,39.71089],[-121.412191,39.710836],[-121.412119,39.710829],[-121.411978,39.710818],[-121.411843,39.710784],[-121.41173,39.710682],[-121.411544,39.710439],[-121.41153,39.710379],[-121.411529,39.710159],[-121.411452,39.710033],[-121.411317,39.70995],[-121.411211,39.709913],[-121.411052,39.709754],[-121.410742,39.709516],[-121.410671,39.709422],[-121.410619,39.709342],[-121.410351,39.709132],[-121.410238,39.709011],[-121.4102,39.708912],[-121.41008,39.708793],[-121.40979,39.70855],[-121.409625,39.708362],[-121.409399,39.708188],[-121.409315,39.708078],[-121.409263,39.707924],[-121.40925,39.707798],[-121.40913,39.707737],[-121.408959,39.707695],[-121.408882,39.70765],[-121.40873,39.707512],[-121.408404,39.707321],[-121.408168,39.707133],[-121.408006,39.706979],[-121.407921,39.706874],[-121.407659,39.706804],[-121.407543,39.70671],[-121.407543,39.706666],[-121.407345,39.706542],[-121.407253,39.70647],[-121.407162,39.706349],[-121.407068,39.706183],[-121.407053,39.706144],[-121.406934,39.706045],[-121.406721,39.706031],[-121.406515,39.705986],[-121.40627,39.705913],[-121.406072,39.70581],[-121.405818,39.705617],[-121.405674,39.705454],[-121.405561,39.705305],[-121.405426,39.704986],[-121.405348,39.704931],[-121.405043,39.704789],[-121.404952,39.704723],[-121.404652,39.704458],[-121.404437,39.704256],[-121.404272,39.704057],[-121.404163,39.703865],[-121.404069,39.703606],[-121.40397,39.703191],[-121.403987,39.702922],[-121.403986,39.702582],[-121.403935,39.702367],[-121.403928,39.701945],[-121.403933,39.701786],[-121.403963,39.701528],[-121.40412,39.701097],[-121.404265,39.700785],[-121.404326,39.700643],[-121.404441,39.700545],[-121.404556,39.700474],[-121.404719,39.700428],[-121.404734,39.700373],[-121.404662,39.700088],[-121.40467,39.699928],[-121.404732,39.699775],[-121.404797,39.699655],[-121.405023,39.699475],[-121.405045,39.699332],[-121.405089,39.699255],[-121.405314,39.699051],[-121.405461,39.698958],[-121.405592,39.698909],[-121.405779,39.698721],[-121.405826,39.698584],[-121.405941,39.698436],[-121.406064,39.6983],[-121.406203,39.698218],[-121.406395,39.698172],[-121.406701,39.698153],[-121.406758,39.698136],[-121.406714,39.698052],[-121.406624,39.697976],[-121.406583,39.697871],[-121.406584,39.697663],[-121.406929,39.697316],[-121.407093,39.697223],[-121.407486,39.696954],[-121.407869,39.696665],[-121.408083,39.696531],[-121.408187,39.696493],[-121.40835,39.696478],[-121.408443,39.696488],[-121.408581,39.696537],[-121.408641,39.696504],[-121.408714,39.69634],[-121.408822,39.696159],[-121.408948,39.696028],[-121.409105,39.695927],[-121.409233,39.695879],[-121.409368,39.695841],[-121.409426,39.695781],[-121.409491,39.695693],[-121.409687,39.695549],[-121.40988,39.695451],[-121.40998,39.695424],[-121.410044,39.695375],[-121.410099,39.695227],[-121.410142,39.695161],[-121.410314,39.695017],[-121.410478,39.694864],[-121.410562,39.694732],[-121.410676,39.694634],[-121.410797,39.694583],[-121.41099,39.694552],[-121.41121,39.694563],[-121.411253,39.694503],[-121.41125,39.694371],[-121.41123,39.694294],[-121.411267,39.694157],[-121.411331,39.694056],[-121.411449,39.693952],[-121.411621,39.69386],[-121.411876,39.693512],[-121.411955,39.693419],[-121.412076,39.69336],[-121.412268,39.693328],[-121.412674,39.693327],[-121.412745,39.693289],[-121.412729,39.693053],[-121.412695,39.692899],[-121.412723,39.692581],[-121.412774,39.692405],[-121.412851,39.692164],[-121.412938,39.691978],[-121.41301,39.691866],[-121.413135,39.691806],[-121.413057,39.69174],[-121.413016,39.691619],[-121.41303,39.691536],[-121.413081,39.691421],[-121.413135,39.691317],[-121.413179,39.691191],[-121.4133,39.691159],[-121.413457,39.691099],[-121.413596,39.691053],[-121.413707,39.690999],[-121.413739,39.69095],[-121.413704,39.690867],[-121.413599,39.690757],[-121.413521,39.690641],[-121.413483,39.690512],[-121.413491,39.690408],[-121.413614,39.690235],[-121.413633,39.690093],[-121.413591,39.689999],[-121.41355,39.689812],[-121.413576,39.689664],[-121.413599,39.689412],[-121.413621,39.689346],[-121.413633,39.689198],[-121.413698,39.689078],[-121.413892,39.68891],[-121.413927,39.688882],[-121.413928,39.688846],[-121.413892,39.688826],[-121.413825,39.688776],[-121.413713,39.688644],[-121.413707,39.688506],[-121.413706,39.688254],[-121.413678,39.688193],[-121.413683,39.687941],[-121.413649,39.687847],[-121.413587,39.687638],[-121.413487,39.68758],[-121.413427,39.687531],[-121.413344,39.687376],[-121.413281,39.687244],[-121.4133,39.687074],[-121.413365,39.686992],[-121.413351,39.686882],[-121.413288,39.686871],[-121.413181,39.686832],[-121.413026,39.686694],[-121.412995,39.686639],[-121.412975,39.686493],[-121.412939,39.686455],[-121.412784,39.686393],[-121.412664,39.686261],[-121.412597,39.686162],[-121.412556,39.686035],[-121.41233,39.685867],[-121.412206,39.685784],[-121.412108,39.685685],[-121.412108,39.685624],[-121.41196,39.685503],[-121.411859,39.685302],[-121.41186,39.685148],[-121.411797,39.685098],[-121.41174,39.685026],[-121.41166,39.684862],[-121.411654,39.684752],[-121.411669,39.684658],[-121.411731,39.68451],[-121.411668,39.684351],[-121.41167,39.684175],[-121.411703,39.684033],[-121.411725,39.683906],[-121.411635,39.683719],[-121.411639,39.683599],[-121.41169,39.683456],[-121.411798,39.683352],[-121.41198,39.683224],[-121.412037,39.683137],[-121.412081,39.68306],[-121.412196,39.682907],[-121.412285,39.682814],[-121.412364,39.682765],[-121.412442,39.682749],[-121.412535,39.682714],[-121.4126,39.682637],[-121.412628,39.682566],[-121.412686,39.682506],[-121.412743,39.682424],[-121.412819,39.682337],[-121.412955,39.682205],[-121.413184,39.682072],[-121.413347,39.682013],[-121.413494,39.681881],[-121.413537,39.68181],[-121.413623,39.681731],[-121.413709,39.681671],[-121.413837,39.681614],[-121.413902,39.68159],[-121.413921,39.681541],[-121.413999,39.681426],[-121.414085,39.681377],[-121.414118,39.681298],[-121.414207,39.681166],[-121.414512,39.680899],[-121.414548,39.680844],[-121.414626,39.680789],[-121.414662,39.680735],[-121.414881,39.680579],[-121.414973,39.680552],[-121.415073,39.680492],[-121.415194,39.680411],[-121.415344,39.680343],[-121.415377,39.680206],[-121.415428,39.68014],[-121.415528,39.680025],[-121.415875,39.67975],[-121.415954,39.679717],[-121.416253,39.679653],[-121.416402,39.679574],[-121.416479,39.679382],[-121.416629,39.679257],[-121.416751,39.679192],[-121.416943,39.679075],[-121.417133,39.678938],[-121.417326,39.678764],[-121.417548,39.678597],[-121.417666,39.678521],[-121.417808,39.678456],[-121.41805,39.678416],[-121.4181,39.678384],[-121.418158,39.678301],[-121.41828,39.678192],[-121.418383,39.678116],[-121.4184,39.677869],[-121.41859,39.677669],[-121.418747,39.677527],[-121.418919,39.677408],[-121.418976,39.677358],[-121.419033,39.677342],[-121.419126,39.677302],[-121.419179,39.677242],[-121.419237,39.677165],[-121.419309,39.677055],[-121.419474,39.676935],[-121.419648,39.676838],[-121.419784,39.676792],[-121.41989,39.67677],[-121.420004,39.676798],[-121.420104,39.676788],[-121.420183,39.676656],[-121.420522,39.676403],[-121.420615,39.676359],[-121.4208,39.676297],[-121.420999,39.676276],[-121.421106,39.676288],[-121.421248,39.676321],[-121.421334,39.67622],[-121.421398,39.676177],[-121.421505,39.676139],[-121.421633,39.676118],[-121.421797,39.676064],[-121.421925,39.676045],[-121.422188,39.676046],[-121.422273,39.676063],[-121.42245,39.676122],[-121.422521,39.676095],[-121.422544,39.675933],[-121.42257,39.675793],[-121.422713,39.675744],[-121.422834,39.67569],[-121.423061,39.675689],[-121.423289,39.675706],[-121.423636,39.675815],[-121.423792,39.67587],[-121.423872,39.675798],[-121.423907,39.675674],[-121.423982,39.675592],[-121.424082,39.675543],[-121.424267,39.675536],[-121.424424,39.675426],[-121.424759,39.675332],[-121.424859,39.67525],[-121.424792,39.675129],[-121.424794,39.674997],[-121.424851,39.674937],[-121.425022,39.67485],[-121.425375,39.674717],[-121.425534,39.674697],[-121.425653,39.674642],[-121.42567,39.6745],[-121.425676,39.674444],[-121.425705,39.674346],[-121.425766,39.674286],[-121.425887,39.674201],[-121.42613,39.674115],[-121.426159,39.673945],[-121.426195,39.673901],[-121.426356,39.673773],[-121.426463,39.673757],[-121.426506,39.67376],[-121.426598,39.673768],[-121.426614,39.673532],[-121.426676,39.673417],[-121.426818,39.673319],[-121.426876,39.673248],[-121.426881,39.673019],[-121.426906,39.67299],[-121.426946,39.67296],[-121.427125,39.672736],[-121.427169,39.672615],[-121.427245,39.672484],[-121.427571,39.672088],[-121.42765,39.671979],[-121.427708,39.671842],[-121.427776,39.671754],[-121.427891,39.671617],[-121.42807,39.671473],[-121.428191,39.671407],[-121.428459,39.671326],[-121.428601,39.671237],[-121.428751,39.671204],[-121.428829,39.671172],[-121.428944,39.671074],[-121.429036,39.671041],[-121.429499,39.671013],[-121.42962,39.670992],[-121.429719,39.670946],[-121.429847,39.670919],[-121.429961,39.670915],[-121.430089,39.670931],[-121.430217,39.670962],[-121.430372,39.671034],[-121.430493,39.671068],[-121.430727,39.671096],[-121.431167,39.671085],[-121.431366,39.671144],[-121.431436,39.671204],[-121.431506,39.67132],[-121.431574,39.67138],[-121.431659,39.671409],[-121.4318,39.671508],[-121.431863,39.671574],[-121.431897,39.671753],[-121.431885,39.671912],[-121.431849,39.672002],[-121.431834,39.672079],[-121.431751,39.672205],[-121.431765,39.672244],[-121.431843,39.672277],[-121.431928,39.672335],[-121.43197,39.672412],[-121.431998,39.672478],[-121.431997,39.672599],[-121.431971,39.672697],[-121.431912,39.672878],[-121.431834,39.672979],[-121.431829,39.673062],[-121.431854,39.673155],[-121.43195,39.673532],[-121.431935,39.67363],[-121.431927,39.673735],[-121.431912,39.673811],[-121.431858,39.673918],[-121.431736,39.67406],[-121.431707,39.67411],[-121.431713,39.674258],[-121.431684,39.674313],[-121.431665,39.674379],[-121.431711,39.674421],[-121.432034,39.674493],[-121.432182,39.674598],[-121.432303,39.674643],[-121.432387,39.674714],[-121.432468,39.674794],[-121.432509,39.674965],[-121.432509,39.675393],[-121.432538,39.675459],[-121.432729,39.675471],[-121.432792,39.675532],[-121.432785,39.675614],[-121.432702,39.675756],[-121.432751,39.67579],[-121.43295,39.675828],[-121.433014,39.675843],[-121.433367,39.676037],[-121.433548,39.676084],[-121.433668,39.67614],[-121.433817,39.67625],[-121.43388,39.676306],[-121.433915,39.676416],[-121.43395,39.676471],[-121.434088,39.676518],[-121.434173,39.676601],[-121.434264,39.676673],[-121.434313,39.676744],[-121.434355,39.676827],[-121.434429,39.676915],[-121.434428,39.677091],[-121.434363,39.677239],[-121.434469,39.677294],[-121.434472,39.677366],[-121.434507,39.677404],[-121.434549,39.677393],[-121.434557,39.677338],[-121.434596,39.677295],[-121.434668,39.677254],[-121.434753,39.677287],[-121.434926,39.677431],[-121.435039,39.677514],[-121.435145,39.677624],[-121.4352,39.677731],[-121.435239,39.677825],[-121.435423,39.677864],[-121.43553,39.677854],[-121.435622,39.677832],[-121.435757,39.677836],[-121.435906,39.677868],[-121.43597,39.677881],[-121.436211,39.677953],[-121.436445,39.678017],[-121.436544,39.678111],[-121.4366,39.678123],[-121.436588,39.677952],[-121.43656,39.677832],[-121.436479,39.677716],[-121.436466,39.677606],[-121.43641,39.677534],[-121.436248,39.677366],[-121.436132,39.677222],[-121.436111,39.677168],[-121.436134,39.676998],[-121.436209,39.676872],[-121.436353,39.676677],[-121.43634,39.676568],[-121.436284,39.676485],[-121.43604,39.676261],[-121.435998,39.676179],[-121.435985,39.676091],[-121.435975,39.675619],[-121.435841,39.675443],[-121.435757,39.675354],[-121.435548,39.675197],[-121.43545,39.675021],[-121.435444,39.674878],[-121.435501,39.674835],[-121.435655,39.674742],[-121.435833,39.674685],[-121.43626,39.674621],[-121.436432,39.674526],[-121.436603,39.674439],[-121.43671,39.674401],[-121.436823,39.67438],[-121.437172,39.674379],[-121.437211,39.67434],[-121.437233,39.674258],[-121.437369,39.674094],[-121.437477,39.673977],[-121.437602,39.6739],[-121.437716,39.673873],[-121.437921,39.673907],[-121.438095,39.673955],[-121.438223,39.673928],[-121.438355,39.673857],[-121.438519,39.673866],[-121.438726,39.673648],[-121.438869,39.673555],[-121.438955,39.673518],[-121.439065,39.673471],[-121.439222,39.67345],[-121.439343,39.673423],[-121.439556,39.673441],[-121.439726,39.673477],[-121.439906,39.673566],[-121.440019,39.673671],[-121.440089,39.673759],[-121.44026,39.673779],[-121.440472,39.673835],[-121.440716,39.673979],[-121.440836,39.674114],[-121.440921,39.674131],[-121.441012,39.674252],[-121.441062,39.674302],[-121.441214,39.674368],[-121.441327,39.674388],[-121.441375,39.674257],[-121.44142,39.673993],[-121.441553,39.673741],[-121.441682,39.673588],[-121.441808,39.67349],[-121.441993,39.673433],[-121.442184,39.673434],[-121.44234,39.673479],[-121.442535,39.673549],[-121.442655,39.673604],[-121.442818,39.673655],[-121.443116,39.673697],[-121.443315,39.673747],[-121.443421,39.673765],[-121.443394,39.673616],[-121.443229,39.673374],[-121.443188,39.673269],[-121.443193,39.67305],[-121.443243,39.672956],[-121.443322,39.672858],[-121.443429,39.67282],[-121.4436,39.672774],[-121.443941,39.672771],[-121.444098,39.672675],[-121.444359,39.672545],[-121.444465,39.672523],[-121.444607,39.672554],[-121.444706,39.672609],[-121.44483,39.672654],[-121.444937,39.672654],[-121.445012,39.672611],[-121.445112,39.672507],[-121.445283,39.672412],[-121.445412,39.672369],[-121.445525,39.672369],[-121.445631,39.672392],[-121.44576,39.672313],[-121.445775,39.672247],[-121.445993,39.672056],[-121.446228,39.671991],[-121.446392,39.671967],[-121.446491,39.671957],[-121.446748,39.671848],[-121.44689,39.671829],[-121.447082,39.671841],[-121.447195,39.671881],[-121.447287,39.671947],[-121.447442,39.672038],[-121.447647,39.672193],[-121.447704,39.672221],[-121.447797,39.672194],[-121.447918,39.672104],[-121.44804,39.671923],[-121.448166,39.67177],[-121.448259,39.671633],[-121.448459,39.671552],[-121.448707,39.671545],[-121.44897,39.671618],[-121.449077,39.67156],[-121.449198,39.671545],[-121.449304,39.671545],[-121.449446,39.671601],[-121.449659,39.671571],[-121.449858,39.671556],[-121.449972,39.671562],[-121.450142,39.671626],[-121.450311,39.671748],[-121.450463,39.671886],[-121.450583,39.672023],[-121.450682,39.67204],[-121.45086,39.67206],[-121.451037,39.672105],[-121.451309,39.672268],[-121.4514,39.672389],[-121.451513,39.672511],[-121.451626,39.672528],[-121.451904,39.672516],[-121.452181,39.672522],[-121.45233,39.672551],[-121.452673,39.672698],[-121.452878,39.672819],[-121.453026,39.672977],[-121.453177,39.673219],[-121.453376,39.673242],[-121.453723,39.673268],[-121.45417,39.673339],[-121.454312,39.673422],[-121.454307,39.673554],[-121.45422,39.673789],[-121.454087,39.674025],[-121.454007,39.674233],[-121.453942,39.674362],[-121.454009,39.674414],[-121.454215,39.67441],[-121.454588,39.674371],[-121.454901,39.674366],[-121.455157,39.67431],[-121.455264,39.674272],[-121.455399,39.674289],[-121.455562,39.674317],[-121.455977,39.674454],[-121.456076,39.674509],[-121.45616,39.674658],[-121.456287,39.674755],[-121.456332,39.674837],[-121.456332,39.674936],[-121.456281,39.675062],[-121.456595,39.67536],[-121.456643,39.675481],[-121.456642,39.675673],[-121.456723,39.675712],[-121.456969,39.675661],[-121.457168,39.675667],[-121.45749,39.675776],[-121.45761,39.675897],[-121.457694,39.676002],[-121.457694,39.676062],[-121.45786,39.676189],[-121.457965,39.67633],[-121.458049,39.676457],[-121.458106,39.676517],[-121.45815,39.67671],[-121.458278,39.676688],[-121.458492,39.676659],[-121.458627,39.676594],[-121.458834,39.676573],[-121.458912,39.67659],[-121.459032,39.676653],[-121.459186,39.676863],[-121.45926,39.676973],[-121.459338,39.677017],[-121.45948,39.677018],[-121.459715,39.676994],[-121.459961,39.676902],[-121.460096,39.676911],[-121.460273,39.676956],[-121.460383,39.677],[-121.4605,39.676957],[-121.460763,39.676966],[-121.461057,39.677078],[-121.461135,39.677089],[-121.461221,39.677032],[-121.46137,39.676999],[-121.461597,39.677023],[-121.461689,39.677072],[-121.461845,39.677142],[-121.461948,39.677222],[-121.462008,39.67723],[-121.462272,39.677105],[-121.462485,39.677043],[-121.462684,39.677022],[-121.462883,39.676982],[-121.463104,39.676989],[-121.463334,39.677065],[-121.463479,39.677125],[-121.463722,39.676994],[-121.463832,39.676951],[-121.463982,39.676916],[-121.464004,39.676822],[-121.463962,39.676768],[-121.463941,39.676655],[-121.464045,39.676515],[-121.464112,39.676208],[-121.464223,39.676099],[-121.464401,39.676017],[-121.464508,39.675999],[-121.464671,39.676016],[-121.464928,39.675913],[-121.465098,39.675884],[-121.465312,39.675863],[-121.465475,39.675896],[-121.465736,39.675692],[-121.465821,39.675687],[-121.466113,39.675551],[-121.466114,39.675457],[-121.465942,39.675243],[-121.465964,39.674649],[-121.466034,39.674414],[-121.466185,39.674132],[-121.466353,39.673952],[-121.466604,39.673728],[-121.466839,39.673616],[-121.467106,39.673535],[-121.467157,39.673398],[-121.467229,39.673333],[-121.467464,39.673243],[-121.467692,39.673162],[-121.467902,39.673122],[-121.467943,39.673105],[-121.46803,39.673067],[-121.468307,39.673079],[-121.468449,39.673094],[-121.46857,39.673023],[-121.468741,39.672991],[-121.468933,39.67303],[-121.469038,39.673099],[-121.469098,39.673176],[-121.469154,39.673276],[-121.469403,39.673321],[-121.469701,39.67333],[-121.469899,39.673353],[-121.470063,39.673412],[-121.470225,39.673484],[-121.470406,39.673605],[-121.470519,39.673672],[-121.470774,39.673725],[-121.470937,39.673781],[-121.471051,39.673792],[-121.471128,39.673826],[-121.471291,39.673873],[-121.471625,39.673913],[-121.471813,39.673999],[-121.47189,39.674082],[-121.471953,39.674219],[-121.47203,39.674318],[-121.472151,39.674346],[-121.472321,39.674361],[-121.47246,39.674433],[-121.472587,39.674549],[-121.472771,39.67455],[-121.47292,39.674592],[-121.473125,39.674664],[-121.473303,39.67472],[-121.47343,39.674794],[-121.473504,39.674921],[-121.473459,39.675118],[-121.473565,39.675201],[-121.473693,39.675273],[-121.473774,39.675351],[-121.473784,39.675411],[-121.473999,39.67559],[-121.474091,39.675624],[-121.4743,39.67574],[-121.474466,39.675845],[-121.474572,39.675936],[-121.474695,39.676118],[-121.474773,39.676129],[-121.474876,39.676207],[-121.474953,39.676251],[-121.475102,39.676304],[-121.475243,39.676409],[-121.475335,39.676508],[-121.475366,39.676618],[-121.475365,39.676777],[-121.475293,39.676903],[-121.475142,39.677061],[-121.47501,39.677151],[-121.47485,39.677217],[-121.474789,39.677252],[-121.474749,39.677283],[-121.474735,39.67732],[-121.474845,39.677365],[-121.475004,39.67747],[-121.475032,39.677517],[-121.47506,39.67761],[-121.475002,39.677684],[-121.474906,39.6777],[-121.474832,39.677727],[-121.474803,39.677793],[-121.474848,39.677859],[-121.474934,39.677887],[-121.475008,39.677942],[-121.475103,39.678061],[-121.475102,39.678154],[-121.475072,39.678302],[-121.475011,39.678442],[-121.474977,39.678677],[-121.474951,39.678765],[-121.474994,39.678815],[-121.475025,39.67896],[-121.475087,39.679109],[-121.475174,39.679389],[-121.475138,39.679482],[-121.47492,39.679671],[-121.47474,39.679901],[-121.474564,39.680191],[-121.474509,39.680355],[-121.474515,39.680504],[-121.474636,39.680504],[-121.474757,39.680543],[-121.474856,39.680609],[-121.474997,39.68066],[-121.475178,39.680685],[-121.475345,39.680746],[-121.475413,39.680686],[-121.475644,39.680613],[-121.475971,39.680603],[-121.476047,39.68045],[-121.476154,39.680333],[-121.476369,39.680197],[-121.476454,39.680175],[-121.476682,39.680096],[-121.476824,39.680113],[-121.476931,39.680065],[-121.476957,39.679938],[-121.477001,39.679779],[-121.477169,39.67956],[-121.477366,39.679411],[-121.477526,39.679351],[-121.4777,39.679313],[-121.477992,39.679301],[-121.478205,39.679313],[-121.478322,39.679346],[-121.478499,39.679416],[-121.478633,39.679537],[-121.47875,39.679598],[-121.47891,39.679552],[-121.479105,39.679542],[-121.479276,39.679576],[-121.479393,39.679642],[-121.479509,39.67975],[-121.479643,39.679915],[-121.479716,39.680053],[-121.479902,39.680306],[-121.480088,39.680162],[-121.480267,39.68008],[-121.480335,39.679998],[-121.480549,39.67987],[-121.480805,39.679794],[-121.480901,39.679783],[-121.481061,39.679817],[-121.481193,39.679716],[-121.48146,39.679586],[-121.481884,39.679541],[-121.481981,39.679432],[-121.482039,39.679163],[-121.482165,39.67901],[-121.482343,39.678903],[-121.482621,39.67885],[-121.482934,39.678832],[-121.483031,39.678629],[-121.483138,39.678515],[-121.483339,39.678365],[-121.483532,39.678184],[-121.48366,39.67813],[-121.48393,39.67815],[-121.484192,39.678201],[-121.484389,39.678092],[-121.484542,39.678041],[-121.484667,39.677931],[-121.484852,39.677806],[-121.485002,39.677765],[-121.485336,39.677728],[-121.48542,39.677438],[-121.485506,39.677296],[-121.485696,39.677173],[-121.485878,39.677036],[-121.486096,39.676892],[-121.486289,39.676739],[-121.48646,39.676674],[-121.486658,39.676733],[-121.486814,39.676728],[-121.486975,39.676696],[-121.487142,39.676713],[-121.48734,39.676777],[-121.487496,39.676854],[-121.487566,39.676981],[-121.487724,39.67713],[-121.48787,39.677117],[-121.487985,39.677013],[-121.488162,39.677003],[-121.488653,39.676893],[-121.488966,39.676897],[-121.489243,39.676881],[-121.489472,39.676688],[-121.489636,39.676623],[-121.48976,39.676596],[-121.490175,39.676221],[-121.490415,39.67608],[-121.490692,39.676012],[-121.490921,39.67581],[-121.491181,39.67566],[-121.49148,39.675662],[-121.491509,39.675613],[-121.491751,39.675468],[-121.491929,39.675403],[-121.492134,39.675042],[-121.49226,39.674891],[-121.492453,39.674766],[-121.492702,39.674673],[-121.492966,39.674535],[-121.492963,39.674442],[-121.493021,39.674321],[-121.493192,39.674168],[-121.493468,39.67398],[-121.493455,39.673771],[-121.493463,39.673651],[-121.493538,39.673524],[-121.493646,39.673424],[-121.493895,39.673353],[-121.494109,39.673233],[-121.494355,39.67307],[-121.494654,39.672947],[-121.494876,39.67285],[-121.49493,39.672641],[-121.495016,39.672521],[-121.495152,39.672365],[-121.495378,39.672185],[-121.495379,39.67205],[-121.495412,39.671894],[-121.49557,39.671639],[-121.495756,39.671487],[-121.496053,39.671235],[-121.496146,39.671085],[-121.496165,39.670909],[-121.496144,39.670393],[-121.496102,39.669899],[-121.496058,39.669561],[-121.495972,39.669152],[-121.495958,39.668715],[-121.49603,39.668498],[-121.496191,39.668348],[-121.496348,39.668264],[-121.496526,39.668198],[-121.496556,39.668197],[-121.496761,39.668192],[-121.49686,39.668307],[-121.496915,39.668445],[-121.496953,39.668686],[-121.4971,39.668857],[-121.497358,39.669064],[-121.497627,39.669263],[-121.497977,39.669421],[-121.498161,39.669513],[-121.498452,39.669602],[-121.498735,39.669729],[-121.498755,39.66974],[-121.500183,39.667955],[-121.502076,39.669164],[-121.50494,39.66954],[-121.505566,39.669349],[-121.508716,39.668387],[-121.510907,39.666167],[-121.511309,39.66576],[-121.512521,39.664144],[-121.514308,39.662882],[-121.515672,39.662338],[-121.517759,39.661903],[-121.518513,39.661967],[-121.518549,39.661982],[-121.519728,39.659573],[-121.519666,39.659422],[-121.519595,39.659353],[-121.51924,39.659313],[-121.519155,39.659285],[-121.51892,39.659344],[-121.518814,39.659344],[-121.518573,39.659214],[-121.518076,39.659217],[-121.517615,39.659174],[-121.517444,39.659187],[-121.516996,39.659292],[-121.516825,39.659366],[-121.515996,39.659571],[-121.515818,39.659663],[-121.515596,39.659827],[-121.515162,39.659954],[-121.514866,39.660101],[-121.514352,39.660486],[-121.513365,39.66094],[-121.513126,39.661112],[-121.512883,39.661309],[-121.512619,39.661417],[-121.512079,39.661511],[-121.5119,39.661598],[-121.511725,39.661759],[-121.511371,39.662186],[-121.511178,39.66229],[-121.510975,39.662313],[-121.510631,39.662273],[-121.510461,39.662169],[-121.510395,39.662036],[-121.510485,39.661928],[-121.510611,39.661686],[-121.51075,39.661555],[-121.510885,39.661501],[-121.51117,39.661472],[-121.511589,39.661468],[-121.511817,39.661417],[-121.511938,39.661346],[-121.512039,39.661116],[-121.51215,39.661012],[-121.512392,39.660936],[-121.512684,39.660858],[-121.51304,39.660711],[-121.513386,39.660496],[-121.513679,39.660189],[-121.514214,39.65947],[-121.514617,39.659224],[-121.514903,39.658932],[-121.5152,39.65862],[-121.515485,39.658454],[-121.515895,39.658297],[-121.516321,39.658241],[-121.516428,39.658186],[-121.516607,39.658017],[-121.516935,39.657933],[-121.517274,39.657693],[-121.517594,39.657552],[-121.517871,39.657539],[-121.518205,39.657554],[-121.518276,39.657505],[-121.518377,39.657357],[-121.518453,39.657116],[-121.518547,39.65701],[-121.518753,39.656953],[-121.519271,39.657037],[-121.519399,39.657008],[-121.519329,39.656758],[-121.519334,39.656593],[-121.5194,39.656371],[-121.519358,39.656189],[-121.519799,39.655795],[-121.519819,39.655777],[-121.520515,39.655412],[-121.520935,39.655219],[-121.521388,39.654982],[-121.521773,39.654734],[-121.521817,39.654684],[-121.521606,39.65442],[-121.521607,39.653985],[-121.521252,39.653435],[-121.521222,39.652933],[-121.5214,39.652544],[-121.521371,39.651537],[-121.521875,39.650897],[-121.522083,39.650004],[-121.522497,39.649341],[-121.522882,39.648975],[-121.523357,39.648174],[-121.523417,39.645932],[-121.52318,39.645611],[-121.522796,39.644559],[-121.522767,39.644101],[-121.522915,39.643827],[-121.522945,39.643323],[-121.522739,39.642042],[-121.522413,39.641744],[-121.522117,39.641309],[-121.522118,39.641012],[-121.522887,39.64044],[-121.522947,39.640051],[-121.523125,39.639868],[-121.523776,39.639594],[-121.524279,39.639273],[-121.524322,39.638848],[-121.524339,39.638679],[-121.524457,39.63845],[-121.525465,39.638061],[-121.52574,39.63814],[-121.525835,39.638291],[-121.526634,39.638729],[-121.527061,39.638824],[-121.528007,39.638601],[-121.528312,39.638589],[-121.528227,39.638276],[-121.528135,39.637878],[-121.528091,39.637612],[-121.528062,39.637336],[-121.527964,39.636745],[-121.527888,39.636167],[-121.527826,39.63559],[-121.52782,39.635441],[-121.52782,39.635381],[-121.527821,39.635302],[-121.527831,39.635162],[-121.52785,39.635032],[-121.527879,39.634906],[-121.527912,39.634789],[-121.527991,39.63457],[-121.528193,39.634123],[-121.52824,39.63401],[-121.528324,39.63374],[-121.528341,39.633667],[-121.528356,39.633601],[-121.528406,39.633309],[-121.528418,39.633156],[-121.528437,39.633007],[-121.52845,39.632854],[-121.528486,39.632544],[-121.528513,39.632243],[-121.528549,39.631635],[-121.528582,39.631203],[-121.528602,39.631072],[-121.52864,39.63064],[-121.528646,39.630334],[-121.528656,39.630199],[-121.528656,39.629897],[-121.528639,39.629735],[-121.528634,39.629586],[-121.528527,39.628504],[-121.528466,39.62776],[-121.528448,39.627025],[-121.528455,39.626764],[-121.528472,39.626517],[-121.52849,39.626242],[-121.528496,39.625796],[-121.528493,39.625683],[-121.52846,39.625322],[-121.5284,39.624943],[-121.528348,39.624695],[-121.52833,39.624577],[-121.528315,39.624395],[-121.528302,39.624244],[-121.528302,39.624023],[-121.52831,39.623915],[-121.528324,39.623821],[-121.528326,39.623758],[-121.528327,39.623744],[-121.528328,39.623699],[-121.528318,39.623519],[-121.52827,39.623171],[-121.528224,39.622979],[-121.528164,39.622728],[-121.528106,39.622516],[-121.528091,39.622466],[-121.528021,39.622247],[-121.527928,39.622041],[-121.52771,39.621611],[-121.52741,39.620975],[-121.527002,39.619979],[-121.526695,39.618991],[-121.526235,39.616897],[-121.526107,39.616055],[-121.524984,39.61615],[-121.522901,39.616195],[-121.52163,39.616212],[-121.521218,39.616207],[-121.520359,39.616212],[-121.519559,39.616222],[-121.519014,39.61618],[-121.518711,39.616124],[-121.518524,39.616147],[-121.518344,39.616177],[-121.517428,39.616198],[-121.517258,39.616184],[-121.517112,39.616229],[-121.516883,39.616334],[-121.516955,39.616215],[-121.517104,39.616051],[-121.517132,39.616021],[-121.51731,39.615927],[-121.517501,39.615767],[-121.517574,39.61568],[-121.517631,39.615658],[-121.517664,39.615646],[-121.517769,39.61558],[-121.518077,39.615388],[-121.518314,39.614953],[-121.519217,39.614347],[-121.519676,39.614039],[-121.519857,39.613953],[-121.51966,39.609143],[-121.524186,39.593619],[-121.524214,39.593522],[-121.523879,39.593679],[-121.52359,39.593781],[-121.523355,39.593872],[-121.523178,39.593995],[-121.523012,39.594198],[-121.522879,39.594439],[-121.52282,39.594594],[-121.522723,39.594701],[-121.522552,39.594851],[-121.522338,39.595017],[-121.522154,39.595109],[-121.521969,39.595178],[-121.521781,39.595204],[-121.52161,39.595178],[-121.521455,39.595124],[-121.521257,39.595038],[-121.52115,39.595001],[-121.521011,39.594985],[-121.520845,39.594985],[-121.520673,39.595001],[-121.52047,39.595044],[-121.520293,39.595079],[-121.520106,39.595097],[-121.519758,39.595108],[-121.51955,39.595103],[-121.519335,39.595097],[-121.519057,39.595044],[-121.518902,39.595012],[-121.518757,39.59499],[-121.518575,39.594985],[-121.518372,39.595012],[-121.518126,39.595054],[-121.517955,39.59506],[-121.517687,39.595012],[-121.517334,39.594937],[-121.517029,39.594894],[-121.516713,39.594872],[-121.516461,39.594846],[-121.51629,39.594808],[-121.516178,39.594792],[-121.516076,39.594792],[-121.515889,39.59483],[-121.515578,39.594947],[-121.515375,39.594996],[-121.515221,39.594997],[-121.515,39.594985],[-121.514866,39.594947],[-121.514765,39.594894],[-121.514695,39.594831],[-121.514636,39.594733],[-121.514567,39.594669],[-121.514454,39.594621],[-121.514235,39.594562],[-121.513766,39.594377],[-121.512474,39.591885],[-121.512357,39.590718],[-121.512299,39.589025],[-121.512207,39.587668],[-121.512258,39.584076],[-121.512285,39.582153],[-121.512991,39.581108],[-121.513021,39.580605],[-121.512516,39.579755],[-121.512379,39.57856],[-121.512263,39.577543],[-121.512087,39.576364],[-121.511992,39.575732],[-121.511905,39.574686],[-121.512003,39.573835],[-121.511826,39.573586],[-121.511321,39.573383],[-121.511491,39.572478],[-121.510639,39.571936],[-121.509993,39.571354],[-121.508699,39.571215],[-121.508681,39.570811],[-121.507319,39.567707],[-121.506999,39.567357],[-121.506745,39.56727],[-121.505115,39.567399],[-121.503858,39.567227],[-121.502928,39.566859],[-121.501483,39.565582],[-121.500116,39.564859],[-121.499395,39.564247],[-121.499094,39.563739],[-121.498947,39.562981],[-121.498695,39.56236],[-121.498198,39.561788],[-121.498218,39.561608],[-121.499195,39.56016],[-121.499757,39.558689],[-121.499826,39.557268],[-121.499671,39.556916],[-121.499592,39.556422],[-121.499094,39.554687],[-121.498285,39.553386],[-121.498078,39.553134],[-121.495412,39.553148],[-121.49504,39.552873],[-121.495004,39.552785],[-121.49504,39.552467],[-121.495025,39.552434],[-121.494727,39.552176],[-121.494557,39.551814],[-121.494273,39.551501],[-121.494131,39.551248],[-121.493939,39.550803],[-121.493919,39.550721],[-121.493896,39.550622],[-121.493889,39.55032],[-121.493973,39.549705],[-121.494016,39.549579],[-121.494037,39.549332],[-121.493987,39.549211],[-121.493838,39.548975],[-121.493554,39.548794],[-121.493348,39.548332],[-121.493206,39.548195],[-121.492972,39.547866],[-121.492801,39.547679],[-121.492496,39.547586],[-121.492071,39.547559],[-121.491957,39.547526],[-121.491758,39.5474],[-121.491687,39.547257],[-121.491715,39.546971],[-121.491807,39.54662],[-121.491899,39.546433],[-121.491949,39.546378],[-121.492304,39.546317],[-121.49238,39.546284],[-121.492956,39.546032],[-121.493637,39.545779],[-121.494304,39.545624],[-121.492706,39.543445],[-121.492424,39.543228],[-121.492588,39.543135],[-121.494383,39.541765],[-121.496692,39.541775],[-121.497921,39.541784],[-121.498004,39.541784],[-121.500304,39.54184],[-121.501079,39.541827],[-121.503294,39.541789],[-121.503752,39.541771],[-121.509867,39.541839],[-121.516359,39.541816],[-121.516275,39.54012],[-121.521098,39.54007],[-121.521132,39.541799],[-121.524665,39.541787],[-121.525873,39.541793],[-121.529102,39.54179],[-121.532493,39.541802],[-121.532511,39.541837],[-121.532526,39.541857],[-121.532724,39.542011],[-121.533256,39.542171],[-121.533493,39.54208],[-121.533493,39.541943],[-121.533572,39.541838],[-121.53455,39.54186],[-121.534945,39.542155],[-121.53497,39.542173],[-121.535118,39.542424],[-121.535383,39.542676],[-121.535531,39.543042],[-121.535737,39.543249],[-121.535914,39.543615],[-121.536151,39.543615],[-121.536624,39.543135],[-121.537127,39.543044],[-121.537629,39.543387],[-121.537746,39.543799],[-121.538307,39.544601],[-121.538601,39.545514],[-121.538631,39.545608],[-121.538813,39.546706],[-121.538836,39.546844],[-121.539073,39.546844],[-121.539126,39.546748],[-121.53925,39.546524],[-121.539251,39.54586],[-121.539429,39.545654],[-121.539459,39.545504],[-121.539607,39.544762],[-121.539962,39.544739],[-121.540346,39.545151],[-121.540729,39.545472],[-121.540741,39.545519],[-121.540818,39.545815],[-121.540965,39.545907],[-121.541231,39.545907],[-121.54165,39.545526],[-121.542237,39.544993],[-121.542444,39.544947],[-121.543036,39.544581],[-121.543982,39.544307],[-121.544662,39.543804],[-121.545107,39.543027],[-121.545344,39.54234],[-121.545465,39.540144],[-121.545347,39.539755],[-121.545408,39.537856],[-121.545823,39.536918],[-121.545853,39.536437],[-121.545706,39.536231],[-121.545733,39.53569],[-121.545677,39.535613],[-121.54547,39.53527],[-121.545471,39.534789],[-121.54556,39.534698],[-121.54559,39.534378],[-121.545501,39.53424],[-121.545444,39.53257],[-121.54571,39.532387],[-121.545858,39.532158],[-121.545858,39.531746],[-121.546007,39.531014],[-121.545683,39.530488],[-121.545831,39.530396],[-121.545949,39.529847],[-121.546334,39.529481],[-121.546334,39.529138],[-121.546246,39.529023],[-121.546128,39.52884],[-121.546246,39.528611],[-121.546453,39.528543],[-121.546749,39.528268],[-121.546927,39.527903],[-121.547291,39.527583],[-121.547182,39.527381],[-121.546742,39.526339],[-121.546381,39.526157],[-121.546658,39.525679],[-121.546829,39.525261],[-121.547007,39.525033],[-121.547139,39.524842],[-121.547802,39.525118],[-121.548509,39.525225],[-121.548242,39.524304],[-121.547548,39.524038],[-121.547564,39.524007],[-121.547819,39.523618],[-121.547998,39.523362],[-121.548147,39.523182],[-121.548238,39.522972],[-121.548408,39.522436],[-121.548563,39.521976],[-121.548769,39.521822],[-121.549134,39.521805],[-121.549301,39.521304],[-121.549232,39.521267],[-121.549204,39.521244],[-121.549161,39.521189],[-121.549133,39.52113],[-121.549122,39.521049],[-121.549124,39.521],[-121.549144,39.520856],[-121.549163,39.520766],[-121.549188,39.520676],[-121.549432,39.519994],[-121.549497,39.519826],[-121.549505,39.519806],[-121.549536,39.519743],[-121.549613,39.519632],[-121.549656,39.519583],[-121.549754,39.519494],[-121.549973,39.519316],[-121.550169,39.51917],[-121.550269,39.519099],[-121.549739,39.518687],[-121.549415,39.518412],[-121.54994,39.518186],[-121.550237,39.518146],[-121.55045,39.517834],[-121.550897,39.517791],[-121.551695,39.517608],[-121.553232,39.516854],[-121.554267,39.516146],[-121.554976,39.515963],[-121.559349,39.515485],[-121.562422,39.515327],[-121.563338,39.515167],[-121.565318,39.51423],[-121.566943,39.513842],[-121.567801,39.513457],[-121.568066,39.513339],[-121.56916,39.512973],[-121.571466,39.511968],[-121.572365,39.511794],[-121.572607,39.511747],[-121.572767,39.511716],[-121.573773,39.511625],[-121.574275,39.511694],[-121.575576,39.511649],[-121.575542,39.51169],[-121.575094,39.511762],[-121.575027,39.511778],[-121.574621,39.511829],[-121.574376,39.511815],[-121.574009,39.511834],[-121.573421,39.513088],[-121.572588,39.513432],[-121.572493,39.514631],[-121.572616,39.51556],[-121.573078,39.515496],[-121.574007,39.514879],[-121.574272,39.515259],[-121.574323,39.515331],[-121.57498,39.515254],[-121.575017,39.515332],[-121.575628,39.517151],[-121.575332,39.517534],[-121.575249,39.51759],[-121.575803,39.517607],[-121.576066,39.517594],[-121.576205,39.517587],[-121.576192,39.518456],[-121.576577,39.518293],[-121.576527,39.519725],[-121.576449,39.520648],[-121.578397,39.520727],[-121.578395,39.52096],[-121.578392,39.521351],[-121.578387,39.521906],[-121.578065,39.521909],[-121.576211,39.521923],[-121.576155,39.522499],[-121.576199,39.522764],[-121.576501,39.52381],[-121.576453,39.524079],[-121.576733,39.52408],[-121.577944,39.524077],[-121.578387,39.524082],[-121.578715,39.524077],[-121.580503,39.524086],[-121.581173,39.52408],[-121.581249,39.524086],[-121.581407,39.524083],[-121.58166,39.524086],[-121.582393,39.524082],[-121.58244,39.524087],[-121.582522,39.524083],[-121.582935,39.524081],[-121.583057,39.524081],[-121.583501,39.524086],[-121.583937,39.524083],[-121.584296,39.524085],[-121.58464,39.524087],[-121.584995,39.524082],[-121.585045,39.523791],[-121.585032,39.522025],[-121.588153,39.522111],[-121.588147,39.523998],[-121.588147,39.524087],[-121.588691,39.524082],[-121.588982,39.524085],[-121.589272,39.52408],[-121.590241,39.524082],[-121.59058,39.524083],[-121.591591,39.524081],[-121.592469,39.524087],[-121.59348,39.524081],[-121.593854,39.524081],[-121.594771,39.52408],[-121.594858,39.524203],[-121.594832,39.525446],[-121.594791,39.526345],[-121.594803,39.526514],[-121.594016,39.527585],[-121.593594,39.52805],[-121.593317,39.528223],[-121.593091,39.528257],[-121.591229,39.528707],[-121.589461,39.529196],[-121.588827,39.529304],[-121.588272,39.529526],[-121.587166,39.529863],[-121.583944,39.530655],[-121.581475,39.530718],[-121.580999,39.530842],[-121.580554,39.531026],[-121.580142,39.531046],[-121.579669,39.531109],[-121.579435,39.531113],[-121.579143,39.531118],[-121.579296,39.53129],[-121.579586,39.531283],[-121.580054,39.53181],[-121.580276,39.53206],[-121.582765,39.534853],[-121.585165,39.537549],[-121.585195,39.53751],[-121.585298,39.537649],[-121.585525,39.537955],[-121.586081,39.538583],[-121.58646,39.539002],[-121.586832,39.539426],[-121.590849,39.543934],[-121.59136,39.544531],[-121.592369,39.54575],[-121.592637,39.546066],[-121.592709,39.546151],[-121.593614,39.547254],[-121.594064,39.547803],[-121.59597,39.550096],[-121.596144,39.550315],[-121.596449,39.550683],[-121.597856,39.552376],[-121.599187,39.553991],[-121.600947,39.556116],[-121.601062,39.556248],[-121.601533,39.556813],[-121.60166,39.556972],[-121.602223,39.557652],[-121.603545,39.559251],[-121.603797,39.559556],[-121.604288,39.560143],[-121.605904,39.5621],[-121.606716,39.563069],[-121.609946,39.566978],[-121.610559,39.567724],[-121.610884,39.568111],[-121.612339,39.569872],[-121.613155,39.57085],[-121.615298,39.573445],[-121.615974,39.574328],[-121.616549,39.57508],[-121.618905,39.577904],[-121.619852,39.578997],[-121.620404,39.579635],[-121.621182,39.580642],[-121.622042,39.581524],[-121.622532,39.581981],[-121.622566,39.58201],[-121.623021,39.58239],[-121.623641,39.582863],[-121.623336,39.58285],[-121.623205,39.582845],[-121.622307,39.582946],[-121.621362,39.583224],[-121.620771,39.583519],[-121.62023,39.583927],[-121.619844,39.584323],[-121.619669,39.584626],[-121.619635,39.584686],[-121.619426,39.585048],[-121.619254,39.585745],[-121.619271,39.586494],[-121.619362,39.587304],[-121.619223,39.587084],[-121.61928,39.587306],[-121.619606,39.588586],[-121.619795,39.589864],[-121.620201,39.592441],[-121.620445,39.593847],[-121.620657,39.594992],[-121.620681,39.595505],[-121.620697,39.59601],[-121.620665,39.596595],[-121.620625,39.597051],[-121.620569,39.5975],[-121.620369,39.598381],[-121.6202,39.59895],[-121.62001,39.599481],[-121.619896,39.599744],[-121.619719,39.600128],[-121.619527,39.600521],[-121.619311,39.600905],[-121.61866,39.601891],[-121.61859,39.60199],[-121.618515,39.602088],[-121.618466,39.602147],[-121.618439,39.602184],[-121.618359,39.602278],[-121.618274,39.602372],[-121.618133,39.602517],[-121.618684,39.60278],[-121.619814,39.603381],[-121.620509,39.603846],[-121.620649,39.603946],[-121.620913,39.604163],[-121.621154,39.604387],[-121.621473,39.604742],[-121.621554,39.604841],[-121.621686,39.605013],[-121.621812,39.605195],[-121.621929,39.605381],[-121.622036,39.605572],[-121.622134,39.605767],[-121.622224,39.605966],[-121.622304,39.606165],[-121.622374,39.606369],[-121.622559,39.606984],[-121.622825,39.607927],[-121.622879,39.608118],[-121.624017,39.612109],[-121.624299,39.613117],[-121.62508,39.615841],[-121.625109,39.615943],[-121.625183,39.61616],[-121.625268,39.616372],[-121.625361,39.616585],[-121.625467,39.616789],[-121.625581,39.616989],[-121.625704,39.617184],[-121.625839,39.617379],[-121.625931,39.617493],[-121.626139,39.617748],[-121.626303,39.617925],[-121.626655,39.618263],[-121.62684,39.618423],[-121.627035,39.618578],[-121.627235,39.61872],[-121.62744,39.618858],[-121.62765,39.618991],[-121.627866,39.61912],[-121.629177,39.619801],[-121.629454,39.619945],[-121.632274,39.621402],[-121.633063,39.621814],[-121.633473,39.622028],[-121.633563,39.62208],[-121.633704,39.622162],[-121.633927,39.622299],[-121.634145,39.622442],[-121.634241,39.622509],[-121.634355,39.622588],[-121.634557,39.622744],[-121.634751,39.622908],[-121.634939,39.623077],[-121.635117,39.623255],[-121.635286,39.623433],[-121.635447,39.623615],[-121.635599,39.623801],[-121.63574,39.623992],[-121.635995,39.624392],[-121.637076,39.626211],[-121.637422,39.626805],[-121.637526,39.627009],[-121.637618,39.627213],[-121.637701,39.627416],[-121.637773,39.627624],[-121.637834,39.627832],[-121.637935,39.628253],[-121.638276,39.629959],[-121.638348,39.630393],[-121.638374,39.630609],[-121.638394,39.630826],[-121.638407,39.631042],[-121.638453,39.632119],[-121.638525,39.634219],[-121.638526,39.634427],[-121.638517,39.634556],[-121.638929,39.634587],[-121.639224,39.634449],[-121.639343,39.633923],[-121.639579,39.633397],[-121.64023,39.632779],[-121.641444,39.632436],[-121.642243,39.632069],[-121.643367,39.631726],[-121.643367,39.630948],[-121.643722,39.630193],[-121.643751,39.629689],[-121.643396,39.629232],[-121.643396,39.628843],[-121.643751,39.628499],[-121.644343,39.628248],[-121.644343,39.62795],[-121.644136,39.627767],[-121.644254,39.627378],[-121.644727,39.627035],[-121.645615,39.626737],[-121.646651,39.626257],[-121.64813,39.626142],[-121.648397,39.626027],[-121.648544,39.625867],[-121.648633,39.625112],[-121.648781,39.624883],[-121.649018,39.624654],[-121.649077,39.624334],[-121.648962,39.623934],[-121.660054,39.623837],[-121.664335,39.623787],[-121.665419,39.623784],[-121.665588,39.623849],[-121.665943,39.623895],[-121.666357,39.623758],[-121.68171,39.623658],[-121.681977,39.623798],[-121.682876,39.624252],[-121.684382,39.624999],[-121.690818,39.630614],[-121.693569,39.633013],[-121.694983,39.634254],[-121.696101,39.635319],[-121.696933,39.635943],[-121.700569,39.639228],[-121.702204,39.639206],[-121.703012,39.639201],[-121.703577,39.639201],[-121.704306,39.639202],[-121.704823,39.639212],[-121.70508,39.639229],[-121.70534,39.639254],[-121.705595,39.639289],[-121.705849,39.639332],[-121.706101,39.639389],[-121.706186,39.63941],[-121.706348,39.63945],[-121.70644,39.639478],[-121.706592,39.63952],[-121.706833,39.639604],[-121.707071,39.639697],[-121.707303,39.639799],[-121.707531,39.639914],[-121.707749,39.640033],[-121.71052,39.641605],[-121.710935,39.641821],[-121.711147,39.641923],[-121.711364,39.642006],[-121.71159,39.642081],[-121.711819,39.642142],[-121.712051,39.642194],[-121.712285,39.642228],[-121.71252,39.642249],[-121.712625,39.642252],[-121.712753,39.642256],[-121.713661,39.642264],[-121.714649,39.642272],[-121.71594,39.642273],[-121.716397,39.642626],[-121.717235,39.643342],[-121.717905,39.64394],[-121.71858,39.644516],[-121.719034,39.644898],[-121.719569,39.645375],[-121.719865,39.645644],[-121.720626,39.646348],[-121.723488,39.648815],[-121.724914,39.650071],[-121.729553,39.654173],[-121.730995,39.655431],[-121.732442,39.656693],[-121.734476,39.65852],[-121.734712,39.658715],[-121.738435,39.661778],[-121.741549,39.66418],[-121.742965,39.665246],[-121.743692,39.665793],[-121.745093,39.666848],[-121.745363,39.667051],[-121.745845,39.667391],[-121.748431,39.669365],[-121.750866,39.671219],[-121.753389,39.67313],[-121.755243,39.674522],[-121.757192,39.676],[-121.757237,39.676035],[-121.757803,39.676477],[-121.758337,39.676894],[-121.759618,39.67798],[-121.76064,39.678883],[-121.76279,39.680774],[-121.766442,39.684041],[-121.767046,39.684571],[-121.767823,39.685255],[-121.769777,39.687005],[-121.771017,39.688105],[-121.772008,39.688994],[-121.773949,39.690733],[-121.775338,39.691984],[-121.776263,39.692814],[-121.776895,39.693373],[-121.777961,39.694317],[-121.777988,39.694341],[-121.778882,39.695137],[-121.779523,39.695709],[-121.780306,39.696393],[-121.781321,39.697322],[-121.781997,39.697927],[-121.782594,39.698462],[-121.783037,39.698857],[-121.785293,39.700869],[-121.785671,39.701207],[-121.785836,39.701354],[-121.786767,39.702177],[-121.789912,39.70497],[-121.787239,39.704609],[-121.787314,39.707278],[-121.78732,39.707488],[-121.787323,39.707608],[-121.787476,39.707561],[-121.787559,39.707528],[-121.787593,39.707504],[-121.787622,39.707485],[-121.787665,39.70744],[-121.787754,39.707548],[-121.787987,39.707691],[-121.788148,39.707737],[-121.788256,39.707713],[-121.788276,39.707833],[-121.788277,39.707872],[-121.788269,39.708027],[-121.788249,39.708148],[-121.78815,39.708261],[-121.788083,39.708313],[-121.787942,39.708319],[-121.787793,39.70829],[-121.787698,39.708255],[-121.787567,39.708261],[-121.787436,39.708291],[-121.787227,39.708379],[-121.787227,39.708901],[-121.788983,39.70858],[-121.789153,39.709406],[-121.789181,39.709401],[-121.789138,39.709437],[-121.787451,39.709676],[-121.787518,39.710408],[-121.790106,39.710675],[-121.790121,39.711448],[-121.790131,39.71198],[-121.789436,39.71214],[-121.789299,39.712177],[-121.788271,39.712359],[-121.788338,39.712895],[-121.788366,39.71312],[-121.788331,39.713432],[-121.788101,39.714002],[-121.787728,39.714534],[-121.787531,39.714944],[-121.787489,39.715031],[-121.787406,39.715675],[-121.787386,39.716044],[-121.787382,39.721646],[-121.787379,39.726266],[-121.787379,39.72863],[-121.78737,39.729262],[-121.787372,39.73103],[-121.787425,39.732441],[-121.787455,39.733301],[-121.78746,39.733459],[-121.787531,39.734727],[-121.787612,39.736159],[-121.787598,39.738213],[-121.787651,39.738667],[-121.787778,39.738961],[-121.787835,39.739093],[-121.787898,39.739186],[-121.788004,39.739344],[-121.788224,39.739523],[-121.78837,39.739654],[-121.788591,39.739814],[-121.789279,39.740108],[-121.790437,39.740503],[-121.790855,39.740713],[-121.791514,39.741294],[-121.791779,39.741756],[-121.791841,39.742002]]]}}]}