{"type":"FeatureCollection","features":[{"type":"Feature","properties":{"district":"1"},"geometry":{"type":"Polygon","coordinates":[[[-122.253726,38.155309],[-122.253599,38.155308],[-122.253532,38.155307],[-122.253231,38.155304],[-122.252954,38.155301],[-122.252814,38.155307],[-122.25276,38.15531],[-122.252507,38.15532],[-122.252273,38.155329],[-122.252169,38.155314],[-122.252033,38.155294],[-122.251536,38.155292],[-122.251228,38.15529],[-122.250929,38.155289],[-122.250503,38.155287],[-122.250121,38.155285],[-122.249792,38.155283],[-122.249424,38.155282],[-122.248821,38.155279],[-122.248364,38.155277],[-122.247654,38.155273],[-122.247376,38.155271],[-122.246964,38.155269],[-122.246481,38.155266],[-122.245901,38.155263],[-122.245637,38.155262],[-122.245184,38.155259],[-122.24474,38.155257],[-122.24428,38.155255],[-122.243605,38.155251],[-122.24304,38.155247],[-122.242531,38.155243],[-122.242202,38.155259],[-122.241986,38.155258],[-122.241394,38.155255],[-122.240541,38.155249],[-122.24035,38.155252],[-122.239785,38.155247],[-122.239174,38.155252],[-122.238613,38.155247],[-122.238376,38.155226],[-122.238281,38.155217],[-122.237579,38.155205],[-122.236684,38.155199],[-122.235659,38.155192],[-122.234646,38.155186],[-122.23419,38.155183],[-122.233569,38.155178],[-122.23273,38.155173],[-122.232008,38.155169],[-122.227883,38.155125],[-122.221126,38.155068],[-122.215105,38.154991],[-122.21509,38.154991],[-122.214905,38.154986],[-122.214612,38.154988],[-122.213634,38.154976],[-122.213457,38.154974],[-122.209751,38.154933],[-122.20198,38.155017],[-122.199368,38.155017],[-122.199349,38.155017],[-122.196631,38.155017],[-122.195842,38.155017],[-122.195821,38.155017],[-122.19538,38.155017],[-122.195461,38.155398],[-122.197478,38.156871],[-122.198259,38.158177],[-122.198783,38.159054],[-122.198981,38.159317],[-122.197939,38.160599],[-122.197098,38.161237],[-122.196508,38.161985],[-122.195957,38.162686],[-122.195884,38.162776],[-122.195786,38.162895],[-122.195971,38.162991],[-122.194485,38.164715],[-122.19808,38.168417],[-122.19846,38.16841],[-122.198812,38.168404],[-122.198839,38.168404],[-122.19891,38.168402],[-122.19895,38.168401],[-122.19898,38.168401],[-122.199346,38.168396],[-122.199712,38.16839],[-122.200152,38.168383],[-122.200247,38.168381],[-122.200472,38.16842],[-122.200855,38.168352],[-122.200957,38.168334],[-122.201455,38.16824],[-122.201578,38.168218],[-122.201893,38.168299],[-122.201959,38.168319],[-122.201977,38.168319],[-122.202059,38.168317],[-122.202326,38.168319],[-122.20252,38.168321],[-122.20258,38.168317],[-122.202651,38.168361],[-122.203018,38.16859],[-122.20358,38.168717],[-122.20318,38.171517],[-122.20458,38.172817],[-122.20888,38.172717],[-122.21118,38.174717],[-122.21138,38.175617],[-122.21508,38.179717],[-122.21368,38.181017],[-122.21368,38.183117],[-122.213451,38.18351],[-122.213268,38.183823],[-122.213086,38.184136],[-122.212917,38.184236],[-122.21275,38.1843],[-122.212522,38.184342],[-122.212297,38.184494],[-122.212022,38.184583],[-122.211728,38.184664],[-122.211289,38.184894],[-122.211111,38.1851],[-122.211017,38.185186],[-122.210719,38.185217],[-122.210469,38.185369],[-122.210183,38.185589],[-122.210094,38.185681],[-122.209889,38.185714],[-122.209611,38.185825],[-122.208958,38.185883],[-122.208744,38.185878],[-122.208631,38.185933],[-122.208458,38.186044],[-122.207981,38.186272],[-122.207847,38.186328],[-122.207194,38.186425],[-122.206661,38.186575],[-122.206267,38.186675],[-122.205481,38.186969],[-122.205147,38.187039],[-122.204972,38.187114],[-122.204856,38.187194],[-122.204733,38.1873],[-122.204653,38.187431],[-122.204647,38.187486],[-122.204711,38.187567],[-122.204919,38.187764],[-122.204989,38.187861],[-122.205017,38.188008],[-122.205011,38.188092],[-122.204969,38.188175],[-122.204908,38.188233],[-122.204814,38.188267],[-122.204683,38.188292],[-122.20445,38.188283],[-122.204025,38.188328],[-122.203858,38.188328],[-122.203475,38.188228],[-122.203258,38.188258],[-122.203058,38.188261],[-122.202811,38.188233],[-122.202597,38.188194],[-122.202417,38.188119],[-122.202283,38.18805],[-122.201944,38.187983],[-122.201875,38.188],[-122.201797,38.188089],[-122.201703,38.18825],[-122.201678,38.188314],[-122.201706,38.188425],[-122.201672,38.188494],[-122.201592,38.188564],[-122.201225,38.188664],[-122.200989,38.1887],[-122.200775,38.188742],[-122.200556,38.188722],[-122.200431,38.188622],[-122.200369,38.188531],[-122.200161,38.188394],[-122.199956,38.188361],[-122.199781,38.188386],[-122.199692,38.188449],[-122.199458,38.188436],[-122.199303,38.188494],[-122.199169,38.188533],[-122.198981,38.188564],[-122.198667,38.188631],[-122.198092,38.188781],[-122.197806,38.188867],[-122.197425,38.188936],[-122.197056,38.18895],[-122.196883,38.188922],[-122.196739,38.188889],[-122.1965,38.188797],[-122.196228,38.188572],[-122.195875,38.188358],[-122.195708,38.188319],[-122.1955,38.188367],[-122.195361,38.188375],[-122.194986,38.188369],[-122.193989,38.188142],[-122.193578,38.188031],[-122.193322,38.187986],[-122.192622,38.187908],[-122.192019,38.187872],[-122.191917,38.187811],[-122.1918,38.187797],[-122.191631,38.187819],[-122.190561,38.187781],[-122.190175,38.187758],[-122.189964,38.187764],[-122.189717,38.187836],[-122.188675,38.188206],[-122.188636,38.188208],[-122.188006,38.188144],[-122.187603,38.188069],[-122.187083,38.188017],[-122.186958,38.188014],[-122.186544,38.188122],[-122.186383,38.188125],[-122.186213,38.188168],[-122.186056,38.188028],[-122.185789,38.187925],[-122.185686,38.1879],[-122.185281,38.187925],[-122.184897,38.187869],[-122.184622,38.187819],[-122.184419,38.187736],[-122.184306,38.187669],[-122.183847,38.187228],[-122.183008,38.186533],[-122.182897,38.186381],[-122.182644,38.185858],[-122.182572,38.185781],[-122.182358,38.185667],[-122.182175,38.185656],[-122.182031,38.185667],[-122.181725,38.185736],[-122.181423,38.185875],[-122.181019,38.185727],[-122.180827,38.185582],[-122.180764,38.185505],[-122.180686,38.185425],[-122.180222,38.185681],[-122.179831,38.1853],[-122.179803,38.185258],[-122.179736,38.185164],[-122.179672,38.185028],[-122.179775,38.184989],[-122.180094,38.184839],[-122.180105,38.184833],[-122.179887,38.18461],[-122.179115,38.184846],[-122.17901,38.184923],[-122.178906,38.184972],[-122.17878,38.185005],[-122.178495,38.185055],[-122.178412,38.18506],[-122.178036,38.185132],[-122.17782,38.185131],[-122.177576,38.185109],[-122.177152,38.184945],[-122.177033,38.184912],[-122.176908,38.18489],[-122.176497,38.184879],[-122.176393,38.18495],[-122.176303,38.185043],[-122.17624,38.185093],[-122.176073,38.185274],[-122.175502,38.185637],[-122.175356,38.185752],[-122.175084,38.185873],[-122.174855,38.185906],[-122.174764,38.185906],[-122.174493,38.185867],[-122.171302,38.181281],[-122.171383,38.181234],[-122.171495,38.181168],[-122.172536,38.180523],[-122.175915,38.178476],[-122.182848,38.17418],[-122.185296,38.172663],[-122.18338,38.169191],[-122.181737,38.16622],[-122.173481,38.169392],[-122.17338,38.168872],[-122.173331,38.168592],[-122.173021,38.166836],[-122.172982,38.166611],[-122.172976,38.166578],[-122.17268,38.164899],[-122.172259,38.160316],[-122.172195,38.159998],[-122.17212,38.159648],[-122.172095,38.15953],[-122.171224,38.154926],[-122.17113,38.154442],[-122.170507,38.151161],[-122.170229,38.149698],[-122.170226,38.149679],[-122.170115,38.149195],[-122.169229,38.1453],[-122.168583,38.142462],[-122.169479,38.142086],[-122.169149,38.1412],[-122.168387,38.139252],[-122.168348,38.139146],[-122.168074,38.138472],[-122.168008,38.138286],[-122.167985,38.138251],[-122.16795,38.138165],[-122.167933,38.138123],[-122.167555,38.137196],[-122.166817,38.135335],[-122.16647,38.134546],[-122.165778,38.13274],[-122.166441,38.132189],[-122.166898,38.131805],[-122.166918,38.131788],[-122.167139,38.13169],[-122.172188,38.12944],[-122.17537,38.128023],[-122.175397,38.128011],[-122.176746,38.127409],[-122.179232,38.126312],[-122.18024,38.12588],[-122.18178,38.125216],[-122.182475,38.124918],[-122.182562,38.124878],[-122.182958,38.124709],[-122.183855,38.124323],[-122.184607,38.124017],[-122.18607,38.123392],[-122.18691,38.123054],[-122.187653,38.122693],[-122.187952,38.122548],[-122.188009,38.119459],[-122.188013,38.119136],[-122.187848,38.117499],[-122.187884,38.117308],[-122.187835,38.11738],[-122.187707,38.116543],[-122.187667,38.116268],[-122.188053,38.116399],[-122.188236,38.11646],[-122.188414,38.116506],[-122.189128,38.116691],[-122.189409,38.115823],[-122.189511,38.115524],[-122.189663,38.115064],[-122.189387,38.115033],[-122.189367,38.115031],[-122.188328,38.114875],[-122.188083,38.114825],[-122.187775,38.114733],[-122.187671,38.11469],[-122.187487,38.114614],[-122.187455,38.114563],[-122.187384,38.114443],[-122.187133,38.113009],[-122.186341,38.108357],[-122.186198,38.10735],[-122.186005,38.106334],[-122.185873,38.105637],[-122.184597,38.105623],[-122.184494,38.104989],[-122.187641,38.106001],[-122.188074,38.105913],[-122.188223,38.10596],[-122.188399,38.105981],[-122.188492,38.105967],[-122.188442,38.105839],[-122.188775,38.105736],[-122.188878,38.105686],[-122.188986,38.105611],[-122.189344,38.105314],[-122.189744,38.105003],[-122.190186,38.104628],[-122.190439,38.104455],[-122.190486,38.104425],[-122.190594,38.104364],[-122.190781,38.104294],[-122.191494,38.104094],[-122.19167,38.104034],[-122.191936,38.103944],[-122.192083,38.103872],[-122.192247,38.103756],[-122.192483,38.103544],[-122.192808,38.103289],[-122.19294,38.103175],[-122.193089,38.103047],[-122.193231,38.102925],[-122.19355,38.102714],[-122.193711,38.102625],[-122.19377,38.102599],[-122.194039,38.102478],[-122.194075,38.102464],[-122.194758,38.102194],[-122.194944,38.102131],[-122.195186,38.102078],[-122.195497,38.102025],[-122.196348,38.101898],[-122.196869,38.101822],[-122.197033,38.1018],[-122.197489,38.101714],[-122.197644,38.101667],[-122.198094,38.101483],[-122.198978,38.101106],[-122.199772,38.100764],[-122.200428,38.100475],[-122.200962,38.100247],[-122.201761,38.099908],[-122.202042,38.099789],[-122.202361,38.099678],[-122.202497,38.099653],[-122.202594,38.099644],[-122.202697,38.099633],[-122.202911,38.099642],[-122.203047,38.099658],[-122.203181,38.099683],[-122.203247,38.099694],[-122.204269,38.099997],[-122.204522,38.100047],[-122.204753,38.100078],[-122.205258,38.100122],[-122.205719,38.100133],[-122.206619,38.100136],[-122.207378,38.100139],[-122.208444,38.100135],[-122.208867,38.10015],[-122.209314,38.100153],[-122.210169,38.100158],[-122.211014,38.100164],[-122.211522,38.100167],[-122.212003,38.100172],[-122.213725,38.100203],[-122.214564,38.10021],[-122.215367,38.100214],[-122.215928,38.100219],[-122.216099,38.100211],[-122.216514,38.100186],[-122.216711,38.100158],[-122.216983,38.100083],[-122.217769,38.099892],[-122.217936,38.099869],[-122.218133,38.099847],[-122.218311,38.099783],[-122.220744,38.099808],[-122.221722,38.099822],[-122.223258,38.099822],[-122.224197,38.099822],[-122.224497,38.099831],[-122.224853,38.099875],[-122.224939,38.099894],[-122.225572,38.100083],[-122.226181,38.100308],[-122.226561,38.100419],[-122.226658,38.100458],[-122.226742,38.100564],[-122.226825,38.100586],[-122.227094,38.100628],[-122.228003,38.100717],[-122.228325,38.100739],[-122.228531,38.100744],[-122.229255,38.100753],[-122.2294,38.100754],[-122.229544,38.100756],[-122.229667,38.100756],[-122.229861,38.100758],[-122.229997,38.100758],[-122.230367,38.100761],[-122.231094,38.100769],[-122.231981,38.100783],[-122.232858,38.1008],[-122.233725,38.100814],[-122.234569,38.100825],[-122.23545,38.100839],[-122.236319,38.100853],[-122.2372,38.100869],[-122.238064,38.100889],[-122.238686,38.100903],[-122.239381,38.100917],[-122.239931,38.100911],[-122.240536,38.100906],[-122.241519,38.1009],[-122.241647,38.100903],[-122.24255,38.100917],[-122.243406,38.100928],[-122.244936,38.10095],[-122.246628,38.100978],[-122.248303,38.100994],[-122.249978,38.101028],[-122.251642,38.101036],[-122.253289,38.101067],[-122.254942,38.101097],[-122.256642,38.101119],[-122.258306,38.101139],[-122.259418,38.101168],[-122.259981,38.101183],[-122.259999,38.100517],[-122.259983,38.099919],[-122.259943,38.09953],[-122.260153,38.0994],[-122.260642,38.099136],[-122.260747,38.099081],[-122.261142,38.098842],[-122.261314,38.09875],[-122.261442,38.09895],[-122.261803,38.099631],[-122.261864,38.099764],[-122.261953,38.099917],[-122.262111,38.100153],[-122.263003,38.101325],[-122.263277,38.101701],[-122.264053,38.10275],[-122.264364,38.103133],[-122.264758,38.103594],[-122.265125,38.104044],[-122.265417,38.104478],[-122.26575,38.105086],[-122.265906,38.105372],[-122.266042,38.105686],[-122.266111,38.105883],[-122.266142,38.106055],[-122.266153,38.106196],[-122.266128,38.106542],[-122.266006,38.106911],[-122.265908,38.107114],[-122.265811,38.107281],[-122.265762,38.107417],[-122.265742,38.10755],[-122.265478,38.107836],[-122.265394,38.107919],[-122.264997,38.108314],[-122.264903,38.108425],[-122.264623,38.108881],[-122.264569,38.109273],[-122.264542,38.109515],[-122.264565,38.110066],[-122.264605,38.110186],[-122.265221,38.110352],[-122.266593,38.110772],[-122.266753,38.110844],[-122.267653,38.111147],[-122.268383,38.111353],[-122.26875,38.111473],[-122.269234,38.111609],[-122.269469,38.111675],[-122.269533,38.111695],[-122.270192,38.111897],[-122.270442,38.11195],[-122.270608,38.111972],[-122.271042,38.112],[-122.271647,38.111986],[-122.27175,38.111983],[-122.271915,38.11196],[-122.272036,38.111944],[-122.272228,38.1119],[-122.272539,38.111803],[-122.273006,38.111611],[-122.274008,38.111178],[-122.274225,38.111088],[-122.274343,38.11125],[-122.274368,38.11124],[-122.276081,38.113419],[-122.279318,38.11769],[-122.281021,38.11952],[-122.281398,38.119996],[-122.282936,38.119431],[-122.283021,38.119397],[-122.283039,38.119427],[-122.283078,38.119447],[-122.283102,38.11946],[-122.283227,38.119471],[-122.283428,38.11946],[-122.283554,38.119438],[-122.283623,38.1194],[-122.283874,38.119329],[-122.284076,38.11926],[-122.284386,38.119392],[-122.284762,38.119566],[-122.28513,38.119381],[-122.285238,38.119328],[-122.285347,38.119276],[-122.285458,38.119226],[-122.285569,38.119177],[-122.285682,38.11913],[-122.285795,38.119084],[-122.285909,38.11904],[-122.286024,38.118997],[-122.28614,38.118957],[-122.286258,38.118917],[-122.286376,38.118879],[-122.286494,38.118843],[-122.286614,38.118809],[-122.286735,38.118776],[-122.286855,38.118745],[-122.286978,38.118716],[-122.2871,38.118688],[-122.287223,38.118662],[-122.287346,38.118637],[-122.28747,38.118615],[-122.287619,38.11859],[-122.28798,38.118531],[-122.288454,38.118453],[-122.289156,38.12016],[-122.289399,38.120394],[-122.28954,38.12053],[-122.290074,38.120681],[-122.290868,38.120905],[-122.291361,38.121146],[-122.294923,38.122029],[-122.294997,38.117537],[-122.294998,38.117418],[-122.294927,38.117421],[-122.293424,38.117494],[-122.293151,38.117499],[-122.293149,38.117313],[-122.293144,38.116903],[-122.293147,38.11518],[-122.293147,38.115167],[-122.293138,38.115011],[-122.293075,38.114845],[-122.292997,38.114769],[-122.293086,38.114598],[-122.293111,38.114158],[-122.29313,38.113586],[-122.293136,38.113403],[-122.293117,38.113317],[-122.293083,38.113258],[-122.293014,38.113172],[-122.295403,38.113228],[-122.296009,38.113242],[-122.302122,38.113274],[-122.307549,38.113302],[-122.311663,38.113324],[-122.311761,38.113324],[-122.312167,38.113326],[-122.313092,38.113331],[-122.313467,38.113543],[-122.320634,38.117605],[-122.325477,38.120347],[-122.327837,38.121372],[-122.34217,38.127743],[-122.342827,38.128066],[-122.343823,38.128498],[-122.344204,38.128653],[-122.347455,38.128342],[-122.355006,38.12741],[-122.37553,38.124877],[-122.386029,38.12358],[-122.386692,38.123506],[-122.387796,38.124919],[-122.387823,38.125007],[-122.387905,38.125271],[-122.387933,38.125359],[-122.390522,38.131239],[-122.391142,38.132646],[-122.401199,38.147261],[-122.404842,38.152555],[-122.405198,38.153073],[-122.405732,38.153848],[-122.406268,38.154627],[-122.406625,38.155145],[-122.406874,38.155506],[-122.40697,38.155649],[-122.406786,38.155632],[-122.406738,38.155629],[-122.406367,38.155606],[-122.405948,38.15558],[-122.404911,38.155528],[-122.404548,38.155516],[-122.403614,38.155478],[-122.403475,38.155465],[-122.402334,38.15548],[-122.40211,38.155483],[-122.401885,38.155486],[-122.401338,38.155494],[-122.40097,38.155499],[-122.400602,38.155504],[-122.400123,38.15551],[-122.398998,38.155525],[-122.397874,38.15554],[-122.397511,38.155545],[-122.396965,38.155552],[-122.396419,38.15556],[-122.395689,38.155569],[-122.395563,38.155571],[-122.395436,38.155573],[-122.391679,38.155623],[-122.386398,38.155694],[-122.385392,38.155707],[-122.384989,38.155712],[-122.384586,38.155718],[-122.384395,38.155723],[-122.384199,38.155728],[-122.383608,38.155743],[-122.382692,38.155767],[-122.381762,38.15579],[-122.381723,38.155791],[-122.380802,38.155812],[-122.38058,38.15582],[-122.380565,38.155821],[-122.380268,38.155824],[-122.376244,38.15575],[-122.376165,38.155749],[-122.376086,38.155748],[-122.375818,38.155746],[-122.375549,38.155744],[-122.374683,38.155738],[-122.3728,38.155711],[-122.370916,38.155684],[-122.37009,38.155672],[-122.369813,38.155668],[-122.369536,38.155664],[-122.369153,38.155656],[-122.368827,38.155649],[-122.368501,38.155643],[-122.367324,38.155624],[-122.366914,38.155617],[-122.366664,38.155613],[-122.366556,38.155611],[-122.366415,38.155609],[-122.366202,38.15561],[-122.36599,38.15561],[-122.362471,38.155619],[-122.362318,38.155626],[-122.362262,38.155628],[-122.362166,38.155632],[-122.36208,38.155636],[-122.361995,38.15564],[-122.351802,38.155515],[-122.351009,38.155593],[-122.350957,38.155598],[-122.350705,38.155577],[-122.350584,38.155567],[-122.350439,38.155555],[-122.350294,38.155543],[-122.349985,38.155518],[-122.341542,38.155439],[-122.340373,38.15543],[-122.340295,38.155429],[-122.340182,38.155428],[-122.340073,38.155426],[-122.340006,38.155424],[-122.339937,38.155424],[-122.339835,38.155422],[-122.337964,38.15542],[-122.335525,38.155418],[-122.335327,38.155418],[-122.33513,38.155419],[-122.334872,38.15542],[-122.33463,38.155421],[-122.313398,38.15532],[-122.312842,38.155316],[-122.312326,38.155313],[-122.311941,38.155311],[-122.311288,38.15531],[-122.310782,38.155299],[-122.309963,38.155292],[-122.305743,38.155264],[-122.299314,38.155221],[-122.299224,38.15522],[-122.299188,38.15522],[-122.299006,38.155218],[-122.298824,38.155216],[-122.298729,38.155218],[-122.296807,38.155218],[-122.295306,38.155218],[-122.294885,38.155218],[-122.293683,38.155218],[-122.291963,38.155134],[-122.290676,38.155204],[-122.29038,38.155217],[-122.289215,38.155217],[-122.289072,38.155217],[-122.288025,38.155217],[-122.28432,38.155217],[-122.278956,38.155324],[-122.277932,38.155342],[-122.276608,38.155371],[-122.273432,38.155433],[-122.272996,38.155442],[-122.272382,38.155438],[-122.269545,38.155418],[-122.265693,38.155392],[-122.264743,38.155386],[-122.264457,38.155383],[-122.264356,38.155381],[-122.264265,38.155381],[-122.26385,38.155378],[-122.263436,38.155375],[-122.262745,38.155371],[-122.262017,38.155366],[-122.261393,38.155361],[-122.261206,38.15536],[-122.261148,38.15536],[-122.26044,38.155355],[-122.25975,38.15535],[-122.259107,38.155344],[-122.258873,38.155341],[-122.25865,38.155338],[-122.258102,38.155334],[-122.257227,38.155329],[-122.256509,38.155324],[-122.256107,38.155325],[-122.256037,38.155325],[-122.255743,38.155323],[-122.255162,38.155319],[-122.254425,38.155315],[-122.25395,38.155311],[-122.253726,38.155309]]]}},{"type":"Feature","properties":{"district":"2"},"geometry":{"type":"Polygon","coordinates":[[[-121.861597,38.069887],[-121.862286,38.068446],[-121.862542,38.06795],[-121.862622,38.066958],[-121.862504,38.066275],[-121.862484,38.066157],[-121.862462,38.06603],[-121.862534,38.065898],[-121.862534,38.065677],[-121.862641,38.064929],[-121.863114,38.063472],[-121.863147,38.063403],[-121.863648,38.062381],[-121.864472,38.060985],[-121.865189,38.059909],[-121.866364,38.058314],[-121.867402,38.056895],[-121.867669,38.056578],[-121.868546,38.055545],[-121.869401,38.054599],[-121.869469,38.054519],[-121.869582,38.054414],[-121.870648,38.05344],[-121.871101,38.053027],[-121.872708,38.051844],[-121.87459,38.050768],[-121.874606,38.050758],[-121.874743,38.050676],[-121.875048,38.050554],[-121.876072,38.050125],[-121.877708,38.049514],[-121.878235,38.049318],[-121.880184,38.048709],[-121.88276,38.048156],[-121.883563,38.047984],[-121.884463,38.047765],[-121.88502,38.047629],[-121.885177,38.047591],[-121.886674,38.047229],[-121.886694,38.047224],[-121.887258,38.047114],[-121.889573,38.046657],[-121.890712,38.046532],[-121.891801,38.046414],[-121.893327,38.046185],[-121.896242,38.045849],[-121.898882,38.045574],[-121.901171,38.045361],[-121.903154,38.04533],[-121.90467,38.04532],[-121.905446,38.045204],[-121.906801,38.045002],[-121.907785,38.045012],[-121.90857,38.04502],[-121.910143,38.044956],[-121.911609,38.04503],[-121.911943,38.045048],[-121.912574,38.045076],[-121.913622,38.045124],[-121.915544,38.045216],[-121.91733,38.045429],[-121.918901,38.045582],[-121.920794,38.045726],[-121.922121,38.045901],[-121.923326,38.046123],[-121.924425,38.046268],[-121.924528,38.046283],[-121.925814,38.046474],[-121.928027,38.046969],[-121.928097,38.046983],[-121.92846,38.047054],[-121.929327,38.047225],[-121.929538,38.047267],[-121.931003,38.04761],[-121.931896,38.047876],[-121.932743,38.04813],[-121.932758,38.048134],[-121.932803,38.048147],[-121.932818,38.048152],[-121.933371,38.048288],[-121.934299,38.048518],[-121.935032,38.048696],[-121.935428,38.048793],[-121.935579,38.048856],[-121.936343,38.049174],[-121.93758,38.049746],[-121.937762,38.04983],[-121.938678,38.050189],[-121.939578,38.050441],[-121.940936,38.050914],[-121.942325,38.051402],[-121.943771,38.051943],[-121.943835,38.051967],[-121.945193,38.052417],[-121.945857,38.052613],[-121.946765,38.052882],[-121.946859,38.052905],[-121.948642,38.053348],[-121.949895,38.053678],[-121.950549,38.053851],[-121.950911,38.053918],[-121.950912,38.05413],[-121.950917,38.054766],[-121.950919,38.054978],[-121.955679,38.057816],[-121.957202,38.058643],[-121.962208,38.061365],[-121.965209,38.062608],[-121.969562,38.064411],[-121.972281,38.065538],[-121.97744,38.06684],[-121.983158,38.067297],[-121.986671,38.066925],[-121.987327,38.06684],[-121.987567,38.066809],[-121.991352,38.06632],[-121.996709,38.065766],[-122.000603,38.065365],[-122.001073,38.065309],[-122.005681,38.064759],[-122.007915,38.064493],[-122.012905,38.063797],[-122.015175,38.063481],[-122.019826,38.062271],[-122.024975,38.06029],[-122.028411,38.05919],[-122.029234,38.059296],[-122.032773,38.059753],[-122.03626,38.060204],[-122.04594,38.060204],[-122.050339,38.060204],[-122.050386,38.060198],[-122.050874,38.060201],[-122.056873,38.061336],[-122.059431,38.06182],[-122.061103,38.062137],[-122.061256,38.062099],[-122.062507,38.061709],[-122.063651,38.061404],[-122.065009,38.060985],[-122.066596,38.060359],[-122.067298,38.060077],[-122.075263,38.055156],[-122.076148,38.054615],[-122.076545,38.054409],[-122.076728,38.054318],[-122.07743,38.054005],[-122.079826,38.053173],[-122.080985,38.05283],[-122.082511,38.052357],[-122.084159,38.051861],[-122.084592,38.051679],[-122.085746,38.051197],[-122.087235,38.050634],[-122.088746,38.050092],[-122.090318,38.049718],[-122.092744,38.049352],[-122.093125,38.049268],[-122.093375,38.04912],[-122.093846,38.048967],[-122.095261,38.048507],[-122.095733,38.048355],[-122.096001,38.048268],[-122.096806,38.048006],[-122.097075,38.04792],[-122.098726,38.04746],[-122.099684,38.047049],[-122.099776,38.047008],[-122.100551,38.046676],[-122.101834,38.046206],[-122.102589,38.045931],[-122.102757,38.045876],[-122.115835,38.040294],[-122.117957,38.039389],[-122.118083,38.03934],[-122.118849,38.03883],[-122.119253,38.038562],[-122.120095,38.038221],[-122.120395,38.03814],[-122.120498,38.038114],[-122.120641,38.03808],[-122.120808,38.038039],[-122.120887,38.03802],[-122.120912,38.038013],[-122.120927,38.038008],[-122.120976,38.037994],[-122.120992,38.03799],[-122.121131,38.037891],[-122.121529,38.037609],[-122.121743,38.037471],[-122.121974,38.037221],[-122.12211,38.037035],[-122.122452,38.036625],[-122.122537,38.036524],[-122.123161,38.036082],[-122.123593,38.035892],[-122.123724,38.035835],[-122.123876,38.035764],[-122.123973,38.035717],[-122.12568,38.035399],[-122.127068,38.035183],[-122.127828,38.035123],[-122.128185,38.035061],[-122.130174,38.034718],[-122.130287,38.034712],[-122.131536,38.034492],[-122.133173,38.034069],[-122.133543,38.033963],[-122.134393,38.03372],[-122.136088,38.033215],[-122.137138,38.032841],[-122.139366,38.032177],[-122.141533,38.031862],[-122.14312,38.031761],[-122.14362,38.031764],[-122.145181,38.031775],[-122.146866,38.031727],[-122.147077,38.031721],[-122.147376,38.031721],[-122.148277,38.031721],[-122.148577,38.031721],[-122.149293,38.031808],[-122.150247,38.031926],[-122.151433,38.032138],[-122.151864,38.032216],[-122.152147,38.032249],[-122.153052,38.032353],[-122.153512,38.032407],[-122.15575,38.032782],[-122.155969,38.032819],[-122.156652,38.032917],[-122.156691,38.032922],[-122.156812,38.03294],[-122.156852,38.032946],[-122.157419,38.033026],[-122.157998,38.033109],[-122.158929,38.033246],[-122.159117,38.033299],[-122.15925,38.033338],[-122.159681,38.033399],[-122.159997,38.033445],[-122.16044,38.033635],[-122.160653,38.033734],[-122.160888,38.03378],[-122.162195,38.03404],[-122.163202,38.034299],[-122.164577,38.034721],[-122.164591,38.034732],[-122.165201,38.035222],[-122.165662,38.035399],[-122.165857,38.035474],[-122.166075,38.035615],[-122.166742,38.036046],[-122.167194,38.03646],[-122.167383,38.036634],[-122.167577,38.036721],[-122.16784,38.037038],[-122.167989,38.037215],[-122.168649,38.037998],[-122.169168,38.038745],[-122.169536,38.039275],[-122.169656,38.039448],[-122.169717,38.039532],[-122.170609,38.040711],[-122.170785,38.040943],[-122.173854,38.045002],[-122.174708,38.046131],[-122.174939,38.046431],[-122.175089,38.046627],[-122.176096,38.047772],[-122.176188,38.047863],[-122.177214,38.048682],[-122.178289,38.049542],[-122.183863,38.053997],[-122.190331,38.055496],[-122.194805,38.056533],[-122.194921,38.05656],[-122.195271,38.056641],[-122.195388,38.056668],[-122.195476,38.056688],[-122.195743,38.05675],[-122.195832,38.056771],[-122.195964,38.056801],[-122.19636,38.056894],[-122.196492,38.056925],[-122.197123,38.057072],[-122.197547,38.057169],[-122.198679,38.05743],[-122.200677,38.057894],[-122.200715,38.057903],[-122.200846,38.057934],[-122.201778,38.05812],[-122.202909,38.058259],[-122.204607,38.058469],[-122.205972,38.058637],[-122.206303,38.058678],[-122.207435,38.058818],[-122.208688,38.058972],[-122.210568,38.059204],[-122.212447,38.059436],[-122.2137,38.059591],[-122.21588,38.05986],[-122.222423,38.060667],[-122.224564,38.060931],[-122.224605,38.060936],[-122.224719,38.06095],[-122.225063,38.060992],[-122.225178,38.061006],[-122.225193,38.061008],[-122.225236,38.061014],[-122.225318,38.061014],[-122.225743,38.061017],[-122.225855,38.061018],[-122.225885,38.061018],[-122.225931,38.061019],[-122.225945,38.06102],[-122.226125,38.061041],[-122.226185,38.061048],[-122.226413,38.061073],[-122.22649,38.061082],[-122.226714,38.061107],[-122.226745,38.061109],[-122.227991,38.061206],[-122.228426,38.061278],[-122.22896,38.061368],[-122.228983,38.061372],[-122.229267,38.061421],[-122.229599,38.06148],[-122.230114,38.061573],[-122.230451,38.061619],[-122.231457,38.061743],[-122.232079,38.06182],[-122.232952,38.0621],[-122.234733,38.06237],[-122.242797,38.063595],[-122.244106,38.063795],[-122.245251,38.063969],[-122.245483,38.063922],[-122.246909,38.063634],[-122.249975,38.063016],[-122.257779,38.061443],[-122.263451,38.060302],[-122.264721,38.060047],[-122.264828,38.060024],[-122.265347,38.059918],[-122.267978,38.060221],[-122.269578,38.060404],[-122.274382,38.060959],[-122.275983,38.061144],[-122.276462,38.061199],[-122.276881,38.061247],[-122.277901,38.061364],[-122.278381,38.06142],[-122.292195,38.063788],[-122.317835,38.068183],[-122.333639,38.070892],[-122.347454,38.07326],[-122.355522,38.083591],[-122.359589,38.088799],[-122.379727,38.114587],[-122.386501,38.123261],[-122.386692,38.123506],[-122.386029,38.12358],[-122.37553,38.124877],[-122.355006,38.12741],[-122.347455,38.128342],[-122.344204,38.128653],[-122.343823,38.128498],[-122.342827,38.128066],[-122.34217,38.127743],[-122.327837,38.121372],[-122.325477,38.120347],[-122.320634,38.117605],[-122.313467,38.113543],[-122.313092,38.113331],[-122.312167,38.113326],[-122.311761,38.113324],[-122.311663,38.113324],[-122.307549,38.113302],[-122.302122,38.113274],[-122.296009,38.113242],[-122.295403,38.113228],[-122.293014,38.113172],[-122.293083,38.113258],[-122.293117,38.113317],[-122.293136,38.113403],[-122.29313,38.113586],[-122.293111,38.114158],[-122.293086,38.114598],[-122.292997,38.114769],[-122.293075,38.114845],[-122.293138,38.115011],[-122.293147,38.115167],[-122.293147,38.11518],[-122.293144,38.116903],[-122.293149,38.117313],[-122.293151,38.117499],[-122.293424,38.117494],[-122.294927,38.117421],[-122.294998,38.117418],[-122.294997,38.117537],[-122.294923,38.122029],[-122.291361,38.121146],[-122.290868,38.120905],[-122.290074,38.120681],[-122.28954,38.12053],[-122.289399,38.120394],[-122.289156,38.12016],[-122.288454,38.118453],[-122.28798,38.118531],[-122.287619,38.11859],[-122.28747,38.118615],[-122.287346,38.118637],[-122.287223,38.118662],[-122.2871,38.118688],[-122.286978,38.118716],[-122.286855,38.118745],[-122.286735,38.118776],[-122.286614,38.118809],[-122.286494,38.118843],[-122.286376,38.118879],[-122.286258,38.118917],[-122.28614,38.118957],[-122.286024,38.118997],[-122.285909,38.11904],[-122.285795,38.119084],[-122.285682,38.11913],[-122.285569,38.119177],[-122.285458,38.119226],[-122.285347,38.119276],[-122.285238,38.119328],[-122.28513,38.119381],[-122.284762,38.119566],[-122.284386,38.119392],[-122.284076,38.11926],[-122.283874,38.119329],[-122.283623,38.1194],[-122.283554,38.119438],[-122.283428,38.11946],[-122.283227,38.119471],[-122.283102,38.11946],[-122.283078,38.119447],[-122.283039,38.119427],[-122.283021,38.119397],[-122.282936,38.119431],[-122.281398,38.119996],[-122.281021,38.11952],[-122.279318,38.11769],[-122.276081,38.113419],[-122.274368,38.11124],[-122.274343,38.11125],[-122.274225,38.111088],[-122.274008,38.111178],[-122.273006,38.111611],[-122.272539,38.111803],[-122.272228,38.1119],[-122.272036,38.111944],[-122.271915,38.11196],[-122.27175,38.111983],[-122.271647,38.111986],[-122.271042,38.112],[-122.270608,38.111972],[-122.270442,38.11195],[-122.270192,38.111897],[-122.269533,38.111695],[-122.269469,38.111675],[-122.269234,38.111609],[-122.26875,38.111473],[-122.268383,38.111353],[-122.267653,38.111147],[-122.266753,38.110844],[-122.266593,38.110772],[-122.265221,38.110352],[-122.264605,38.110186],[-122.264565,38.110066],[-122.264542,38.109515],[-122.264569,38.109273],[-122.264623,38.108881],[-122.264903,38.108425],[-122.264997,38.108314],[-122.265394,38.107919],[-122.265478,38.107836],[-122.265742,38.10755],[-122.265762,38.107417],[-122.265811,38.107281],[-122.265908,38.107114],[-122.266006,38.106911],[-122.266128,38.106542],[-122.266153,38.106196],[-122.266142,38.106055],[-122.266111,38.105883],[-122.266042,38.105686],[-122.265906,38.105372],[-122.26575,38.105086],[-122.265417,38.104478],[-122.265125,38.104044],[-122.264758,38.103594],[-122.264364,38.103133],[-122.264053,38.10275],[-122.263277,38.101701],[-122.263003,38.101325],[-122.262111,38.100153],[-122.261953,38.099917],[-122.261864,38.099764],[-122.261803,38.099631],[-122.261442,38.09895],[-122.261314,38.09875],[-122.261142,38.098842],[-122.260747,38.099081],[-122.260642,38.099136],[-122.260153,38.0994],[-122.259943,38.09953],[-122.259983,38.099919],[-122.259999,38.100517],[-122.259981,38.101183],[-122.259418,38.101168],[-122.258306,38.101139],[-122.256642,38.101119],[-122.254942,38.101097],[-122.253289,38.101067],[-122.251642,38.101036],[-122.249978,38.101028],[-122.248303,38.100994],[-122.246628,38.100978],[-122.244936,38.10095],[-122.243406,38.100928],[-122.24255,38.100917],[-122.241647,38.100903],[-122.241519,38.1009],[-122.240536,38.100906],[-122.239931,38.100911],[-122.239381,38.100917],[-122.238686,38.100903],[-122.238064,38.100889],[-122.2372,38.100869],[-122.236319,38.100853],[-122.23545,38.100839],[-122.234569,38.100825],[-122.233725,38.100814],[-122.232858,38.1008],[-122.231981,38.100783],[-122.231094,38.100769],[-122.230367,38.100761],[-122.229997,38.100758],[-122.229861,38.100758],[-122.229667,38.100756],[-122.229544,38.100756],[-122.2294,38.100754],[-122.229255,38.100753],[-122.228531,38.100744],[-122.228325,38.100739],[-122.228003,38.100717],[-122.227094,38.100628],[-122.226825,38.100586],[-122.226742,38.100564],[-122.226658,38.100458],[-122.226561,38.100419],[-122.226181,38.100308],[-122.225572,38.100083],[-122.224939,38.099894],[-122.224853,38.099875],[-122.224497,38.099831],[-122.224197,38.099822],[-122.223258,38.099822],[-122.221722,38.099822],[-122.220744,38.099808],[-122.218311,38.099783],[-122.218133,38.099847],[-122.217936,38.099869],[-122.217769,38.099892],[-122.216983,38.100083],[-122.216711,38.100158],[-122.216514,38.100186],[-122.216099,38.100211],[-122.215928,38.100219],[-122.215367,38.100214],[-122.214564,38.10021],[-122.213725,38.100203],[-122.212003,38.100172],[-122.211522,38.100167],[-122.211014,38.100164],[-122.210169,38.100158],[-122.209314,38.100153],[-122.208867,38.10015],[-122.208444,38.100135],[-122.207378,38.100139],[-122.206619,38.100136],[-122.205719,38.100133],[-122.205258,38.100122],[-122.204753,38.100078],[-122.204522,38.100047],[-122.204269,38.099997],[-122.203247,38.099694],[-122.203181,38.099683],[-122.203047,38.099658],[-122.202911,38.099642],[-122.202697,38.099633],[-122.202594,38.099644],[-122.202497,38.099653],[-122.202361,38.099678],[-122.202042,38.099789],[-122.201761,38.099908],[-122.200962,38.100247],[-122.200428,38.100475],[-122.199772,38.100764],[-122.198978,38.101106],[-122.198094,38.101483],[-122.197644,38.101667],[-122.197489,38.101714],[-122.197033,38.1018],[-122.196869,38.101822],[-122.196348,38.101898],[-122.195497,38.102025],[-122.195186,38.102078],[-122.194944,38.102131],[-122.194758,38.102194],[-122.194075,38.102464],[-122.194039,38.102478],[-122.19377,38.102599],[-122.193711,38.102625],[-122.19355,38.102714],[-122.193231,38.102925],[-122.193089,38.103047],[-122.19294,38.103175],[-122.192808,38.103289],[-122.192483,38.103544],[-122.192247,38.103756],[-122.192083,38.103872],[-122.191936,38.103944],[-122.19167,38.104034],[-122.191494,38.104094],[-122.190781,38.104294],[-122.190594,38.104364],[-122.190486,38.104425],[-122.190439,38.104455],[-122.190186,38.104628],[-122.189744,38.105003],[-122.189344,38.105314],[-122.188986,38.105611],[-122.188878,38.105686],[-122.188775,38.105736],[-122.188442,38.105839],[-122.188492,38.105967],[-122.188399,38.105981],[-122.188223,38.10596],[-122.188074,38.105913],[-122.187641,38.106001],[-122.184494,38.104989],[-122.184597,38.105623],[-122.185873,38.105637],[-122.186005,38.106334],[-122.186198,38.10735],[-122.186341,38.108357],[-122.187133,38.113009],[-122.187384,38.114443],[-122.187455,38.114563],[-122.187487,38.114614],[-122.187671,38.11469],[-122.187775,38.114733],[-122.188083,38.114825],[-122.188328,38.114875],[-122.189367,38.115031],[-122.189387,38.115033],[-122.189663,38.115064],[-122.189511,38.115524],[-122.189409,38.115823],[-122.189128,38.116691],[-122.188414,38.116506],[-122.188236,38.11646],[-122.188053,38.116399],[-122.187667,38.116268],[-122.187707,38.116543],[-122.187835,38.11738],[-122.187884,38.117308],[-122.187848,38.117499],[-122.188013,38.119136],[-122.188009,38.119459],[-122.187952,38.122548],[-122.187653,38.122693],[-122.18691,38.123054],[-122.18607,38.123392],[-122.184607,38.124017],[-122.183855,38.124323],[-122.182958,38.124709],[-122.182562,38.124878],[-122.182475,38.124918],[-122.18178,38.125216],[-122.18024,38.12588],[-122.179232,38.126312],[-122.176746,38.127409],[-122.175397,38.128011],[-122.17537,38.128023],[-122.172188,38.12944],[-122.167139,38.13169],[-122.166918,38.131788],[-122.166898,38.131805],[-122.166441,38.132189],[-122.165778,38.13274],[-122.16647,38.134546],[-122.166817,38.135335],[-122.167555,38.137196],[-122.167933,38.138123],[-122.16795,38.138165],[-122.167985,38.138251],[-122.168008,38.138286],[-122.168074,38.138472],[-122.168348,38.139146],[-122.168387,38.139252],[-122.169149,38.1412],[-122.169479,38.142086],[-122.168583,38.142462],[-122.169229,38.1453],[-122.170115,38.149195],[-122.170226,38.149679],[-122.170229,38.149698],[-122.170507,38.151161],[-122.17113,38.154442],[-122.171224,38.154926],[-122.172095,38.15953],[-122.17212,38.159648],[-122.172195,38.159998],[-122.172259,38.160316],[-122.17268,38.164899],[-122.172976,38.166578],[-122.172982,38.166611],[-122.173021,38.166836],[-122.173331,38.168592],[-122.17338,38.168872],[-122.173481,38.169392],[-122.181737,38.16622],[-122.18338,38.169191],[-122.185296,38.172663],[-122.182848,38.17418],[-122.175915,38.178476],[-122.172536,38.180523],[-122.171495,38.181168],[-122.171383,38.181234],[-122.171302,38.181281],[-122.174493,38.185867],[-122.174764,38.185906],[-122.174855,38.185906],[-122.175084,38.185873],[-122.175356,38.185752],[-122.175502,38.185637],[-122.176073,38.185274],[-122.17624,38.185093],[-122.176303,38.185043],[-122.176393,38.18495],[-122.176497,38.184879],[-122.176908,38.18489],[-122.177033,38.184912],[-122.177152,38.184945],[-122.177576,38.185109],[-122.17782,38.185131],[-122.178036,38.185132],[-122.178412,38.18506],[-122.178495,38.185055],[-122.17878,38.185005],[-122.178906,38.184972],[-122.17901,38.184923],[-122.179115,38.184846],[-122.179887,38.18461],[-122.180105,38.184833],[-122.180094,38.184839],[-122.179775,38.184989],[-122.179672,38.185028],[-122.179736,38.185164],[-122.179803,38.185258],[-122.179831,38.1853],[-122.180222,38.185681],[-122.180686,38.185425],[-122.180764,38.185505],[-122.180827,38.185582],[-122.181019,38.185727],[-122.181423,38.185875],[-122.181725,38.185736],[-122.182031,38.185667],[-122.182175,38.185656],[-122.182358,38.185667],[-122.182572,38.185781],[-122.182644,38.185858],[-122.182897,38.186381],[-122.183008,38.186533],[-122.183847,38.187228],[-122.184306,38.187669],[-122.184419,38.187736],[-122.184622,38.187819],[-122.184897,38.187869],[-122.185281,38.187925],[-122.185686,38.1879],[-122.185789,38.187925],[-122.186056,38.188028],[-122.186213,38.188168],[-122.186383,38.188125],[-122.186544,38.188122],[-122.186958,38.188014],[-122.187083,38.188017],[-122.187603,38.188069],[-122.188006,38.188144],[-122.188636,38.188208],[-122.188675,38.188206],[-122.189717,38.187836],[-122.189964,38.187764],[-122.190175,38.187758],[-122.190561,38.187781],[-122.191631,38.187819],[-122.1918,38.187797],[-122.191917,38.187811],[-122.192019,38.187872],[-122.192622,38.187908],[-122.193322,38.187986],[-122.193578,38.188031],[-122.193989,38.188142],[-122.194986,38.188369],[-122.195361,38.188375],[-122.1955,38.188367],[-122.195708,38.188319],[-122.195875,38.188358],[-122.196228,38.188572],[-122.1965,38.188797],[-122.196739,38.188889],[-122.196883,38.188922],[-122.197056,38.18895],[-122.197425,38.188936],[-122.197806,38.188867],[-122.198092,38.188781],[-122.198667,38.188631],[-122.198981,38.188564],[-122.199169,38.188533],[-122.199303,38.188494],[-122.199458,38.188436],[-122.199692,38.188449],[-122.199781,38.188386],[-122.199956,38.188361],[-122.200161,38.188394],[-122.200369,38.188531],[-122.200431,38.188622],[-122.200556,38.188722],[-122.200775,38.188742],[-122.200989,38.1887],[-122.201225,38.188664],[-122.201592,38.188564],[-122.201672,38.188494],[-122.201706,38.188425],[-122.201678,38.188314],[-122.201703,38.18825],[-122.201797,38.188089],[-122.201875,38.188],[-122.201944,38.187983],[-122.202283,38.18805],[-122.202417,38.188119],[-122.202597,38.188194],[-122.202811,38.188233],[-122.203058,38.188261],[-122.203258,38.188258],[-122.203475,38.188228],[-122.203858,38.188328],[-122.204025,38.188328],[-122.20445,38.188283],[-122.204683,38.188292],[-122.204814,38.188267],[-122.204908,38.188233],[-122.204969,38.188175],[-122.205011,38.188092],[-122.205017,38.188008],[-122.204989,38.187861],[-122.204919,38.187764],[-122.204711,38.187567],[-122.204647,38.187486],[-122.204653,38.187431],[-122.204733,38.1873],[-122.204856,38.187194],[-122.204972,38.187114],[-122.205147,38.187039],[-122.205481,38.186969],[-122.206267,38.186675],[-122.206661,38.186575],[-122.207194,38.186425],[-122.207847,38.186328],[-122.207981,38.186272],[-122.208458,38.186044],[-122.208631,38.185933],[-122.208744,38.185878],[-122.208958,38.185883],[-122.209611,38.185825],[-122.209889,38.185714],[-122.210094,38.185681],[-122.210183,38.185589],[-122.210469,38.185369],[-122.210719,38.185217],[-122.211017,38.185186],[-122.211111,38.1851],[-122.211289,38.184894],[-122.211728,38.184664],[-122.212022,38.184583],[-122.212297,38.184494],[-122.212522,38.184342],[-122.21275,38.1843],[-122.212917,38.184236],[-122.213086,38.184136],[-122.213033,38.184226],[-122.21298,38.184317],[-122.215581,38.188417],[-122.20948,38.189917],[-122.211481,38.192117],[-122.20588,38.196216],[-122.20598,38.197916],[-122.20498,38.198516],[-122.205681,38.203616],[-122.204581,38.204816],[-122.205681,38.208216],[-122.204581,38.20923],[-122.204465,38.209373],[-122.204441,38.209403],[-122.204295,38.209608],[-122.204167,38.209699],[-122.201478,38.21162],[-122.199573,38.210622],[-122.197573,38.211815],[-122.19498,38.212317],[-122.194937,38.212373],[-122.19398,38.213614],[-122.194681,38.215214],[-122.195392,38.215617],[-122.196281,38.216116],[-122.196177,38.21892],[-122.196004,38.219062],[-122.195831,38.219204],[-122.193374,38.221215],[-122.193582,38.223524],[-122.194981,38.225222],[-122.19598,38.229013],[-122.19598,38.23041],[-122.197179,38.231413],[-122.197187,38.232817],[-122.201772,38.240323],[-122.204379,38.241019],[-122.204439,38.241224],[-122.204456,38.241293],[-122.204661,38.242022],[-122.204838,38.242658],[-122.205014,38.243294],[-122.205201,38.244015],[-122.205243,38.244167],[-122.205389,38.24462],[-122.208284,38.244216],[-122.209582,38.244816],[-122.210181,38.247415],[-122.212481,38.248715],[-122.211081,38.252215],[-122.209081,38.251115],[-122.20649,38.250933],[-122.20483,38.249656],[-122.204598,38.249479],[-122.204367,38.249302],[-122.203544,38.24933],[-122.202722,38.249359],[-122.201761,38.249385],[-122.2008,38.249411],[-122.200681,38.249415],[-122.200181,38.250037],[-122.199481,38.250915],[-122.19518,38.250716],[-122.194081,38.252915],[-122.194482,38.254119],[-122.194681,38.254715],[-122.193281,38.256415],[-122.196781,38.258415],[-122.198996,38.258796],[-122.199681,38.258915],[-122.202981,38.259215],[-122.203918,38.25904],[-122.2048,38.258878],[-122.205681,38.258715],[-122.206073,38.258795],[-122.207381,38.259115],[-122.208481,38.258415],[-122.212982,38.259115],[-122.216882,38.262315],[-122.216482,38.263615],[-122.216782,38.264215],[-122.216482,38.266015],[-122.215182,38.267515],[-122.214582,38.269115],[-122.213982,38.269714],[-122.213582,38.270914],[-122.212282,38.272814],[-122.210982,38.271914],[-122.208482,38.272214],[-122.206382,38.271614],[-122.201134,38.27197],[-122.201067,38.271974],[-122.200978,38.27198],[-122.200833,38.271986],[-122.200481,38.272014],[-122.200421,38.272028],[-122.197381,38.272714],[-122.195681,38.271514],[-122.193081,38.271414],[-122.188381,38.271614],[-122.191081,38.275914],[-122.190681,38.277514],[-122.192581,38.278914],[-122.194381,38.280814],[-122.196381,38.281914],[-122.196681,38.284414],[-122.198282,38.284814],[-122.198482,38.285814],[-122.199282,38.286614],[-122.199782,38.287614],[-122.201482,38.289314],[-122.201682,38.292414],[-122.203482,38.292914],[-122.203782,38.293914],[-122.202982,38.294414],[-122.201982,38.296714],[-122.200582,38.298513],[-122.199082,38.300113],[-122.199161,38.301514],[-122.199382,38.301591],[-122.200482,38.302013],[-122.200982,38.302813],[-122.202003,38.303645],[-122.202583,38.304113],[-122.202577,38.304168],[-122.202482,38.305713],[-122.201396,38.308013],[-122.201625,38.308519],[-122.201877,38.308909],[-122.202212,38.309094],[-122.202231,38.309104],[-122.202265,38.309123],[-122.204081,38.31011],[-122.206179,38.314014],[-122.206377,38.314918],[-122.205982,38.315713],[-122.202972,38.315716],[-122.198996,38.315721],[-122.198762,38.315721],[-122.198192,38.315706],[-122.197682,38.315713],[-122.197519,38.315686],[-122.197378,38.315662],[-122.197354,38.315658],[-122.19728,38.315646],[-122.197182,38.31563],[-122.197082,38.315613],[-122.197057,38.315614],[-122.197021,38.315615],[-122.19514,38.315657],[-122.192682,38.315713],[-122.192626,38.315709],[-122.192606,38.315708],[-122.19216,38.315684],[-122.191751,38.315663],[-122.191696,38.31566],[-122.191195,38.315615],[-122.179946,38.315913],[-122.179653,38.314981],[-122.179326,38.314255],[-122.179019,38.313089],[-122.179009,38.312578],[-122.178661,38.312084],[-122.178368,38.311584],[-122.17834,38.311512],[-122.178326,38.311392],[-122.17834,38.311122],[-122.178382,38.310897],[-122.178396,38.310655],[-122.17825,38.30998],[-122.178187,38.309601],[-122.178159,38.309513],[-122.178089,38.309425],[-122.177985,38.309211],[-122.177922,38.309029],[-122.177873,38.308288],[-122.177887,38.308205],[-122.177845,38.308112],[-122.177797,38.307887],[-122.177769,38.307672],[-122.177783,38.30754],[-122.177818,38.307376],[-122.177852,38.307299],[-122.177943,38.30715],[-122.177978,38.307068],[-122.177992,38.30698],[-122.177985,38.306892],[-122.177929,38.30659],[-122.177881,38.306392],[-122.177839,38.306304],[-122.177546,38.305925],[-122.177497,38.305843],[-122.177197,38.305101],[-122.177114,38.304958],[-122.177079,38.304871],[-122.177065,38.304794],[-122.177037,38.304574],[-122.177044,38.304448],[-122.177226,38.303684],[-122.177233,38.303602],[-122.177219,38.303497],[-122.177051,38.303036],[-122.177023,38.303019],[-122.177024,38.302981],[-122.176926,38.302805],[-122.176598,38.301942],[-122.176529,38.301827],[-122.176382,38.301635],[-122.176055,38.301305],[-122.175783,38.300833],[-122.175678,38.300607],[-122.175574,38.300327],[-122.175553,38.300201],[-122.175581,38.299926],[-122.17572,38.299668],[-122.175776,38.299608],[-122.175853,38.299542],[-122.175964,38.29947],[-122.176146,38.299333],[-122.176181,38.299289],[-122.176201,38.29924],[-122.176222,38.299152],[-122.176229,38.299064],[-122.176222,38.298987],[-122.176181,38.298855],[-122.176153,38.298685],[-122.176048,38.298366],[-122.176041,38.298262],[-122.176055,38.298152],[-122.176278,38.297712],[-122.17632,38.297608],[-122.176334,38.29752],[-122.176306,38.297196],[-122.176195,38.296839],[-122.176146,38.296745],[-122.176167,38.296542],[-122.17616,38.29635],[-122.176132,38.296207],[-122.176007,38.295757],[-122.175958,38.295284],[-122.175854,38.294998],[-122.175686,38.294779],[-122.175603,38.294636],[-122.175519,38.294455],[-122.175443,38.294213],[-122.17538,38.293966],[-122.17538,38.293922],[-122.175491,38.293466],[-122.175485,38.293361],[-122.175457,38.293213],[-122.175366,38.293026],[-122.175255,38.292834],[-122.175046,38.292521],[-122.174941,38.292422],[-122.174676,38.292224],[-122.174613,38.292191],[-122.174516,38.29207],[-122.174495,38.292015],[-122.17439,38.291526],[-122.174335,38.290916],[-122.174258,38.29062],[-122.174237,38.290581],[-122.174098,38.29045],[-122.173924,38.290307],[-122.173722,38.290175],[-122.173526,38.290065],[-122.17345,38.290004],[-122.173004,38.289801],[-122.172871,38.289719],[-122.172739,38.289592],[-122.172655,38.28946],[-122.172579,38.289257],[-122.172593,38.289191],[-122.172732,38.288829],[-122.172746,38.288746],[-122.172725,38.288686],[-122.172544,38.288499],[-122.172418,38.288433],[-122.172363,38.288422],[-122.172286,38.288367],[-122.172133,38.288334],[-122.171917,38.288235],[-122.171791,38.288131],[-122.171742,38.288076],[-122.171603,38.287851],[-122.171561,38.287735],[-122.171617,38.287301],[-122.171631,38.287087],[-122.17161,38.28673],[-122.171562,38.286653],[-122.171464,38.286444],[-122.171332,38.286126],[-122.171276,38.286027],[-122.171199,38.285928],[-122.171102,38.285823],[-122.171053,38.285796],[-122.170607,38.285307],[-122.17053,38.285175],[-122.170509,38.285043],[-122.170231,38.284439],[-122.170119,38.284247],[-122.16998,38.284076],[-122.16982,38.283944],[-122.169708,38.283835],[-122.169646,38.283747],[-122.169506,38.283477],[-122.169297,38.283203],[-122.169255,38.283131],[-122.169241,38.283049],[-122.169276,38.282752],[-122.169262,38.282697],[-122.169262,38.282609],[-122.169221,38.282456],[-122.169165,38.282329],[-122.169088,38.282241],[-122.168998,38.282175],[-122.168684,38.282049],[-122.168552,38.281961],[-122.168426,38.281857],[-122.168182,38.281587],[-122.168161,38.281543],[-122.168161,38.281505],[-122.168175,38.281368],[-122.168196,38.281302],[-122.168196,38.281192],[-122.168175,38.281005],[-122.168141,38.280835],[-122.168092,38.280697],[-122.167852,38.280287],[-122.167769,38.28025],[-122.167675,38.280189],[-122.167506,38.279997],[-122.167417,38.279847],[-122.167331,38.279775],[-122.16727,38.279786],[-122.167231,38.279828],[-122.167189,38.279828],[-122.167167,38.279808],[-122.166939,38.279478],[-122.1667,38.279222],[-122.166575,38.279039],[-122.166414,38.278731],[-122.166214,38.278431],[-122.165975,38.278131],[-122.165792,38.277972],[-122.165442,38.277703],[-122.164978,38.277461],[-122.164812,38.277366],[-122.163019,38.278526],[-122.157201,38.281539],[-122.151401,38.284768],[-122.149758,38.285689],[-122.148522,38.286383],[-122.148276,38.286539],[-122.145402,38.288272],[-122.139263,38.291634],[-122.138839,38.292462],[-122.136489,38.293965],[-122.133839,38.295672],[-122.131999,38.296006],[-122.132044,38.295759],[-122.132483,38.293615],[-122.132592,38.292529],[-122.132921,38.290386],[-122.133258,38.28868],[-122.13365,38.285992],[-122.133815,38.284408],[-122.133871,38.283794],[-122.134886,38.278605],[-122.135064,38.277548],[-122.135703,38.273774],[-122.135837,38.272704],[-122.136313,38.270609],[-122.136433,38.269452],[-122.136827,38.267314],[-122.137274,38.264419],[-122.13865,38.256487],[-122.1391,38.253765],[-122.139417,38.251878],[-122.140402,38.246138],[-122.140956,38.243054],[-122.141135,38.242057],[-122.141138,38.242041],[-122.142149,38.241712],[-122.146014,38.240436],[-122.145733,38.240072],[-122.145823,38.240033],[-122.14834,38.238826],[-122.148677,38.23768],[-122.14868,38.237665],[-122.14862,38.237201],[-122.148599,38.236711],[-122.148273,38.236126],[-122.148239,38.235257],[-122.149028,38.235382],[-122.150608,38.235633],[-122.150823,38.235544],[-122.151107,38.235395],[-122.151808,38.235027],[-122.151584,38.234714],[-122.151506,38.234608],[-122.150989,38.233914],[-122.150813,38.233693],[-122.150394,38.233167],[-122.150019,38.232669],[-122.149678,38.232122],[-122.149575,38.231922],[-122.149433,38.231561],[-122.149383,38.231308],[-122.149258,38.230439],[-122.149218,38.230275],[-122.148988,38.229702],[-122.148904,38.229526],[-122.14875,38.229211],[-122.148728,38.229173],[-122.148551,38.228865],[-122.148294,38.228472],[-122.147856,38.227833],[-122.147578,38.227308],[-122.147403,38.227],[-122.147336,38.22691],[-122.147122,38.226622],[-122.146822,38.226208],[-122.146297,38.225314],[-122.145689,38.224347],[-122.145299,38.223767],[-122.145061,38.223414],[-122.144567,38.222719],[-122.144481,38.2226],[-122.143819,38.221678],[-122.143244,38.22085],[-122.143165,38.220725],[-122.142675,38.219956],[-122.142231,38.219239],[-122.142069,38.219053],[-122.141683,38.218747],[-122.141317,38.218456],[-122.141208,38.218372],[-122.140417,38.217789],[-122.140242,38.217647],[-122.140142,38.217531],[-122.139933,38.217217],[-122.139872,38.217108],[-122.139804,38.21685],[-122.139769,38.216716],[-122.139375,38.215797],[-122.139278,38.215561],[-122.138314,38.216214],[-122.137874,38.216524],[-122.137803,38.216574],[-122.13705,38.217103],[-122.136481,38.217497],[-122.134387,38.218949],[-122.132983,38.219922],[-122.131631,38.220856],[-122.130547,38.221614],[-122.128806,38.222747],[-122.126486,38.224228],[-122.125754,38.224636],[-122.125,38.225058],[-122.124817,38.225183],[-122.123943,38.225658],[-122.122958,38.226194],[-122.122704,38.226333],[-122.12246,38.226466],[-122.122291,38.226558],[-122.121592,38.226939],[-122.120211,38.227589],[-122.120008,38.227688],[-122.119402,38.227988],[-122.119072,38.22815],[-122.117544,38.228858],[-122.116289,38.229375],[-122.113881,38.230404],[-122.113229,38.230682],[-122.112357,38.231053],[-122.110522,38.231833],[-122.108642,38.232645],[-122.107936,38.23295],[-122.106861,38.233433],[-122.105905,38.233848],[-122.103542,38.234875],[-122.102342,38.235389],[-122.100967,38.236017],[-122.100272,38.236311],[-122.100022,38.236417],[-122.098703,38.237003],[-122.097219,38.237633],[-122.097068,38.237703],[-122.096942,38.237761],[-122.096178,38.238114],[-122.09603,38.238177],[-122.094819,38.238694],[-122.09245,38.239722],[-122.091731,38.240042],[-122.090261,38.240681],[-122.0892,38.241164],[-122.087072,38.242072],[-122.086594,38.242292],[-122.086061,38.242533],[-122.085056,38.24295],[-122.083336,38.243704],[-122.082017,38.244272],[-122.080789,38.244825],[-122.080333,38.245022],[-122.07875,38.245722],[-122.077872,38.246094],[-122.077156,38.246383],[-122.076489,38.246633],[-122.076374,38.246668],[-122.075994,38.246783],[-122.074914,38.247083],[-122.073858,38.247361],[-122.072472,38.247797],[-122.072311,38.24787],[-122.071786,38.248108],[-122.07125,38.248408],[-122.070811,38.248681],[-122.070392,38.249011],[-122.069958,38.249378],[-122.069522,38.249783],[-122.068878,38.249683],[-122.068286,38.249587],[-122.068228,38.249578],[-122.067378,38.249417],[-122.066981,38.249342],[-122.066332,38.249289],[-122.066204,38.249278],[-122.065198,38.249261],[-122.065047,38.249265],[-122.063531,38.249306],[-122.063348,38.249304],[-122.060864,38.249289],[-122.060619,38.249289],[-122.057728,38.249281],[-122.056094,38.249272],[-122.055181,38.249272],[-122.054022,38.249268],[-122.052431,38.249264],[-122.049983,38.249256],[-122.04999,38.248689],[-122.049992,38.248156],[-122.049994,38.247599],[-122.049997,38.246722],[-122.050002,38.246243],[-122.05001,38.245525],[-122.050014,38.245131],[-122.050022,38.244969],[-122.050075,38.244708],[-122.050092,38.244622],[-122.050242,38.243406],[-122.050294,38.243117],[-122.050308,38.24305],[-122.050326,38.24285],[-122.050347,38.242617],[-122.050384,38.242326],[-122.0504,38.242194],[-122.050443,38.24166],[-122.050447,38.241614],[-122.050458,38.241312],[-122.050118,38.241355],[-122.049939,38.241378],[-122.049764,38.2414],[-122.049053,38.241519],[-122.048481,38.241658],[-122.047694,38.241894],[-122.046456,38.242244],[-122.045013,38.242663],[-122.044836,38.242713],[-122.044594,38.242783],[-122.044224,38.24289],[-122.044225,38.242765],[-122.044525,38.242686],[-122.044601,38.242666],[-122.044808,38.242611],[-122.045341,38.242456],[-122.046792,38.242033],[-122.047847,38.241733],[-122.048531,38.241531],[-122.049,38.241425],[-122.049656,38.241306],[-122.050016,38.241249],[-122.050258,38.241211],[-122.050492,38.241183],[-122.050914,38.241131],[-122.052261,38.240967],[-122.054853,38.240681],[-122.056633,38.240586],[-122.057155,38.240568],[-122.058286,38.240528],[-122.059328,38.240506],[-122.060192,38.240478],[-122.060486,38.240465],[-122.060685,38.240456],[-122.060698,38.240337],[-122.060701,38.240258],[-122.060717,38.240076],[-122.060736,38.23986],[-122.060738,38.239776],[-122.060746,38.23964],[-122.060703,38.239637],[-122.060603,38.239629],[-122.060532,38.239624],[-122.060476,38.239622],[-122.060406,38.239603],[-122.060308,38.239578],[-122.060211,38.239551],[-122.060109,38.23952],[-122.059994,38.239481],[-122.059879,38.239439],[-122.059712,38.23937],[-122.059548,38.239294],[-122.059391,38.239211],[-122.059288,38.239153],[-122.059189,38.239091],[-122.059093,38.239027],[-122.058999,38.23896],[-122.058909,38.238891],[-122.058822,38.238819],[-122.058759,38.238764],[-122.058696,38.238707],[-122.058618,38.23863],[-122.058564,38.238573],[-122.058506,38.23851],[-122.058435,38.238427],[-122.058369,38.238343],[-122.058306,38.238257],[-122.058247,38.238169],[-122.058219,38.238124],[-122.058166,38.238034],[-122.058118,38.237943],[-122.05808,38.237866],[-122.058051,38.237803],[-122.058013,38.237708],[-122.057978,38.237613],[-122.057962,38.237564],[-122.057947,38.237516],[-122.057934,38.237467],[-122.05791,38.237372],[-122.057902,38.237333],[-122.057699,38.236382],[-122.057672,38.236258],[-122.057646,38.236199],[-122.057629,38.236161],[-122.057554,38.236161],[-122.05712,38.236161],[-122.055841,38.236164],[-122.054614,38.236167],[-122.05448,38.236167],[-122.054465,38.235999],[-122.053996,38.235993],[-122.05374,38.23599],[-122.053683,38.235977],[-122.053593,38.235977],[-122.053578,38.235947],[-122.053525,38.235897],[-122.053469,38.235872],[-122.053325,38.235833],[-122.053031,38.235856],[-122.050634,38.235857],[-122.048003,38.235858],[-122.045672,38.235853],[-122.045258,38.235857],[-122.045384,38.235636],[-122.045727,38.235027],[-122.044596,38.234994],[-122.044288,38.234982],[-122.044288,38.234734],[-122.044055,38.234731],[-122.043958,38.23473],[-122.043293,38.234724],[-122.042803,38.23472],[-122.042801,38.234644],[-122.042792,38.234553],[-122.042706,38.233574],[-122.042599,38.232982],[-122.04255,38.232585],[-122.042487,38.231835],[-122.042448,38.231602],[-122.04226,38.230482],[-122.042188,38.230075],[-122.041829,38.23011],[-122.038511,38.230435],[-122.038072,38.230478],[-122.0386,38.231803],[-122.038403,38.231848],[-122.038301,38.231886],[-122.038476,38.232212],[-122.038137,38.232303],[-122.037408,38.232498],[-122.037339,38.232516],[-122.036925,38.232626],[-122.036823,38.232653],[-122.036706,38.232683],[-122.037452,38.234603],[-122.037123,38.234614],[-122.037124,38.234849],[-122.037123,38.23539],[-122.035805,38.235391],[-122.035683,38.235313],[-122.033424,38.233877],[-122.032465,38.233869],[-122.032087,38.233881],[-122.032014,38.233861],[-122.031966,38.233889],[-122.031871,38.233889],[-122.031645,38.234077],[-122.030676,38.234884],[-122.030702,38.235167],[-122.029671,38.235548],[-122.029585,38.235577],[-122.029587,38.235738],[-122.029587,38.235761],[-122.029596,38.235931],[-122.029599,38.235995],[-122.029597,38.236165],[-122.029597,38.236248],[-122.029595,38.236455],[-122.029592,38.236711],[-122.0296,38.237297],[-122.029599,38.237421],[-122.029593,38.237568],[-122.029586,38.23811],[-122.02959,38.2383],[-122.029588,38.238424],[-122.02959,38.238989],[-122.029596,38.239091],[-122.029604,38.239215],[-122.029609,38.239403],[-122.029596,38.239978],[-122.029594,38.240069],[-122.029596,38.240245],[-122.029596,38.240789],[-122.029598,38.240967],[-122.029598,38.240997],[-122.029603,38.241355],[-122.029611,38.241495],[-122.029641,38.24295],[-122.029644,38.243078],[-122.029645,38.243221],[-122.029543,38.243188],[-122.029446,38.243146],[-122.027822,38.242625],[-122.024844,38.242702],[-122.024849,38.242659],[-122.02479,38.241713],[-122.023954,38.241663],[-122.020693,38.241873],[-122.020283,38.2419],[-122.020283,38.241811],[-122.020281,38.241577],[-122.020279,38.241377],[-122.020277,38.241139],[-122.018153,38.241085],[-122.015041,38.240989],[-122.013979,38.240952],[-122.012633,38.240904],[-122.012288,38.240898],[-122.01062,38.240857],[-122.008456,38.240794],[-122.006674,38.240743],[-122.006706,38.239531],[-122.006756,38.237933],[-122.004109,38.238714],[-122.003713,38.238812],[-122.003189,38.238692],[-122.002392,38.238492],[-122.002325,38.238469],[-122.002094,38.238394],[-122.001775,38.238233],[-122.000575,38.237525],[-121.999906,38.237142],[-121.999621,38.236989],[-121.999472,38.236892],[-121.999206,38.236742],[-121.998969,38.236628],[-121.998819,38.236567],[-121.998614,38.236511],[-121.998372,38.236461],[-121.998175,38.236433],[-121.997958,38.236422],[-121.997761,38.236428],[-121.997417,38.236458],[-121.995769,38.236608],[-121.995328,38.23665],[-121.994728,38.236694],[-121.993531,38.2368],[-121.992697,38.236869],[-121.992269,38.236969],[-121.992168,38.237031],[-121.991622,38.236514],[-121.9914,38.236347],[-121.991294,38.236297],[-121.991203,38.236281],[-121.989605,38.236278],[-121.988964,38.23629],[-121.988775,38.236309],[-121.988549,38.236173],[-121.988267,38.236184],[-121.988243,38.238816],[-121.98824,38.239135],[-121.988091,38.239017],[-121.988044,38.238981],[-121.986822,38.237944],[-121.986425,38.237594],[-121.986014,38.237217],[-121.984298,38.235819],[-121.983003,38.234765],[-121.981464,38.233511],[-121.980933,38.233086],[-121.980278,38.232536],[-121.979006,38.231497],[-121.978097,38.230778],[-121.978063,38.230752],[-121.977772,38.230533],[-121.977042,38.230089],[-121.976914,38.230023],[-121.976586,38.229853],[-121.975862,38.229515],[-121.975692,38.229436],[-121.9751,38.229203],[-121.974231,38.228931],[-121.973208,38.228708],[-121.972686,38.228617],[-121.972183,38.228561],[-121.971764,38.228539],[-121.970528,38.22851],[-121.97045,38.228508],[-121.970344,38.228506],[-121.969994,38.228497],[-121.969714,38.228495],[-121.968553,38.228489],[-121.964847,38.228486],[-121.962825,38.228497],[-121.960872,38.228478],[-121.9592,38.228485],[-121.958925,38.228486],[-121.952078,38.228489],[-121.951767,38.228484],[-121.950944,38.228475],[-121.9477,38.228481],[-121.944608,38.228464],[-121.942471,38.228464],[-121.938006,38.228456],[-121.935356,38.228433],[-121.929325,38.228436],[-121.922244,38.228406],[-121.921817,38.228397],[-121.920785,38.228396],[-121.921252,38.228107],[-121.921265,38.227858],[-121.921309,38.22761],[-121.921117,38.226945],[-121.920728,38.226546],[-121.920531,38.226221],[-121.920557,38.225849],[-121.92046,38.225462],[-121.920042,38.225202],[-121.91947,38.225197],[-121.919358,38.225106],[-121.91936,38.224926],[-121.919936,38.224616],[-121.919907,38.224386],[-121.919885,38.22421],[-121.919945,38.223985],[-121.920129,38.223704],[-121.920179,38.223627],[-121.920182,38.223446],[-121.920079,38.223317],[-121.919677,38.222811],[-121.919724,38.222335],[-121.919744,38.222136],[-121.919691,38.221865],[-121.919562,38.221761],[-121.918901,38.221227],[-121.91839,38.221042],[-121.917599,38.220403],[-121.917605,38.220043],[-121.917894,38.21982],[-121.918408,38.21978],[-121.918524,38.219691],[-121.918924,38.219695],[-121.919212,38.219517],[-121.919329,38.219293],[-121.919364,38.218865],[-121.91911,38.21866],[-121.918656,38.218476],[-121.918428,38.218473],[-121.918087,38.218335],[-121.917916,38.218334],[-121.917239,38.217742],[-121.917247,38.217201],[-121.917364,38.217022],[-121.91784,38.216655],[-121.918173,38.216398],[-121.918347,38.216175],[-121.918559,38.215667],[-121.918703,38.215322],[-121.918715,38.214466],[-121.918833,38.214242],[-121.919526,38.213707],[-121.919927,38.213666],[-121.919995,38.21364],[-121.920156,38.213578],[-121.920387,38.2134],[-121.920502,38.213401],[-121.920847,38.213224],[-121.921334,38.212848],[-121.921164,38.212609],[-121.921185,38.212385],[-121.921312,38.212211],[-121.921359,38.212147],[-121.921371,38.212109],[-121.921375,38.212036],[-121.921389,38.212009],[-121.921494,38.211987],[-121.921522,38.211959],[-121.921543,38.211888],[-121.921536,38.211849],[-121.921459,38.211701],[-121.921452,38.211641],[-121.921487,38.211328],[-121.92148,38.211223],[-121.921237,38.210547],[-121.921167,38.210152],[-121.921139,38.209894],[-121.921132,38.20963],[-121.921133,38.209152],[-121.92116,38.20896],[-121.92123,38.208817],[-121.921287,38.208737],[-121.921328,38.20868],[-121.92231,38.207845],[-121.922825,38.20701],[-121.922909,38.206796],[-121.922943,38.206741],[-121.922985,38.206702],[-121.923048,38.206664],[-121.923115,38.206701],[-121.923185,38.206607],[-121.923304,38.206447],[-121.923278,38.206378],[-121.923243,38.206246],[-121.923229,38.206153],[-121.92325,38.205768],[-121.923278,38.205384],[-121.923299,38.205274],[-121.92325,38.204966],[-121.923069,38.204406],[-121.923027,38.204346],[-121.922867,38.204181],[-121.922833,38.204098],[-121.922833,38.204038],[-121.922867,38.204005],[-121.922902,38.203989],[-121.922568,38.203365],[-121.92254,38.203335],[-121.922464,38.203236],[-121.92229,38.202934],[-121.921921,38.202225],[-121.921747,38.20184],[-121.921497,38.201082],[-121.921357,38.200786],[-121.921218,38.200533],[-121.921156,38.200352],[-121.921093,38.200093],[-121.9211,38.19989],[-121.921128,38.199753],[-121.921309,38.19933],[-121.9214,38.19916],[-121.92149,38.199022],[-121.921525,38.198989],[-121.921943,38.198824],[-121.922061,38.198753],[-121.922416,38.198479],[-121.922681,38.198297],[-121.92298,38.198122],[-121.923314,38.19794],[-121.923669,38.197715],[-121.923941,38.197496],[-121.92401,38.197474],[-121.924122,38.197468],[-121.924296,38.197441],[-121.924477,38.197375],[-121.924874,38.197199],[-121.925236,38.197078],[-121.925326,38.19704],[-121.92738,38.195732],[-121.927617,38.195595],[-121.928773,38.194469],[-121.929058,38.194183],[-121.929469,38.193607],[-121.929866,38.19303],[-121.930005,38.192777],[-121.930109,38.192508],[-121.930193,38.192244],[-121.93029,38.192003],[-121.930367,38.191772],[-121.930416,38.191541],[-121.930478,38.190866],[-121.930645,38.190261],[-121.93068,38.190064],[-121.930694,38.189822],[-121.930701,38.189157],[-121.930653,38.188393],[-121.930604,38.188009],[-121.930542,38.187685],[-121.930527,38.187608],[-121.930461,38.187339],[-121.93043,38.187212],[-121.930354,38.186993],[-121.930345,38.186971],[-121.929887,38.185817],[-121.929713,38.185328],[-121.929644,38.18518],[-121.929553,38.185026],[-121.929052,38.184268],[-121.928941,38.18407],[-121.928864,38.183839],[-121.92883,38.183784],[-121.928767,38.183735],[-121.928496,38.183592],[-121.927848,38.183191],[-121.927396,38.182955],[-121.926498,38.182554],[-121.925865,38.182306],[-121.925113,38.181971],[-121.923986,38.181537],[-121.923589,38.181372],[-121.923206,38.181185],[-121.922838,38.180988],[-121.922114,38.180526],[-121.921474,38.180042],[-121.921223,38.179812],[-121.921035,38.179597],[-121.920868,38.179367],[-121.920827,38.179257],[-121.920799,38.17913],[-121.920729,38.178685],[-121.920716,38.178493],[-121.920723,38.178345],[-121.920744,38.178202],[-121.920813,38.17796],[-121.920862,38.177872],[-121.92098,38.177702],[-121.921252,38.177428],[-121.921607,38.177532],[-121.921788,38.177598],[-121.922295,38.177867],[-121.922706,38.178054],[-121.922943,38.178208],[-121.92297,38.178246],[-121.923131,38.178581],[-121.923158,38.178598],[-121.923242,38.178587],[-121.9233,38.178514],[-121.923381,38.178378],[-121.923492,38.178153],[-121.923486,38.178103],[-121.923284,38.178126],[-121.923228,38.178125],[-121.923186,38.178114],[-121.922984,38.177988],[-121.922449,38.177741],[-121.92192,38.177466],[-121.921683,38.177356],[-121.921607,38.177307],[-121.921572,38.177263],[-121.921558,38.177219],[-121.921565,38.177169],[-121.921607,38.177131],[-121.92169,38.177098],[-121.922003,38.177032],[-121.92233,38.1769],[-121.922518,38.17684],[-121.922692,38.176791],[-121.922873,38.176769],[-121.922943,38.176747],[-121.923243,38.176586],[-121.923277,38.176549],[-121.923792,38.176252],[-121.924892,38.175763],[-121.925275,38.175621],[-121.925609,38.175478],[-121.925915,38.17533],[-121.926806,38.174813],[-121.92801,38.174198],[-121.928295,38.174039],[-121.928525,38.173896],[-121.92881,38.173687],[-121.928873,38.173654],[-121.928942,38.173632],[-121.929177,38.173647],[-121.929344,38.173391],[-121.929478,38.173182],[-121.929416,38.173116],[-121.929402,38.17305],[-121.929416,38.173017],[-121.929972,38.172386],[-121.93016,38.172193],[-121.930905,38.171534],[-121.931336,38.171177],[-121.931441,38.171078],[-121.931517,38.170979],[-121.931657,38.170743],[-121.931733,38.170639],[-121.931977,38.170381],[-121.932227,38.170133],[-121.932826,38.169661],[-121.932937,38.169617],[-121.933007,38.169611],[-121.933904,38.169079],[-121.934065,38.169002],[-121.934237,38.168934],[-121.933648,38.16828],[-121.933725,38.168281],[-121.934244,38.16788],[-121.934358,38.167881],[-121.934254,38.167204],[-121.933126,38.166248],[-121.933128,38.166158],[-121.932734,38.165748],[-121.932736,38.165613],[-121.932233,38.164888],[-121.9319,38.164254],[-121.931225,38.163572],[-121.930947,38.163074],[-121.930721,38.162891],[-121.930442,38.162438],[-121.929154,38.160804],[-121.928255,38.159805],[-121.92583,38.157845],[-121.924758,38.157024],[-121.923797,38.156384],[-121.922388,38.155155],[-121.920922,38.15397],[-121.92098,38.15388],[-121.920499,38.153481],[-121.919498,38.152617],[-121.91814,38.151163],[-121.916586,38.150009],[-121.915738,38.149506],[-121.914946,38.149048],[-121.912904,38.148218],[-121.912394,38.147988],[-121.912058,38.147797],[-121.912587,38.147886],[-121.913872,38.148397],[-121.916347,38.149544],[-121.917315,38.149855],[-121.917364,38.149666],[-121.917328,38.149685],[-121.917265,38.149696],[-121.917202,38.149696],[-121.917084,38.149674],[-121.916959,38.149624],[-121.916806,38.149547],[-121.915422,38.14874],[-121.915359,38.148712],[-121.915119,38.148659],[-121.915039,38.14863],[-121.914497,38.148377],[-121.914142,38.14825],[-121.913342,38.147992],[-121.913133,38.147915],[-121.912744,38.14775],[-121.912563,38.147657],[-121.912229,38.147459],[-121.911951,38.147256],[-121.911353,38.146783],[-121.911026,38.146503],[-121.910713,38.146201],[-121.910609,38.146063],[-121.910505,38.145898],[-121.910324,38.145569],[-121.909955,38.144761],[-121.909865,38.144289],[-121.909636,38.143443],[-121.909372,38.14197],[-121.909366,38.141245],[-121.909387,38.140872],[-121.909428,38.140548],[-121.909505,38.140229],[-121.90961,38.139888],[-121.909749,38.139548],[-121.909818,38.139427],[-121.909916,38.139295],[-121.910299,38.138828],[-121.910493,38.138614],[-121.910695,38.138438],[-121.910806,38.138351],[-121.910883,38.138307],[-121.910946,38.13829],[-121.91121,38.138296],[-121.912052,38.138213],[-121.912191,38.138186],[-121.912351,38.138109],[-121.912483,38.13801],[-121.912615,38.137878],[-121.912768,38.137648],[-121.912956,38.137395],[-121.913666,38.136566],[-121.914925,38.135061],[-121.915217,38.13483],[-121.915294,38.134753],[-121.915357,38.134665],[-121.915419,38.13455],[-121.91551,38.134347],[-121.915531,38.13427],[-121.915565,38.134028],[-121.915719,38.133528],[-121.915837,38.132957],[-121.916046,38.132089],[-121.916095,38.13165],[-121.916248,38.130957],[-121.916422,38.129974],[-121.916429,38.129716],[-121.916381,38.129364],[-121.916381,38.129276],[-121.916408,38.1292],[-121.916568,38.128985],[-121.916652,38.128837],[-121.916708,38.128683],[-121.916729,38.128546],[-121.916722,38.128392],[-121.916673,38.128178],[-121.916611,38.127969],[-121.916506,38.127711],[-121.916485,38.127672],[-121.916312,38.127453],[-121.915971,38.127046],[-121.915846,38.126881],[-121.915748,38.126716],[-121.915672,38.126535],[-121.915481,38.124916],[-121.915371,38.124286],[-121.914927,38.123198],[-121.914788,38.122884],[-121.914329,38.121994],[-121.913967,38.121363],[-121.913828,38.121158],[-121.913613,38.120841],[-121.913328,38.120462],[-121.91296,38.120159],[-121.91257,38.119857],[-121.91216,38.119626],[-121.911736,38.119412],[-121.910721,38.118978],[-121.90997,38.118725],[-121.909219,38.11851],[-121.909024,38.118472],[-121.908837,38.11845],[-121.908065,38.118433],[-121.906159,38.118636],[-121.903788,38.118926],[-121.903065,38.119228],[-121.902912,38.1193],[-121.902786,38.119376],[-121.902105,38.119838],[-121.901576,38.120277],[-121.901472,38.120376],[-121.901291,38.120634],[-121.901144,38.120892],[-121.901082,38.121018],[-121.900942,38.121392],[-121.900873,38.121551],[-121.900803,38.121677],[-121.900671,38.121842],[-121.900302,38.122199],[-121.900052,38.122479],[-121.899815,38.122765],[-121.899676,38.122952],[-121.899272,38.123589],[-121.899043,38.123929],[-121.898876,38.124121],[-121.898507,38.124445],[-121.898167,38.124667],[-121.897786,38.124915],[-121.897508,38.125058],[-121.897355,38.125168],[-121.896666,38.125525],[-121.896513,38.125629],[-121.896395,38.125739],[-121.896478,38.125728],[-121.896596,38.125678],[-121.897007,38.125464],[-121.897299,38.125299],[-121.89782,38.124915],[-121.898078,38.124915],[-121.898263,38.124764],[-121.898312,38.124753],[-121.898332,38.124763],[-121.89834,38.12478],[-121.898333,38.124824],[-121.898305,38.124852],[-121.898228,38.124907],[-121.898172,38.124925],[-121.897842,38.125118],[-121.897647,38.125256],[-121.896478,38.125882],[-121.896186,38.125997],[-121.895553,38.126205],[-121.895212,38.126299],[-121.895122,38.12631],[-121.894482,38.126331],[-121.894405,38.126326],[-121.894357,38.126304],[-121.894315,38.126265],[-121.893724,38.126205],[-121.893543,38.126172],[-121.893362,38.126133],[-121.892187,38.125836],[-121.891958,38.125748],[-121.891742,38.125649],[-121.89079,38.125028],[-121.890739,38.124916],[-121.890077,38.124918],[-121.890087,38.125068],[-121.890707,38.12557],[-121.891442,38.125982],[-121.892124,38.126214],[-121.892236,38.126305],[-121.893317,38.126541],[-121.894001,38.126547],[-121.894273,38.12662],[-121.895304,38.126497],[-121.894641,38.126622],[-121.893846,38.126694],[-121.89268,38.126488],[-121.89149,38.126162],[-121.890522,38.125697],[-121.889835,38.125253],[-121.889645,38.124919],[-121.889425,38.124018],[-121.889319,38.123584],[-121.888996,38.122451],[-121.888961,38.12232],[-121.888644,38.12111],[-121.888555,38.120979],[-121.888634,38.120812],[-121.88861,38.120059],[-121.889116,38.118469],[-121.890392,38.115983],[-121.890386,38.115854],[-121.89051,38.11549],[-121.890887,38.113332],[-121.890909,38.112398],[-121.890708,38.111223],[-121.890384,38.11001],[-121.89017,38.109247],[-121.889938,38.10818],[-121.889784,38.107486],[-121.889584,38.106685],[-121.889536,38.105937],[-121.88956,38.105556],[-121.889489,38.104932],[-121.889843,38.10401],[-121.890841,38.103005],[-121.893015,38.101593],[-121.894677,38.100217],[-121.894718,38.10016],[-121.895215,38.09958],[-121.895385,38.09927],[-121.895655,38.098683],[-121.895863,38.098079],[-121.895896,38.097627],[-121.895826,38.097323],[-121.895729,38.096903],[-121.895239,38.096625],[-121.894606,38.096266],[-121.892706,38.095871],[-121.890351,38.09539],[-121.889486,38.094978],[-121.888626,38.094568],[-121.886347,38.092964],[-121.885311,38.091167],[-121.883457,38.088881],[-121.882611,38.087381],[-121.882439,38.086275],[-121.882496,38.085051],[-121.883194,38.083834],[-121.88367,38.083156],[-121.884206,38.082393],[-121.884776,38.081581],[-121.885001,38.081225],[-121.885175,38.081001],[-121.885412,38.080418],[-121.885422,38.079742],[-121.885094,38.078838],[-121.884593,38.078067],[-121.882909,38.076293],[-121.882818,38.076207],[-121.882463,38.075872],[-121.881898,38.075338],[-121.880771,38.074426],[-121.879981,38.073922],[-121.879867,38.073921],[-121.878282,38.073185],[-121.87607,38.07238],[-121.87547,38.072202],[-121.874174,38.071901],[-121.872974,38.071664],[-121.871758,38.071476],[-121.870622,38.071367],[-121.869582,38.071369],[-121.867981,38.071262],[-121.866621,38.071185],[-121.865349,38.071103],[-121.865156,38.07104],[-121.861597,38.069887]]]}},{"type":"Feature","properties":{"district":"3"},"geometry":{"type":"Polygon","coordinates":[[[-121.933485,38.266382],[-121.932552,38.266508],[-121.932541,38.26563],[-121.932555,38.265136],[-121.932564,38.265111],[-121.932551,38.265093],[-121.932507,38.264702],[-121.932527,38.264526],[-121.932486,38.264405],[-121.932054,38.264076],[-121.931893,38.263916],[-121.931677,38.263763],[-121.931552,38.263647],[-121.930618,38.262889],[-121.930514,38.26279],[-121.930188,38.262527],[-121.929671,38.262109],[-121.92958,38.26201],[-121.928891,38.261455],[-121.92871,38.26129],[-121.928675,38.261235],[-121.928661,38.261131],[-121.930013,38.260236],[-121.930466,38.259917],[-121.930716,38.259038],[-121.930898,38.258231],[-121.930926,38.257714],[-121.930689,38.257407],[-121.930638,38.257349],[-121.930299,38.256962],[-121.930083,38.256654],[-121.930069,38.256594],[-121.930041,38.256555],[-121.93002,38.256473],[-121.93,38.256421],[-121.929985,38.256407],[-121.93002,38.256253],[-121.930132,38.256132],[-121.930417,38.256072],[-121.930654,38.255995],[-121.9308,38.255907],[-121.930974,38.25577],[-121.931107,38.255627],[-121.931163,38.255539],[-121.931197,38.255457],[-121.931246,38.255286],[-121.931295,38.254797],[-121.931337,38.25455],[-121.931379,38.254413],[-121.931476,38.254231],[-121.931595,38.254127],[-121.931678,38.254083],[-121.931762,38.25405],[-121.931901,38.254023],[-121.93227,38.253995],[-121.932452,38.253973],[-121.932542,38.253951],[-121.932716,38.253875],[-121.933094,38.253633],[-121.933092,38.253522],[-121.9331,38.253322],[-121.933139,38.253197],[-121.933211,38.253067],[-121.933778,38.252336],[-121.933992,38.252083],[-121.934142,38.251886],[-121.934383,38.251508],[-121.934653,38.251014],[-121.934856,38.250783],[-121.935158,38.250481],[-121.935278,38.250328],[-121.935299,38.250281],[-121.935347,38.250172],[-121.935381,38.250019],[-121.935434,38.24985],[-121.935503,38.249753],[-121.935644,38.249622],[-121.935769,38.249561],[-121.937925,38.248528],[-121.940118,38.24746],[-121.940106,38.246711],[-121.942259,38.246709],[-121.942409,38.246709],[-121.942405,38.246666],[-121.942449,38.243017],[-121.949675,38.243042],[-121.951458,38.243064],[-121.951569,38.243056],[-121.951605,38.243043],[-121.951683,38.243014],[-121.951736,38.242956],[-121.951744,38.242758],[-121.951743,38.242677],[-121.951738,38.242105],[-121.951733,38.241564],[-121.951735,38.2398],[-121.957854,38.237746],[-121.958215,38.237533],[-121.959197,38.237498],[-121.959415,38.23733],[-121.96093,38.237087],[-121.960876,38.237398],[-121.960832,38.240486],[-121.960876,38.240523],[-121.962085,38.241566],[-121.962518,38.241988],[-121.962912,38.242326],[-121.963899,38.243108],[-121.964033,38.243211],[-121.965606,38.243208],[-121.969569,38.243296],[-121.969948,38.243305],[-121.969949,38.243362],[-121.969947,38.243528],[-121.969939,38.244631],[-121.969901,38.250099],[-121.969906,38.250521],[-121.974409,38.250548],[-121.974416,38.250161],[-121.974532,38.243335],[-121.977932,38.243353],[-121.978422,38.243356],[-121.979092,38.243364],[-121.979122,38.244718],[-121.979126,38.245269],[-121.979132,38.245957],[-121.979105,38.246139],[-121.979102,38.246685],[-121.979102,38.247827],[-121.979108,38.248705],[-121.979103,38.249609],[-121.979108,38.249789],[-121.979455,38.249998],[-121.980374,38.250644],[-121.980716,38.25096],[-121.981258,38.251468],[-121.981855,38.252148],[-121.982154,38.252555],[-121.98243,38.25297],[-121.982475,38.253036],[-121.981847,38.253458],[-121.981885,38.253594],[-121.981989,38.253969],[-121.982231,38.254766],[-121.98233,38.255093],[-121.982341,38.25549],[-121.982364,38.256474],[-121.982135,38.256789],[-121.982032,38.260127],[-121.981994,38.261464],[-121.981934,38.261801],[-121.981744,38.262105],[-121.981255,38.26273],[-121.981179,38.2631],[-121.981054,38.26335],[-121.980874,38.263638],[-121.980603,38.263931],[-121.980434,38.264323],[-121.980429,38.264617],[-121.980429,38.264801],[-121.98034,38.264916],[-121.980173,38.265127],[-121.980676,38.265133],[-121.982784,38.265159],[-121.98328,38.265165],[-121.984413,38.265156],[-121.985004,38.265145],[-121.985825,38.265129],[-121.986,38.265128],[-121.986342,38.265094],[-121.986686,38.265031],[-121.986829,38.264993],[-121.987044,38.264936],[-121.987322,38.264914],[-121.988083,38.264883],[-121.988089,38.264442],[-121.988091,38.264208],[-121.988099,38.263645],[-121.9881,38.263585],[-121.988102,38.263409],[-121.988114,38.26248],[-121.988117,38.262174],[-121.988121,38.261779],[-121.988131,38.260679],[-121.988152,38.259447],[-121.988172,38.258542],[-121.988181,38.256939],[-121.988194,38.256208],[-121.988227,38.254303],[-121.988231,38.253011],[-121.9882,38.251119],[-121.988093,38.25097],[-121.988084,38.249776],[-121.988097,38.248931],[-121.988086,38.246353],[-121.988086,38.243457],[-121.988089,38.242669],[-121.988103,38.242333],[-121.988125,38.242067],[-121.988167,38.241889],[-121.988091,38.239017],[-121.98824,38.239135],[-121.988243,38.238816],[-121.988267,38.236184],[-121.988549,38.236173],[-121.988775,38.236309],[-121.988964,38.23629],[-121.989605,38.236278],[-121.991203,38.236281],[-121.991294,38.236297],[-121.9914,38.236347],[-121.991622,38.236514],[-121.992168,38.237031],[-121.992269,38.236969],[-121.992697,38.236869],[-121.993531,38.2368],[-121.994728,38.236694],[-121.995328,38.23665],[-121.995769,38.236608],[-121.997417,38.236458],[-121.997761,38.236428],[-121.997958,38.236422],[-121.998175,38.236433],[-121.998372,38.236461],[-121.998614,38.236511],[-121.998819,38.236567],[-121.998969,38.236628],[-121.999206,38.236742],[-121.999472,38.236892],[-121.999621,38.236989],[-121.999906,38.237142],[-122.000575,38.237525],[-122.001775,38.238233],[-122.002094,38.238394],[-122.002325,38.238469],[-122.002392,38.238492],[-122.003189,38.238692],[-122.003713,38.238812],[-122.004109,38.238714],[-122.006756,38.237933],[-122.006706,38.239531],[-122.006674,38.240743],[-122.008456,38.240794],[-122.01062,38.240857],[-122.012288,38.240898],[-122.012633,38.240904],[-122.013979,38.240952],[-122.015041,38.240989],[-122.018153,38.241085],[-122.020277,38.241139],[-122.020279,38.241377],[-122.020281,38.241577],[-122.020283,38.241811],[-122.020283,38.2419],[-122.020693,38.241873],[-122.023954,38.241663],[-122.02479,38.241713],[-122.024849,38.242659],[-122.024844,38.242702],[-122.027822,38.242625],[-122.029446,38.243146],[-122.029543,38.243188],[-122.029645,38.243221],[-122.029644,38.243078],[-122.029641,38.24295],[-122.029611,38.241495],[-122.029603,38.241355],[-122.029598,38.240997],[-122.029598,38.240967],[-122.029596,38.240789],[-122.029596,38.240245],[-122.029594,38.240069],[-122.029596,38.239978],[-122.029609,38.239403],[-122.029604,38.239215],[-122.029596,38.239091],[-122.02959,38.238989],[-122.029588,38.238424],[-122.02959,38.2383],[-122.029586,38.23811],[-122.029593,38.237568],[-122.029599,38.237421],[-122.0296,38.237297],[-122.029592,38.236711],[-122.029595,38.236455],[-122.029597,38.236248],[-122.029597,38.236165],[-122.029599,38.235995],[-122.029596,38.235931],[-122.029587,38.235761],[-122.029587,38.235738],[-122.029585,38.235577],[-122.029671,38.235548],[-122.030702,38.235167],[-122.030676,38.234884],[-122.031645,38.234077],[-122.031871,38.233889],[-122.031966,38.233889],[-122.032014,38.233861],[-122.032087,38.233881],[-122.032465,38.233869],[-122.033424,38.233877],[-122.035683,38.235313],[-122.035805,38.235391],[-122.037123,38.23539],[-122.037124,38.234849],[-122.037123,38.234614],[-122.037452,38.234603],[-122.036706,38.232683],[-122.036823,38.232653],[-122.036925,38.232626],[-122.037339,38.232516],[-122.037408,38.232498],[-122.038137,38.232303],[-122.038476,38.232212],[-122.038301,38.231886],[-122.038403,38.231848],[-122.0386,38.231803],[-122.038072,38.230478],[-122.038511,38.230435],[-122.041829,38.23011],[-122.042188,38.230075],[-122.04226,38.230482],[-122.042448,38.231602],[-122.042487,38.231835],[-122.04255,38.232585],[-122.042599,38.232982],[-122.042706,38.233574],[-122.042792,38.234553],[-122.042801,38.234644],[-122.042803,38.23472],[-122.043293,38.234724],[-122.043958,38.23473],[-122.044055,38.234731],[-122.044288,38.234734],[-122.044288,38.234982],[-122.044596,38.234994],[-122.045727,38.235027],[-122.045384,38.235636],[-122.045258,38.235857],[-122.045672,38.235853],[-122.048003,38.235858],[-122.050634,38.235857],[-122.053031,38.235856],[-122.053325,38.235833],[-122.053469,38.235872],[-122.053525,38.235897],[-122.053578,38.235947],[-122.053593,38.235977],[-122.053683,38.235977],[-122.05374,38.23599],[-122.053996,38.235993],[-122.054465,38.235999],[-122.05448,38.236167],[-122.054614,38.236167],[-122.055841,38.236164],[-122.05712,38.236161],[-122.057554,38.236161],[-122.057629,38.236161],[-122.057646,38.236199],[-122.057672,38.236258],[-122.057699,38.236382],[-122.057902,38.237333],[-122.05791,38.237372],[-122.057934,38.237467],[-122.057947,38.237516],[-122.057962,38.237564],[-122.057978,38.237613],[-122.058013,38.237708],[-122.058051,38.237803],[-122.05808,38.237866],[-122.058118,38.237943],[-122.058166,38.238034],[-122.058219,38.238124],[-122.058247,38.238169],[-122.058306,38.238257],[-122.058369,38.238343],[-122.058435,38.238427],[-122.058506,38.23851],[-122.058564,38.238573],[-122.058618,38.23863],[-122.058696,38.238707],[-122.058759,38.238764],[-122.058822,38.238819],[-122.058909,38.238891],[-122.058999,38.23896],[-122.059093,38.239027],[-122.059189,38.239091],[-122.059288,38.239153],[-122.059391,38.239211],[-122.059548,38.239294],[-122.059712,38.23937],[-122.059879,38.239439],[-122.059994,38.239481],[-122.060109,38.23952],[-122.060211,38.239551],[-122.060308,38.239578],[-122.060406,38.239603],[-122.060476,38.239622],[-122.060532,38.239624],[-122.060603,38.239629],[-122.060703,38.239637],[-122.060746,38.23964],[-122.060738,38.239776],[-122.060736,38.23986],[-122.060717,38.240076],[-122.060701,38.240258],[-122.060698,38.240337],[-122.060685,38.240456],[-122.060486,38.240465],[-122.060192,38.240478],[-122.059328,38.240506],[-122.058286,38.240528],[-122.057155,38.240568],[-122.056633,38.240586],[-122.054853,38.240681],[-122.052261,38.240967],[-122.050914,38.241131],[-122.050492,38.241183],[-122.050258,38.241211],[-122.050016,38.241249],[-122.049656,38.241306],[-122.049,38.241425],[-122.048531,38.241531],[-122.047847,38.241733],[-122.046792,38.242033],[-122.045341,38.242456],[-122.044808,38.242611],[-122.044601,38.242666],[-122.044525,38.242686],[-122.044225,38.242765],[-122.044224,38.24289],[-122.044594,38.242783],[-122.044836,38.242713],[-122.045013,38.242663],[-122.046456,38.242244],[-122.047694,38.241894],[-122.048481,38.241658],[-122.049053,38.241519],[-122.049764,38.2414],[-122.049939,38.241378],[-122.050118,38.241355],[-122.050458,38.241312],[-122.050447,38.241614],[-122.050443,38.24166],[-122.0504,38.242194],[-122.050384,38.242326],[-122.050347,38.242617],[-122.050326,38.24285],[-122.050308,38.24305],[-122.050294,38.243117],[-122.050242,38.243406],[-122.050092,38.244622],[-122.050075,38.244708],[-122.050022,38.244969],[-122.050014,38.245131],[-122.05001,38.245525],[-122.050002,38.246243],[-122.049997,38.246722],[-122.049994,38.247599],[-122.049992,38.248156],[-122.04999,38.248689],[-122.049983,38.249256],[-122.052431,38.249264],[-122.054022,38.249268],[-122.055181,38.249272],[-122.056094,38.249272],[-122.057728,38.249281],[-122.060619,38.249289],[-122.060864,38.249289],[-122.063348,38.249304],[-122.063531,38.249306],[-122.065047,38.249265],[-122.065198,38.249261],[-122.066204,38.249278],[-122.066332,38.249289],[-122.066981,38.249342],[-122.067378,38.249417],[-122.068228,38.249578],[-122.068286,38.249587],[-122.068878,38.249683],[-122.069522,38.249783],[-122.069958,38.249378],[-122.070392,38.249011],[-122.070811,38.248681],[-122.07125,38.248408],[-122.071786,38.248108],[-122.072311,38.24787],[-122.072472,38.247797],[-122.073858,38.247361],[-122.074914,38.247083],[-122.075994,38.246783],[-122.076374,38.246668],[-122.076489,38.246633],[-122.077156,38.246383],[-122.077872,38.246094],[-122.07875,38.245722],[-122.080333,38.245022],[-122.080789,38.244825],[-122.082017,38.244272],[-122.083336,38.243704],[-122.085056,38.24295],[-122.086061,38.242533],[-122.086594,38.242292],[-122.087072,38.242072],[-122.0892,38.241164],[-122.090261,38.240681],[-122.091731,38.240042],[-122.09245,38.239722],[-122.094819,38.238694],[-122.09603,38.238177],[-122.096178,38.238114],[-122.096942,38.237761],[-122.097068,38.237703],[-122.097219,38.237633],[-122.098703,38.237003],[-122.100022,38.236417],[-122.100272,38.236311],[-122.100967,38.236017],[-122.102342,38.235389],[-122.103542,38.234875],[-122.105905,38.233848],[-122.106861,38.233433],[-122.107936,38.23295],[-122.108642,38.232645],[-122.110522,38.231833],[-122.112357,38.231053],[-122.113229,38.230682],[-122.113881,38.230404],[-122.116289,38.229375],[-122.117544,38.228858],[-122.119072,38.22815],[-122.119402,38.227988],[-122.120008,38.227688],[-122.120211,38.227589],[-122.121592,38.226939],[-122.122291,38.226558],[-122.12246,38.226466],[-122.122704,38.226333],[-122.122958,38.226194],[-122.123943,38.225658],[-122.124817,38.225183],[-122.125,38.225058],[-122.125754,38.224636],[-122.126486,38.224228],[-122.128806,38.222747],[-122.130547,38.221614],[-122.131631,38.220856],[-122.132983,38.219922],[-122.134387,38.218949],[-122.136481,38.217497],[-122.13705,38.217103],[-122.137803,38.216574],[-122.137874,38.216524],[-122.138314,38.216214],[-122.139278,38.215561],[-122.139375,38.215797],[-122.139769,38.216716],[-122.139804,38.21685],[-122.139872,38.217108],[-122.139933,38.217217],[-122.140142,38.217531],[-122.140242,38.217647],[-122.140417,38.217789],[-122.141208,38.218372],[-122.141317,38.218456],[-122.141683,38.218747],[-122.142069,38.219053],[-122.142231,38.219239],[-122.142675,38.219956],[-122.143165,38.220725],[-122.143244,38.22085],[-122.143819,38.221678],[-122.144481,38.2226],[-122.144567,38.222719],[-122.145061,38.223414],[-122.145299,38.223767],[-122.145689,38.224347],[-122.146297,38.225314],[-122.146822,38.226208],[-122.147122,38.226622],[-122.147336,38.22691],[-122.147403,38.227],[-122.147578,38.227308],[-122.147856,38.227833],[-122.148294,38.228472],[-122.148551,38.228865],[-122.148728,38.229173],[-122.14875,38.229211],[-122.148904,38.229526],[-122.148988,38.229702],[-122.149218,38.230275],[-122.149258,38.230439],[-122.149383,38.231308],[-122.149433,38.231561],[-122.149575,38.231922],[-122.149678,38.232122],[-122.150019,38.232669],[-122.150394,38.233167],[-122.150813,38.233693],[-122.150989,38.233914],[-122.151506,38.234608],[-122.151584,38.234714],[-122.151808,38.235027],[-122.151107,38.235395],[-122.150823,38.235544],[-122.150608,38.235633],[-122.149028,38.235382],[-122.148239,38.235257],[-122.148273,38.236126],[-122.148599,38.236711],[-122.14862,38.237201],[-122.14868,38.237665],[-122.148677,38.23768],[-122.14834,38.238826],[-122.145823,38.240033],[-122.145733,38.240072],[-122.146014,38.240436],[-122.142149,38.241712],[-122.141138,38.242041],[-122.141135,38.242057],[-122.140956,38.243054],[-122.140402,38.246138],[-122.139417,38.251878],[-122.1391,38.253765],[-122.13865,38.256487],[-122.137274,38.264419],[-122.136827,38.267314],[-122.136433,38.269452],[-122.136313,38.270609],[-122.135837,38.272704],[-122.135703,38.273774],[-122.135064,38.277548],[-122.134886,38.278605],[-122.133871,38.283794],[-122.133815,38.284408],[-122.13365,38.285992],[-122.133258,38.28868],[-122.132921,38.290386],[-122.132592,38.292529],[-122.132483,38.293615],[-122.132044,38.295759],[-122.131999,38.296006],[-122.133839,38.295672],[-122.136489,38.293965],[-122.138839,38.292462],[-122.139263,38.291634],[-122.145402,38.288272],[-122.148276,38.286539],[-122.148522,38.286383],[-122.149758,38.285689],[-122.151401,38.284768],[-122.157201,38.281539],[-122.163019,38.278526],[-122.164812,38.277366],[-122.164978,38.277461],[-122.165442,38.277703],[-122.165792,38.277972],[-122.165975,38.278131],[-122.166214,38.278431],[-122.166414,38.278731],[-122.166575,38.279039],[-122.1667,38.279222],[-122.166939,38.279478],[-122.167167,38.279808],[-122.167189,38.279828],[-122.167231,38.279828],[-122.16727,38.279786],[-122.167331,38.279775],[-122.167417,38.279847],[-122.167506,38.279997],[-122.167675,38.280189],[-122.167769,38.28025],[-122.167852,38.280287],[-122.168092,38.280697],[-122.168141,38.280835],[-122.168175,38.281005],[-122.168196,38.281192],[-122.168196,38.281302],[-122.168175,38.281368],[-122.168161,38.281505],[-122.168161,38.281543],[-122.168182,38.281587],[-122.168426,38.281857],[-122.168552,38.281961],[-122.168684,38.282049],[-122.168998,38.282175],[-122.169088,38.282241],[-122.169165,38.282329],[-122.169221,38.282456],[-122.169262,38.282609],[-122.169262,38.282697],[-122.169276,38.282752],[-122.169241,38.283049],[-122.169255,38.283131],[-122.169297,38.283203],[-122.169506,38.283477],[-122.169646,38.283747],[-122.169708,38.283835],[-122.16982,38.283944],[-122.16998,38.284076],[-122.170119,38.284247],[-122.170231,38.284439],[-122.170509,38.285043],[-122.17053,38.285175],[-122.170607,38.285307],[-122.171053,38.285796],[-122.171102,38.285823],[-122.171199,38.285928],[-122.171276,38.286027],[-122.171332,38.286126],[-122.171464,38.286444],[-122.171562,38.286653],[-122.17161,38.28673],[-122.171631,38.287087],[-122.171617,38.287301],[-122.171561,38.287735],[-122.171603,38.287851],[-122.171742,38.288076],[-122.171791,38.288131],[-122.171917,38.288235],[-122.172133,38.288334],[-122.172286,38.288367],[-122.172363,38.288422],[-122.172418,38.288433],[-122.172544,38.288499],[-122.172725,38.288686],[-122.172746,38.288746],[-122.172732,38.288829],[-122.172593,38.289191],[-122.172579,38.289257],[-122.172655,38.28946],[-122.172739,38.289592],[-122.172871,38.289719],[-122.173004,38.289801],[-122.17345,38.290004],[-122.173526,38.290065],[-122.173722,38.290175],[-122.173924,38.290307],[-122.174098,38.29045],[-122.174237,38.290581],[-122.174258,38.29062],[-122.174335,38.290916],[-122.17439,38.291526],[-122.174495,38.292015],[-122.174516,38.29207],[-122.174613,38.292191],[-122.174676,38.292224],[-122.174941,38.292422],[-122.175046,38.292521],[-122.175255,38.292834],[-122.175366,38.293026],[-122.175457,38.293213],[-122.175485,38.293361],[-122.175491,38.293466],[-122.17538,38.293922],[-122.17538,38.293966],[-122.175443,38.294213],[-122.175519,38.294455],[-122.175603,38.294636],[-122.175686,38.294779],[-122.175854,38.294998],[-122.175958,38.295284],[-122.176007,38.295757],[-122.176132,38.296207],[-122.17616,38.29635],[-122.176167,38.296542],[-122.176146,38.296745],[-122.176195,38.296839],[-122.176306,38.297196],[-122.176334,38.29752],[-122.17632,38.297608],[-122.176278,38.297712],[-122.176055,38.298152],[-122.176041,38.298262],[-122.176048,38.298366],[-122.176153,38.298685],[-122.176181,38.298855],[-122.176222,38.298987],[-122.176229,38.299064],[-122.176222,38.299152],[-122.176201,38.29924],[-122.176181,38.299289],[-122.176146,38.299333],[-122.175964,38.29947],[-122.175853,38.299542],[-122.175776,38.299608],[-122.17572,38.299668],[-122.175581,38.299926],[-122.175553,38.300201],[-122.175574,38.300327],[-122.175678,38.300607],[-122.175783,38.300833],[-122.176055,38.301305],[-122.176382,38.301635],[-122.176529,38.301827],[-122.176598,38.301942],[-122.176926,38.302805],[-122.177024,38.302981],[-122.177023,38.303019],[-122.177051,38.303036],[-122.177219,38.303497],[-122.177233,38.303602],[-122.177226,38.303684],[-122.177044,38.304448],[-122.177037,38.304574],[-122.177065,38.304794],[-122.177079,38.304871],[-122.177114,38.304958],[-122.177197,38.305101],[-122.177497,38.305843],[-122.177546,38.305925],[-122.177839,38.306304],[-122.177881,38.306392],[-122.177929,38.30659],[-122.177985,38.306892],[-122.177992,38.30698],[-122.177978,38.307068],[-122.177943,38.30715],[-122.177852,38.307299],[-122.177818,38.307376],[-122.177783,38.30754],[-122.177769,38.307672],[-122.177797,38.307887],[-122.177845,38.308112],[-122.177887,38.308205],[-122.177873,38.308288],[-122.177922,38.309029],[-122.177985,38.309211],[-122.178089,38.309425],[-122.178159,38.309513],[-122.178187,38.309601],[-122.17825,38.30998],[-122.178396,38.310655],[-122.178382,38.310897],[-122.17834,38.311122],[-122.178326,38.311392],[-122.17834,38.311512],[-122.178368,38.311584],[-122.178661,38.312084],[-122.179009,38.312578],[-122.179019,38.313089],[-122.179326,38.314255],[-122.179653,38.314981],[-122.179946,38.315913],[-122.172775,38.315866],[-122.171487,38.315858],[-122.168774,38.315841],[-122.168708,38.315845],[-122.166388,38.315825],[-122.16428,38.315811],[-122.162447,38.315799],[-122.162184,38.315797],[-122.15455,38.315748],[-122.154507,38.315748],[-122.134585,38.315617],[-122.134447,38.315616],[-122.133843,38.315612],[-122.133743,38.315611],[-122.133505,38.31561],[-122.131551,38.315612],[-122.131522,38.315612],[-122.131285,38.315611],[-122.116724,38.315719],[-122.114595,38.315735],[-122.113755,38.315741],[-122.10443,38.31581],[-122.103801,38.315811],[-122.096361,38.315811],[-122.095921,38.315811],[-122.094279,38.315813],[-122.093842,38.315814],[-122.09366,38.315814],[-122.093556,38.315814],[-122.093216,38.315816],[-122.092873,38.315819],[-122.092707,38.31582],[-122.09244,38.315822],[-122.091812,38.31582],[-122.079501,38.315862],[-122.075173,38.315877],[-122.068299,38.3159],[-122.064779,38.315912],[-122.065079,38.317112],[-122.068179,38.318412],[-122.066279,38.321012],[-122.065379,38.323112],[-122.065271,38.323204],[-122.054668,38.323378],[-122.044568,38.323544],[-122.043674,38.323136],[-122.042168,38.323584],[-122.042068,38.323524],[-122.042206,38.32345],[-122.041861,38.323125],[-122.041698,38.323124],[-122.040328,38.323136],[-122.034119,38.3231],[-122.034106,38.321208],[-122.034018,38.31716],[-122.033993,38.31601],[-122.032217,38.31583],[-122.032194,38.315767],[-122.032447,38.315404],[-122.032355,38.315404],[-122.032117,38.315388],[-122.03244,38.314751],[-122.032489,38.314656],[-122.032619,38.314333],[-122.032652,38.314233],[-122.032769,38.313878],[-122.03292,38.313337],[-122.033017,38.312992],[-122.033139,38.312436],[-122.033278,38.311697],[-122.033433,38.310597],[-122.033579,38.309745],[-122.033747,38.308769],[-122.033811,38.308306],[-122.033975,38.306747],[-122.033992,38.306281],[-122.034002,38.30562],[-122.034047,38.302542],[-122.034068,38.301784],[-122.034077,38.301469],[-122.033753,38.301459],[-122.033764,38.300783],[-122.033781,38.3002],[-122.0338,38.299514],[-122.033884,38.296261],[-122.033889,38.296067],[-122.0339,38.295106],[-122.034197,38.295246],[-122.034199,38.295195],[-122.034219,38.294264],[-122.034228,38.293714],[-122.034244,38.293353],[-122.034286,38.293011],[-122.034375,38.29255],[-122.03445,38.292272],[-122.034683,38.291583],[-122.034842,38.291281],[-122.035081,38.290864],[-122.035478,38.290342],[-122.036504,38.289144],[-122.037094,38.288458],[-122.03809,38.287255],[-122.038225,38.287086],[-122.040711,38.284181],[-122.040846,38.284021],[-122.041464,38.283288],[-122.041922,38.282747],[-122.044336,38.279928],[-122.046514,38.277344],[-122.047194,38.276519],[-122.047361,38.276317],[-122.047967,38.275678],[-122.048703,38.274731],[-122.049231,38.27413],[-122.049817,38.27345],[-122.049928,38.273317],[-122.049619,38.273281],[-122.048997,38.273208],[-122.047567,38.273056],[-122.046414,38.272956],[-122.045256,38.272897],[-122.043853,38.272906],[-122.043443,38.272901],[-122.042789,38.272892],[-122.042361,38.272886],[-122.041592,38.272875],[-122.039001,38.272861],[-122.038381,38.272858],[-122.037358,38.272839],[-122.036722,38.272869],[-122.036581,38.272875],[-122.035306,38.272978],[-122.034417,38.273017],[-122.034236,38.273017],[-122.034047,38.273019],[-122.033825,38.273019],[-122.033372,38.273],[-122.032197,38.272883],[-122.031228,38.2728],[-122.030919,38.272794],[-122.030142,38.272781],[-122.026914,38.272764],[-122.026569,38.272756],[-122.025344,38.272725],[-122.024947,38.272731],[-122.023303,38.272739],[-122.021661,38.272703],[-122.02083,38.272697],[-122.017878,38.272675],[-122.016128,38.272662],[-122.015947,38.272661],[-122.014365,38.272649],[-122.011547,38.272628],[-122.010203,38.272608],[-122.010057,38.272607],[-122.008167,38.272597],[-122.006542,38.272569],[-122.005131,38.272564],[-122.004737,38.272562],[-122.003953,38.272559],[-122.003803,38.272558],[-122.002672,38.272544],[-122.001844,38.272547],[-122.000433,38.272533],[-121.999983,38.272539],[-121.999506,38.272528],[-121.998808,38.272475],[-121.997606,38.272292],[-121.995956,38.271914],[-121.995077,38.271725],[-121.994617,38.271626],[-121.994531,38.271608],[-121.993695,38.271418],[-121.993565,38.271489],[-121.993496,38.271473],[-121.992781,38.271314],[-121.992142,38.271214],[-121.992059,38.271206],[-121.991375,38.271144],[-121.990875,38.271139],[-121.990344,38.27115],[-121.989683,38.271242],[-121.989119,38.27135],[-121.988619,38.271489],[-121.987967,38.271646],[-121.987961,38.271489],[-121.987558,38.271583],[-121.986133,38.272006],[-121.985586,38.272131],[-121.985125,38.272211],[-121.984772,38.272261],[-121.984361,38.272308],[-121.983533,38.272358],[-121.983152,38.272367],[-121.982833,38.272375],[-121.982172,38.272369],[-121.978706,38.272367],[-121.977325,38.272372],[-121.975302,38.272362],[-121.975285,38.272178],[-121.974955,38.272178],[-121.97487,38.272178],[-121.969947,38.272179],[-121.965423,38.272097],[-121.962888,38.27205],[-121.96192,38.271996],[-121.960729,38.271897],[-121.960273,38.271874],[-121.960005,38.271861],[-121.959759,38.271849],[-121.958996,38.271812],[-121.958956,38.27181],[-121.958938,38.27141],[-121.958925,38.271136],[-121.958925,38.269597],[-121.958908,38.268369],[-121.958892,38.268075],[-121.958861,38.267967],[-121.958769,38.267867],[-121.958678,38.267794],[-121.958558,38.267781],[-121.958436,38.267767],[-121.957811,38.267758],[-121.957519,38.267778],[-121.957212,38.267849],[-121.95635,38.26825],[-121.956044,38.268378],[-121.955744,38.268447],[-121.955481,38.268467],[-121.955422,38.268472],[-121.954831,38.268458],[-121.952242,38.268442],[-121.951738,38.268424],[-121.951517,38.268375],[-121.951239,38.268306],[-121.950177,38.267947],[-121.950051,38.26843],[-121.949976,38.268472],[-121.949902,38.268466],[-121.94975,38.268405],[-121.949637,38.268398],[-121.949506,38.268406],[-121.949217,38.268403],[-121.949217,38.267658],[-121.948358,38.267515],[-121.948106,38.26747],[-121.946244,38.267376],[-121.945936,38.267364],[-121.945944,38.26645],[-121.944389,38.266445],[-121.943017,38.266435],[-121.942381,38.266431],[-121.942303,38.266431],[-121.940014,38.266422],[-121.938497,38.266436],[-121.938269,38.266408],[-121.937075,38.266397],[-121.936868,38.266404],[-121.936675,38.266411],[-121.935378,38.266394],[-121.934995,38.266394],[-121.933858,38.266394],[-121.933485,38.266382]]]}},{"type":"Feature","properties":{"district":"4"},"geometry":{"type":"Polygon","coordinates":[[[-121.693775,38.415908],[-121.693992,38.415911],[-121.697114,38.415925],[-121.69848,38.415936],[-121.699781,38.415947],[-121.699952,38.415947],[-121.700218,38.415947],[-121.702269,38.415947],[-121.702947,38.415953],[-121.708853,38.415983],[-121.713042,38.415989],[-121.717394,38.416011],[-121.719575,38.416011],[-121.721292,38.416022],[-121.721419,38.416022],[-121.723239,38.416019],[-121.728561,38.416042],[-121.729683,38.416058],[-121.729746,38.416058],[-121.730657,38.416059],[-121.731331,38.416061],[-121.732792,38.416083],[-121.735378,38.416108],[-121.737775,38.416117],[-121.739836,38.416136],[-121.741211,38.416142],[-121.742511,38.416147],[-121.749078,38.416172],[-121.7498,38.416181],[-121.753703,38.416194],[-121.758333,38.416189],[-121.761639,38.4162],[-121.762923,38.416197],[-121.764758,38.416194],[-121.767587,38.416205],[-121.768489,38.416208],[-121.772661,38.416244],[-121.776729,38.416269],[-121.781119,38.4163],[-121.783625,38.416313],[-121.785939,38.416325],[-121.78614,38.416326],[-121.793619,38.416361],[-121.794606,38.416364],[-121.79465,38.416364],[-121.795306,38.416365],[-121.798222,38.416369],[-121.801336,38.416386],[-121.804328,38.416389],[-121.804596,38.416389],[-121.806761,38.416389],[-121.813453,38.416358],[-121.817017,38.416428],[-121.81845,38.416452],[-121.820764,38.416492],[-121.821383,38.416506],[-121.822044,38.41652],[-121.822706,38.416533],[-121.822977,38.41654],[-121.823153,38.416544],[-121.827397,38.416572],[-121.828189,38.416575],[-121.831997,38.416608],[-121.837469,38.41665],[-121.839975,38.416647],[-121.84125,38.416675],[-121.841997,38.416689],[-121.84765,38.416708],[-121.849778,38.416725],[-121.850308,38.416711],[-121.850679,38.416715],[-121.851708,38.416728],[-121.854381,38.416758],[-121.85705,38.416769],[-121.859239,38.4168],[-121.859664,38.4168],[-121.865058,38.416844],[-121.868767,38.416847],[-121.873197,38.416872],[-121.873247,38.416872],[-121.873365,38.416873],[-121.873461,38.416874],[-121.875014,38.416883],[-121.878072,38.416881],[-121.8795,38.416892],[-121.880619,38.416892],[-121.883228,38.416908],[-121.885688,38.416906],[-121.887148,38.416917],[-121.887239,38.416918],[-121.887689,38.416917],[-121.888682,38.416929],[-121.888746,38.41693],[-121.888813,38.416931],[-121.889261,38.416936],[-121.889906,38.416931],[-121.890953,38.416925],[-121.891278,38.416886],[-121.891583,38.416819],[-121.891869,38.416728],[-121.892778,38.416325],[-121.893264,38.416097],[-121.893567,38.415958],[-121.893986,38.415817],[-121.894489,38.415692],[-121.894922,38.415675],[-121.895292,38.4157],[-121.895304,38.415703],[-121.896036,38.415864],[-121.896294,38.415919],[-121.896799,38.416083],[-121.896824,38.416091],[-121.896928,38.416125],[-121.897028,38.416164],[-121.897233,38.416244],[-121.899372,38.414603],[-121.900526,38.413718],[-121.900929,38.413409],[-121.901608,38.412889],[-121.902536,38.412183],[-121.905945,38.409595],[-121.906744,38.408989],[-121.908656,38.407508],[-121.912225,38.404844],[-121.912884,38.404338],[-121.913906,38.403553],[-121.915042,38.402683],[-121.915553,38.402284],[-121.916619,38.40145],[-121.916979,38.401172],[-121.917839,38.400508],[-121.918853,38.399706],[-121.920356,38.398556],[-121.924469,38.395325],[-121.92461,38.395211],[-121.925558,38.394453],[-121.926661,38.39361],[-121.927311,38.393114],[-121.929779,38.391152],[-121.930169,38.390844],[-121.930803,38.390356],[-121.93115,38.390089],[-121.932571,38.388974],[-121.933707,38.388091],[-121.933798,38.388021],[-121.935047,38.387069],[-121.936481,38.385953],[-121.936548,38.385903],[-121.937657,38.385065],[-121.93895,38.384058],[-121.941452,38.382178],[-121.943339,38.380761],[-121.945069,38.379433],[-121.946983,38.377947],[-121.948706,38.376622],[-121.950367,38.375325],[-121.950772,38.375019],[-121.951228,38.3747],[-121.951356,38.374597],[-121.9521,38.374008],[-121.952868,38.373432],[-121.953136,38.373231],[-121.953358,38.373031],[-121.954214,38.372375],[-121.95515,38.371597],[-121.955831,38.371006],[-121.956314,38.370586],[-121.957692,38.369508],[-121.957553,38.369392],[-121.957156,38.369061],[-121.956621,38.368638],[-121.956281,38.368417],[-121.956172,38.368342],[-121.9558,38.368064],[-121.955603,38.367872],[-121.955472,38.367694],[-121.955347,38.367469],[-121.955222,38.367197],[-121.954842,38.366314],[-121.954722,38.366151],[-121.954656,38.366081],[-121.9545,38.365925],[-121.954186,38.365656],[-121.953781,38.365383],[-121.953677,38.365314],[-121.953272,38.365169],[-121.951175,38.363797],[-121.950636,38.363444],[-121.950014,38.363028],[-121.949459,38.362678],[-121.94937,38.362603],[-121.949272,38.362505],[-121.949525,38.362338],[-121.949661,38.3623],[-121.949789,38.362286],[-121.949772,38.362228],[-121.949717,38.361569],[-121.949644,38.361047],[-121.949628,38.360783],[-121.949647,38.360613],[-121.949663,38.360478],[-121.949672,38.360394],[-121.949735,38.360175],[-121.949781,38.360017],[-121.949975,38.359706],[-121.950225,38.359389],[-121.950467,38.359178],[-121.950681,38.359028],[-121.950978,38.358846],[-121.951101,38.358782],[-121.9515,38.358631],[-121.951769,38.358503],[-121.952042,38.358344],[-121.95221,38.358232],[-121.952417,38.358033],[-121.952708,38.357714],[-121.952803,38.357508],[-121.952892,38.357256],[-121.952969,38.356986],[-121.952997,38.356781],[-121.953011,38.356689],[-121.953061,38.355114],[-121.953067,38.353739],[-121.953068,38.353589],[-121.95305,38.352775],[-121.953039,38.352233],[-121.95305,38.351803],[-121.953267,38.351806],[-121.953267,38.351658],[-121.954775,38.351686],[-121.956219,38.351722],[-121.956456,38.35172],[-121.956642,38.351756],[-121.957056,38.351764],[-121.958838,38.351803],[-121.958841,38.351722],[-121.958827,38.351628],[-121.958652,38.350697],[-121.958132,38.348366],[-121.957856,38.34707],[-121.957805,38.346852],[-121.957793,38.346514],[-121.957795,38.346308],[-121.957806,38.344877],[-121.957827,38.344817],[-121.957904,38.344679],[-121.958002,38.344525],[-121.958064,38.344448],[-121.95819,38.344344],[-121.959027,38.343718],[-121.959829,38.343102],[-121.959892,38.343075],[-121.960212,38.342828],[-121.96023,38.342819],[-121.960408,38.342679],[-121.961454,38.341866],[-121.961562,38.341789],[-121.961754,38.341652],[-121.962193,38.341317],[-121.962311,38.341188],[-121.962353,38.341141],[-121.962409,38.341058],[-121.96243,38.341009],[-121.962419,38.340261],[-121.962416,38.340075],[-121.962431,38.339318],[-121.962447,38.338466],[-121.962455,38.338028],[-121.962484,38.336526],[-121.962484,38.336065],[-121.962479,38.33539],[-121.962473,38.335113],[-121.962473,38.334991],[-121.962455,38.33488],[-121.962427,38.334772],[-121.962368,38.334546],[-121.961802,38.332454],[-121.961323,38.330711],[-121.961296,38.330595],[-121.961293,38.330432],[-121.961288,38.329298],[-121.961287,38.329245],[-121.961287,38.328805],[-121.961296,38.328654],[-121.961279,38.328555],[-121.961253,38.328456],[-121.961224,38.328363],[-121.961163,38.328224],[-121.961104,38.328108],[-121.960956,38.327791],[-121.960095,38.325961],[-121.959936,38.325626],[-121.95974,38.325211],[-121.958996,38.323583],[-121.958967,38.323444],[-121.958977,38.323301],[-121.95901,38.323134],[-121.959053,38.322992],[-121.959067,38.322948],[-121.959263,38.322647],[-121.959492,38.322332],[-121.959721,38.321989],[-121.96108,38.320048],[-121.96125,38.320124],[-121.961639,38.319575],[-121.963417,38.316933],[-121.963486,38.316775],[-121.963506,38.31671],[-121.963543,38.316592],[-121.963569,38.316508],[-121.963729,38.315917],[-121.96378,38.315727],[-121.964578,38.315732],[-121.964827,38.315736],[-121.965053,38.315736],[-121.965583,38.315739],[-121.966759,38.315746],[-121.969397,38.315764],[-121.970193,38.315788],[-121.970516,38.315726],[-121.970532,38.315723],[-121.970834,38.315729],[-121.975123,38.3157],[-121.976188,38.315696],[-121.976418,38.3157],[-121.976706,38.315692],[-121.987602,38.315641],[-121.987769,38.315643],[-121.989108,38.315651],[-121.990449,38.315689],[-121.99738,38.315755],[-121.999027,38.315749],[-121.998978,38.315697],[-121.998933,38.315569],[-121.998725,38.315156],[-121.998614,38.315003],[-121.998547,38.314958],[-121.998389,38.314878],[-121.998267,38.314844],[-121.998036,38.314794],[-121.997803,38.314797],[-121.997567,38.314814],[-121.997369,38.314803],[-121.997328,38.314764],[-121.997278,38.314581],[-121.997242,38.313625],[-121.997247,38.313056],[-121.997297,38.312725],[-121.997308,38.312653],[-121.997344,38.312347],[-121.997369,38.311933],[-121.997369,38.311544],[-121.997336,38.311033],[-121.99734,38.310367],[-121.997339,38.310346],[-121.99734,38.309184],[-121.997385,38.309182],[-121.997392,38.308758],[-121.997389,38.308707],[-121.99739,38.308644],[-121.998802,38.308675],[-121.999912,38.308282],[-122.000151,38.308279],[-122.000265,38.308278],[-122.000994,38.308718],[-122.001042,38.308719],[-122.00112,38.308718],[-122.001569,38.308728],[-122.005383,38.308805],[-122.006754,38.308808],[-122.009211,38.308724],[-122.009277,38.308721],[-122.011864,38.308718],[-122.012157,38.308718],[-122.012694,38.308721],[-122.013017,38.308725],[-122.014868,38.308762],[-122.015487,38.308775],[-122.017223,38.308803],[-122.018584,38.308825],[-122.019064,38.309234],[-122.019719,38.309694],[-122.020247,38.309988],[-122.020831,38.310121],[-122.02164,38.310312],[-122.022555,38.310793],[-122.022718,38.310896],[-122.024513,38.311895],[-122.024679,38.312787],[-122.025181,38.313374],[-122.025378,38.313604],[-122.025723,38.313674],[-122.026346,38.313798],[-122.026489,38.313779],[-122.028214,38.313397],[-122.030105,38.313736],[-122.031892,38.314085],[-122.031657,38.314543],[-122.031229,38.31538],[-122.031809,38.315367],[-122.032117,38.315388],[-122.032355,38.315404],[-122.032447,38.315404],[-122.032194,38.315767],[-122.032217,38.31583],[-122.033993,38.31601],[-122.034018,38.31716],[-122.034106,38.321208],[-122.034119,38.3231],[-122.040328,38.323136],[-122.041698,38.323124],[-122.041861,38.323125],[-122.042206,38.32345],[-122.042068,38.323524],[-122.042168,38.323584],[-122.043674,38.323136],[-122.044568,38.323544],[-122.054668,38.323378],[-122.065271,38.323204],[-122.063379,38.324811],[-122.062079,38.325111],[-122.061379,38.327411],[-122.061575,38.328743],[-122.061379,38.329611],[-122.062979,38.333511],[-122.064779,38.333411],[-122.066879,38.337211],[-122.068379,38.339711],[-122.069179,38.341911],[-122.069779,38.342811],[-122.069501,38.344111],[-122.069479,38.344211],[-122.070679,38.346411],[-122.070279,38.349011],[-122.070579,38.349811],[-122.069679,38.350811],[-122.070979,38.353211],[-122.071879,38.355211],[-122.07338,38.358411],[-122.07338,38.360911],[-122.07558,38.363111],[-122.07608,38.363711],[-122.07768,38.363711],[-122.08262,38.373168],[-122.08353,38.37491],[-122.084425,38.376624],[-122.084776,38.377296],[-122.085101,38.377918],[-122.085205,38.378087],[-122.085492,38.378666],[-122.08588,38.37941],[-122.086071,38.380498],[-122.086335,38.380848],[-122.086913,38.381611],[-122.087073,38.381823],[-122.087542,38.382442],[-122.088492,38.383697],[-122.088719,38.384068],[-122.088835,38.384151],[-122.088934,38.384231],[-122.08897,38.384283],[-122.08902,38.384355],[-122.089054,38.384466],[-122.089092,38.384567],[-122.089133,38.384635],[-122.089164,38.384662],[-122.089267,38.384678],[-122.089307,38.384679],[-122.089424,38.384683],[-122.089484,38.384696],[-122.089583,38.384734],[-122.089687,38.384801],[-122.089874,38.384967],[-122.090338,38.385446],[-122.09067,38.385856],[-122.090872,38.386077],[-122.090929,38.386131],[-122.091085,38.386326],[-122.091195,38.386478],[-122.091269,38.386567],[-122.091312,38.386647],[-122.091362,38.386715],[-122.091469,38.38681],[-122.091588,38.386991],[-122.091606,38.387125],[-122.09161,38.387176],[-122.091612,38.38721],[-122.091626,38.387259],[-122.091704,38.387301],[-122.091795,38.38735],[-122.091897,38.387452],[-122.09248,38.387971],[-122.092567,38.388048],[-122.092656,38.388144],[-122.092683,38.388223],[-122.092675,38.388334],[-122.092686,38.388388],[-122.092724,38.38844],[-122.09278,38.388515],[-122.093531,38.389144],[-122.093574,38.38918],[-122.093625,38.389223],[-122.093713,38.389297],[-122.094674,38.390106],[-122.094695,38.390122],[-122.095832,38.390983],[-122.096016,38.391123],[-122.096996,38.391864],[-122.098475,38.393007],[-122.098682,38.393473],[-122.098873,38.393894],[-122.098915,38.393938],[-122.099056,38.394085],[-122.099072,38.394096],[-122.09965,38.39468],[-122.101593,38.39662],[-122.101945,38.396978],[-122.102039,38.397069],[-122.102194,38.397227],[-122.102903,38.397933],[-122.104434,38.399464],[-122.104497,38.399525],[-122.10477,38.399798],[-122.104964,38.399994],[-122.106583,38.401613],[-122.107357,38.402387],[-122.108303,38.403333],[-122.108955,38.403985],[-122.109467,38.404497],[-122.109583,38.40461],[-122.109772,38.405946],[-122.109841,38.405994],[-122.109869,38.406092],[-122.109848,38.406156],[-122.109794,38.406259],[-122.109756,38.406446],[-122.109705,38.406646],[-122.109653,38.406976],[-122.109628,38.4072],[-122.109635,38.407315],[-122.109652,38.407345],[-122.109709,38.407442],[-122.109841,38.407623],[-122.109965,38.407742],[-122.110052,38.407843],[-122.110064,38.40786],[-122.110176,38.408018],[-122.110284,38.408182],[-122.110347,38.408278],[-122.110562,38.408552],[-122.110686,38.408632],[-122.110761,38.408672],[-122.110781,38.408683],[-122.110823,38.408717],[-122.110949,38.408772],[-122.112182,38.409509],[-122.112337,38.409731],[-122.114081,38.412198],[-122.114131,38.412214],[-122.114982,38.412309],[-122.114917,38.412817],[-122.11488,38.413109],[-122.114692,38.413908],[-122.117172,38.414004],[-122.117338,38.414007],[-122.117384,38.414009],[-122.117983,38.414109],[-122.118064,38.414271],[-122.118127,38.414396],[-122.118421,38.414986],[-122.119125,38.416397],[-122.119142,38.416415],[-122.119165,38.416441],[-122.119356,38.416654],[-122.119427,38.416745],[-122.119516,38.416893],[-122.119573,38.417079],[-122.1196,38.41722],[-122.11977,38.417573],[-122.119768,38.417748],[-122.119723,38.417984],[-122.119721,38.418029],[-122.11974,38.418132],[-122.11976,38.418191],[-122.119868,38.418388],[-122.120035,38.418598],[-122.120214,38.418737],[-122.120361,38.418837],[-122.120459,38.418931],[-122.120676,38.419244],[-122.120823,38.419455],[-122.12101,38.419825],[-122.121047,38.419932],[-122.121126,38.420093],[-122.12123,38.420235],[-122.1213,38.420294],[-122.121526,38.420414],[-122.121606,38.4205],[-122.121656,38.420609],[-122.12168,38.420691],[-122.121737,38.420819],[-122.121812,38.4209],[-122.121855,38.420935],[-122.121914,38.420975],[-122.122048,38.42104],[-122.122122,38.421064],[-122.122358,38.421112],[-122.122394,38.421127],[-122.12252,38.421181],[-122.122587,38.421218],[-122.122712,38.421311],[-122.122771,38.421367],[-122.122836,38.421465],[-122.122877,38.421586],[-122.122905,38.421781],[-122.122914,38.421908],[-122.122918,38.421958],[-122.122959,38.422071],[-122.123024,38.422179],[-122.12315,38.422294],[-122.12322,38.422387],[-122.123276,38.422495],[-122.123314,38.422615],[-122.123323,38.422776],[-122.123415,38.422996],[-122.123458,38.423074],[-122.12358,38.423227],[-122.123661,38.423301],[-122.12387,38.423408],[-122.124039,38.42352],[-122.124129,38.423593],[-122.124216,38.42369],[-122.124291,38.42375],[-122.124376,38.423804],[-122.124552,38.423813],[-122.124576,38.423815],[-122.124682,38.423826],[-122.124797,38.423853],[-122.124952,38.423921],[-122.124998,38.423951],[-122.125035,38.423976],[-122.125134,38.424062],[-122.125205,38.424163],[-122.12525,38.424302],[-122.125307,38.424677],[-122.125345,38.424821],[-122.125396,38.424953],[-122.125444,38.425046],[-122.125469,38.425115],[-122.125482,38.425207],[-122.125467,38.42525],[-122.125935,38.427137],[-122.126102,38.427786],[-122.126164,38.428065],[-122.126248,38.428317],[-122.126389,38.428918],[-122.126582,38.431309],[-122.126539,38.432073],[-122.126529,38.432247],[-122.126553,38.432387],[-122.126563,38.432477],[-122.126551,38.432504],[-122.126507,38.43256],[-122.126482,38.432593],[-122.126176,38.432907],[-122.126157,38.432995],[-122.126161,38.43303],[-122.126207,38.433108],[-122.126339,38.433255],[-122.126391,38.433352],[-122.126415,38.433417],[-122.126469,38.434394],[-122.126497,38.434795],[-122.126507,38.434885],[-122.126556,38.435012],[-122.126628,38.435309],[-122.126628,38.435451],[-122.12658,38.435602],[-122.126559,38.435689],[-122.126547,38.435739],[-122.126487,38.435993],[-122.126442,38.436089],[-122.126408,38.436142],[-122.12627,38.436276],[-122.126219,38.436363],[-122.1262,38.436396],[-122.126168,38.436431],[-122.126093,38.436514],[-122.125979,38.436614],[-122.125866,38.43668],[-122.125852,38.436734],[-122.125482,38.438209],[-122.124483,38.442972],[-122.124204,38.444412],[-122.124004,38.44544],[-122.12388,38.446078],[-122.123783,38.446582],[-122.123582,38.447608],[-122.123124,38.448558],[-122.120527,38.453926],[-122.113178,38.474816],[-122.112878,38.475174],[-122.112069,38.476143],[-122.111264,38.477108],[-122.111182,38.477208],[-122.108182,38.486107],[-122.106436,38.488595],[-122.104882,38.490807],[-122.104982,38.492807],[-122.107183,38.494507],[-122.106283,38.508307],[-122.103484,38.511903],[-122.103439,38.512186],[-122.103315,38.51311],[-122.103298,38.513226],[-122.103289,38.513287],[-122.103281,38.513348],[-122.102942,38.513312],[-122.101534,38.513383],[-122.100222,38.513456],[-122.099918,38.51341],[-122.099878,38.513404],[-122.099758,38.513386],[-122.099719,38.51338],[-122.099582,38.513359],[-122.097789,38.513187],[-122.096666,38.512903],[-122.095508,38.513013],[-122.095326,38.51303],[-122.095016,38.513058],[-122.094059,38.513484],[-122.093164,38.513963],[-122.092913,38.51428],[-122.092441,38.515072],[-122.092267,38.515531],[-122.09162,38.515976],[-122.090775,38.515996],[-122.089716,38.515644],[-122.089254,38.515424],[-122.088918,38.515275],[-122.088565,38.515119],[-122.087888,38.514889],[-122.087353,38.514688],[-122.086855,38.514477],[-122.086127,38.514462],[-122.085423,38.514466],[-122.084037,38.514605],[-122.083305,38.51489],[-122.083147,38.514917],[-122.082731,38.514989],[-122.082134,38.514994],[-122.081705,38.514915],[-122.081217,38.514808],[-122.081182,38.514789],[-122.080996,38.514675],[-122.080933,38.514637],[-122.080472,38.514306],[-122.080306,38.514192],[-122.080283,38.514182],[-122.07998,38.51403],[-122.079324,38.514034],[-122.07918,38.514047],[-122.078786,38.514086],[-122.078092,38.51423],[-122.077223,38.514064],[-122.076042,38.513989],[-122.075801,38.513954],[-122.075494,38.51391],[-122.074958,38.513868],[-122.074672,38.513819],[-122.074267,38.513731],[-122.073082,38.513779],[-122.071384,38.513849],[-122.070509,38.514095],[-122.069411,38.514115],[-122.068462,38.514107],[-122.068321,38.514136],[-122.067553,38.514297],[-122.067205,38.514416],[-122.066856,38.514695],[-122.066088,38.514989],[-122.065296,38.515167],[-122.06452,38.515342],[-122.063708,38.515363],[-122.062553,38.515617],[-122.061621,38.515675],[-122.061118,38.51584],[-122.060482,38.515951],[-122.05979,38.516073],[-122.05925,38.516359],[-122.05895,38.516469],[-122.05894,38.516788],[-122.05873,38.517032],[-122.058685,38.517086],[-122.058289,38.517279],[-122.057858,38.517379],[-122.057415,38.517441],[-122.05694,38.517269],[-122.056927,38.517258],[-122.056621,38.517003],[-122.056432,38.516852],[-122.056379,38.516827],[-122.056223,38.516752],[-122.056171,38.516728],[-122.055889,38.516494],[-122.055463,38.516141],[-122.055129,38.515711],[-122.055111,38.515688],[-122.054863,38.515461],[-122.05334,38.51422],[-122.053032,38.513883],[-122.05234,38.513124],[-122.052009,38.512887],[-122.050951,38.5121],[-122.050215,38.511785],[-122.04784,38.510031],[-122.047213,38.50961],[-122.047189,38.509594],[-122.046558,38.509017],[-122.046183,38.508498],[-122.045641,38.508016],[-122.045523,38.507893],[-122.045308,38.507788],[-122.044874,38.507794],[-122.044456,38.507812],[-122.044258,38.507747],[-122.044183,38.507723],[-122.043942,38.507546],[-122.04349,38.507004],[-122.042867,38.506568],[-122.042627,38.506422],[-122.042229,38.506228],[-122.041568,38.505713],[-122.041345,38.50544],[-122.041295,38.505309],[-122.041226,38.505123],[-122.041143,38.504644],[-122.041115,38.504322],[-122.041179,38.504038],[-122.040807,38.503497],[-122.04077,38.503427],[-122.04021,38.502362],[-122.03978,38.501456],[-122.039714,38.501318],[-122.039369,38.50085],[-122.039231,38.500663],[-122.03887,38.500173],[-122.038821,38.5001],[-122.038692,38.499908],[-122.038694,38.499725],[-122.038695,38.499542],[-122.038569,38.499333],[-122.038548,38.499272],[-122.038436,38.499064],[-122.038395,38.499025],[-122.038332,38.498998],[-122.038136,38.498976],[-122.038038,38.498954],[-122.03794,38.498915],[-122.037828,38.498855],[-122.037731,38.498789],[-122.037647,38.498712],[-122.037126,38.498312],[-122.036706,38.497521],[-122.036414,38.496786],[-122.036209,38.496558],[-122.035992,38.496408],[-122.035815,38.496325],[-122.035566,38.496122],[-122.035338,38.496048],[-122.035248,38.495934],[-122.034745,38.495644],[-122.034605,38.495517],[-122.03247,38.494304],[-122.030829,38.49361],[-122.029973,38.493342],[-122.029088,38.493171],[-122.028618,38.49319],[-122.028607,38.493183],[-122.02859,38.493174],[-122.02857,38.493167],[-122.028518,38.493144],[-122.028488,38.493121],[-122.028454,38.493098],[-122.028425,38.493081],[-122.028398,38.493062],[-122.028386,38.493052],[-122.028366,38.493045],[-122.028073,38.492842],[-122.027863,38.492727],[-122.027737,38.492677],[-122.02757,38.492628],[-122.02685,38.492303],[-122.026508,38.492182],[-122.026347,38.492106],[-122.026207,38.492029],[-122.025984,38.491869],[-122.0259,38.491825],[-122.024977,38.491687],[-122.024173,38.491484],[-122.023887,38.491401],[-122.023328,38.49122],[-122.023111,38.491165],[-122.022813,38.491099],[-122.02279,38.491104],[-122.02279,38.491137],[-122.022657,38.491055],[-122.022035,38.490709],[-122.021728,38.490522],[-122.021378,38.490285],[-122.020791,38.489994],[-122.020659,38.489923],[-122.020603,38.489879],[-122.02054,38.489846],[-122.020414,38.489807],[-122.020374,38.489798],[-122.020148,38.489749],[-122.020107,38.489741],[-122.020072,38.489741],[-122.019771,38.489658],[-122.019492,38.48956],[-122.019375,38.489502],[-122.019132,38.489381],[-122.018942,38.489285],[-122.018811,38.489242],[-122.018652,38.489203],[-122.018451,38.489165],[-122.017809,38.489115],[-122.017554,38.489087],[-122.016718,38.488955],[-122.01602,38.488948],[-122.015759,38.488932],[-122.014695,38.488832],[-122.013901,38.488728],[-122.013542,38.48871],[-122.013377,38.488721],[-122.012954,38.488829],[-122.012603,38.488899],[-122.01244,38.488908],[-122.012112,38.488911],[-122.011957,38.488926],[-122.011773,38.488956],[-122.011673,38.488991],[-122.011535,38.489074],[-122.01136,38.489198],[-122.011197,38.48939],[-122.011025,38.489609],[-122.010981,38.489678],[-122.010892,38.489843],[-122.01051,38.490396],[-122.009796,38.491121],[-122.009531,38.491369],[-122.009303,38.49155],[-122.009064,38.491708],[-122.007853,38.492361],[-122.007623,38.49247],[-122.007554,38.492522],[-122.005842,38.493453],[-122.005182,38.493794],[-122.00511,38.493809],[-122.00507,38.493818],[-122.00504,38.493824],[-122.005001,38.493833],[-122.004957,38.493805],[-122.004931,38.49379],[-122.004838,38.493732],[-122.004532,38.49353],[-122.004336,38.493607],[-122.004321,38.493596],[-122.004265,38.493579],[-122.004195,38.49359],[-122.004147,38.493623],[-122.003979,38.493793],[-122.003909,38.493837],[-122.003832,38.493864],[-122.003645,38.493894],[-122.003559,38.493908],[-122.003438,38.493908],[-122.003412,38.493908],[-122.00321,38.493891],[-122.003161,38.493881],[-122.003077,38.493902],[-122.003035,38.493957],[-122.002983,38.494136],[-122.002972,38.494177],[-122.002923,38.494265],[-122.002881,38.494314],[-122.002809,38.494495],[-122.002221,38.495018],[-122.002067,38.495098],[-122.001821,38.495229],[-122.001615,38.495492],[-122.001171,38.495676],[-122.000317,38.496215],[-121.999846,38.496515],[-121.999206,38.496999],[-121.998287,38.497698],[-121.998277,38.497718],[-121.998265,38.497746],[-121.998256,38.497781],[-121.998251,38.497803],[-121.998219,38.497821],[-121.99812,38.497871],[-121.998092,38.497897],[-121.99787,38.498028],[-121.997446,38.49828],[-121.997205,38.498422],[-121.996984,38.498554],[-121.996851,38.498816],[-121.996733,38.49905],[-121.996568,38.499361],[-121.996615,38.499623],[-121.996623,38.499666],[-121.996559,38.499908],[-121.996446,38.499999],[-121.996107,38.500274],[-121.995995,38.500366],[-121.995927,38.500421],[-121.995846,38.500449],[-121.995708,38.500498],[-121.995356,38.500554],[-121.995339,38.500553],[-121.995166,38.500549],[-121.994987,38.500544],[-121.994933,38.500552],[-121.994685,38.500594],[-121.994272,38.500749],[-121.994061,38.500859],[-121.993787,38.500995],[-121.993513,38.501133],[-121.993479,38.50115],[-121.992439,38.50124],[-121.991802,38.501248],[-121.991691,38.501286],[-121.991473,38.501363],[-121.991093,38.501389],[-121.990785,38.50143],[-121.990507,38.50165],[-121.989989,38.502062],[-121.989204,38.502489],[-121.9888,38.502661],[-121.988584,38.502754],[-121.988172,38.502876],[-121.987455,38.502955],[-121.987408,38.502961],[-121.98683,38.502963],[-121.98657,38.502987],[-121.986046,38.503292],[-121.985683,38.503473],[-121.985556,38.503617],[-121.985577,38.503684],[-121.985644,38.503901],[-121.985729,38.504388],[-121.985722,38.504869],[-121.985656,38.505402],[-121.985426,38.505657],[-121.984983,38.505916],[-121.984907,38.505935],[-121.984394,38.506089],[-121.983375,38.506449],[-121.983165,38.506468],[-121.983057,38.506448],[-121.982912,38.506489],[-121.982641,38.5065],[-121.982488,38.506584],[-121.982378,38.50666],[-121.982038,38.506792],[-121.981746,38.506948],[-121.981461,38.507076],[-121.980861,38.507349],[-121.98049,38.507543],[-121.98012,38.507586],[-121.979818,38.507636],[-121.979644,38.507639],[-121.97939,38.507645],[-121.979004,38.507688],[-121.978707,38.507859],[-121.978068,38.508277],[-121.977981,38.50838],[-121.976337,38.510349],[-121.975806,38.511377],[-121.975666,38.51165],[-121.975653,38.511925],[-121.975535,38.512243],[-121.975328,38.512487],[-121.975301,38.512559],[-121.975214,38.512639],[-121.975178,38.512729],[-121.974987,38.51321],[-121.9749,38.513299],[-121.974784,38.513502],[-121.974699,38.513653],[-121.974611,38.513734],[-121.973946,38.514213],[-121.973798,38.514321],[-121.973508,38.514441],[-121.973255,38.514589],[-121.972358,38.515116],[-121.971756,38.515298],[-121.971563,38.515357],[-121.971343,38.515512],[-121.971247,38.515547],[-121.971002,38.515531],[-121.970902,38.515611],[-121.970768,38.515717],[-121.970688,38.515779],[-121.969261,38.518462],[-121.968048,38.519989],[-121.967836,38.520098],[-121.967745,38.520146],[-121.967629,38.520205],[-121.967044,38.520503],[-121.96669,38.520684],[-121.966249,38.52091],[-121.965564,38.521193],[-121.965306,38.521403],[-121.964798,38.521818],[-121.964187,38.522317],[-121.963781,38.522655],[-121.963606,38.522802],[-121.96305,38.523009],[-121.962749,38.523077],[-121.962722,38.523084],[-121.961136,38.522947],[-121.960398,38.523008],[-121.959949,38.523122],[-121.958673,38.523448],[-121.958327,38.523536],[-121.958121,38.523589],[-121.957316,38.523877],[-121.956981,38.523998],[-121.955911,38.524382],[-121.955223,38.524944],[-121.954694,38.525276],[-121.954219,38.525445],[-121.954024,38.52551],[-121.95312,38.525636],[-121.953095,38.525639],[-121.952982,38.525653],[-121.95278,38.525695],[-121.952725,38.525707],[-121.951898,38.525884],[-121.950132,38.526369],[-121.948482,38.526767],[-121.947456,38.527096],[-121.944623,38.528933],[-121.943819,38.530388],[-121.943341,38.531212],[-121.943104,38.531468],[-121.943017,38.531562],[-121.942999,38.531597],[-121.942938,38.531682],[-121.942834,38.531838],[-121.942617,38.53217],[-121.942525,38.532309],[-121.942422,38.532466],[-121.942399,38.532485],[-121.942379,38.532503],[-121.94233,38.532544],[-121.942308,38.532564],[-121.941547,38.533068],[-121.941522,38.533077],[-121.941072,38.533257],[-121.940285,38.533384],[-121.939834,38.533201],[-121.939542,38.533117],[-121.939299,38.533064],[-121.938815,38.532957],[-121.938769,38.532947],[-121.938167,38.532778],[-121.938044,38.532769],[-121.937912,38.532714],[-121.937888,38.532691],[-121.937842,38.532646],[-121.937819,38.532621],[-121.937798,38.532597],[-121.937712,38.5325],[-121.937676,38.532465],[-121.937642,38.532432],[-121.937581,38.532382],[-121.937173,38.532328],[-121.936996,38.532305],[-121.936552,38.532332],[-121.93631,38.532295],[-121.935872,38.53223],[-121.934469,38.531898],[-121.934293,38.531859],[-121.933696,38.531727],[-121.933621,38.531709],[-121.932773,38.531503],[-121.93214,38.53131],[-121.930641,38.530853],[-121.929447,38.530381],[-121.927783,38.530247],[-121.927704,38.530231],[-121.926576,38.530017],[-121.926202,38.529924],[-121.925323,38.529705],[-121.92418,38.529657],[-121.922593,38.529657],[-121.922544,38.529657],[-121.921099,38.529555],[-121.919771,38.529914],[-121.918712,38.529874],[-121.916936,38.529783],[-121.915464,38.529621],[-121.914104,38.529534],[-121.913649,38.52959],[-121.911754,38.529626],[-121.911048,38.52964],[-121.908969,38.529576],[-121.908132,38.529719],[-121.907737,38.529787],[-121.906292,38.530293],[-121.905926,38.530398],[-121.905096,38.530639],[-121.904146,38.530942],[-121.90269,38.531537],[-121.901586,38.532017],[-121.900484,38.532378],[-121.899362,38.532586],[-121.898512,38.532745],[-121.897076,38.532928],[-121.895575,38.533119],[-121.893784,38.533429],[-121.893545,38.533552],[-121.892642,38.534022],[-121.89224,38.534231],[-121.89113,38.535097],[-121.890587,38.535923],[-121.889857,38.536674],[-121.888421,38.537819],[-121.887377,38.538076],[-121.885882,38.53876],[-121.884441,38.539028],[-121.883609,38.53905],[-121.882573,38.538758],[-121.88139,38.538197],[-121.880691,38.538042],[-121.880618,38.538026],[-121.879824,38.537989],[-121.87764,38.537998],[-121.876077,38.538043],[-121.875861,38.538064],[-121.875213,38.538128],[-121.874998,38.53815],[-121.874036,38.538248],[-121.873003,38.538473],[-121.872222,38.53851],[-121.872197,38.538512],[-121.87172,38.538484],[-121.870456,38.538214],[-121.868983,38.537942],[-121.868256,38.537677],[-121.867439,38.537435],[-121.86668,38.537357],[-121.866023,38.537386],[-121.86514,38.537553],[-121.864075,38.538061],[-121.863817,38.538185],[-121.863384,38.538263],[-121.862673,38.53838],[-121.862045,38.538484],[-121.861323,38.538495],[-121.86012,38.538512],[-121.857692,38.538158],[-121.857289,38.538096],[-121.856413,38.537818],[-121.855839,38.537615],[-121.855229,38.537377],[-121.854559,38.536945],[-121.853738,38.536794],[-121.851901,38.536761],[-121.851237,38.536791],[-121.850793,38.536814],[-121.850382,38.536835],[-121.849414,38.536732],[-121.848797,38.536609],[-121.847106,38.535983],[-121.844892,38.535441],[-121.84406,38.535238],[-121.84249,38.534519],[-121.841905,38.53422],[-121.840112,38.533639],[-121.839293,38.533374],[-121.839115,38.533254],[-121.838659,38.532946],[-121.837446,38.53229],[-121.83601,38.531584],[-121.834718,38.530821],[-121.834605,38.530766],[-121.834007,38.530475],[-121.832557,38.529757],[-121.831335,38.529686],[-121.830234,38.5295],[-121.829309,38.52949],[-121.82832,38.529443],[-121.82805,38.529431],[-121.826707,38.529464],[-121.825724,38.529358],[-121.825143,38.529296],[-121.823021,38.52863],[-121.822234,38.528376],[-121.821989,38.528315],[-121.821703,38.528287],[-121.821185,38.528237],[-121.82078,38.528097],[-121.820415,38.527971],[-121.818992,38.527666],[-121.818134,38.527365],[-121.817023,38.52711],[-121.815515,38.526581],[-121.814634,38.526317],[-121.81333,38.526023],[-121.812512,38.526039],[-121.812428,38.526048],[-121.811336,38.526179],[-121.810336,38.526404],[-121.809213,38.526883],[-121.808515,38.526842],[-121.807898,38.526848],[-121.807227,38.52697],[-121.80638,38.526892],[-121.803852,38.52689],[-121.803484,38.526802],[-121.803047,38.526697],[-121.80255,38.526757],[-121.802019,38.526801],[-121.801606,38.526872],[-121.801084,38.526925],[-121.800724,38.526961],[-121.800362,38.526998],[-121.799949,38.527103],[-121.799654,38.527101],[-121.799293,38.527099],[-121.799061,38.527097],[-121.798844,38.527092],[-121.798469,38.527093],[-121.797886,38.527097],[-121.797606,38.527124],[-121.797257,38.527124],[-121.796662,38.527086],[-121.796348,38.52708],[-121.796001,38.527054],[-121.7959,38.527047],[-121.795725,38.526998],[-121.795187,38.526943],[-121.794951,38.526939],[-121.794762,38.526937],[-121.794303,38.526694],[-121.794095,38.526584],[-121.793356,38.526193],[-121.79205,38.525615],[-121.791669,38.525447],[-121.791219,38.525153],[-121.789846,38.524492],[-121.788697,38.524095],[-121.78722,38.523364],[-121.786471,38.523122],[-121.785811,38.523074],[-121.785052,38.523163],[-121.783559,38.523287],[-121.783582,38.523459],[-121.783617,38.523908],[-121.783634,38.524129],[-121.783728,38.524492],[-121.783348,38.526111],[-121.783214,38.526222],[-121.783196,38.526392],[-121.783181,38.526539],[-121.783116,38.52674],[-121.783076,38.526861],[-121.783034,38.52701],[-121.782908,38.527217],[-121.782229,38.527884],[-121.782222,38.527912],[-121.782068,38.528021],[-121.7819,38.528185],[-121.781739,38.528316],[-121.781579,38.528432],[-121.781565,38.528469],[-121.781257,38.528748],[-121.780802,38.529033],[-121.780656,38.529114],[-121.780495,38.529245],[-121.780355,38.529398],[-121.780146,38.529529],[-121.780097,38.529601],[-121.779698,38.529912],[-121.779285,38.530092],[-121.779257,38.530108],[-121.779104,38.530157],[-121.778874,38.530222],[-121.778399,38.530271],[-121.77731,38.530185],[-121.777073,38.530152],[-121.776857,38.530113],[-121.776803,38.530121],[-121.77664,38.530145],[-121.776353,38.530195],[-121.775947,38.53037],[-121.775499,38.530628],[-121.775443,38.530667],[-121.774813,38.530985],[-121.774637,38.531062],[-121.773917,38.531463],[-121.773875,38.53149],[-121.773447,38.531688],[-121.773111,38.531869],[-121.773034,38.531902],[-121.772117,38.532197],[-121.771677,38.532301],[-121.771403,38.532345],[-121.771193,38.532329],[-121.771151,38.532323],[-121.771053,38.532323],[-121.770997,38.532318],[-121.770857,38.53229],[-121.770676,38.532229],[-121.770319,38.532025],[-121.770053,38.53185],[-121.769886,38.531712],[-121.769725,38.531607],[-121.769571,38.53148],[-121.769327,38.53131],[-121.769089,38.531156],[-121.768928,38.531079],[-121.768875,38.531038],[-121.768857,38.531024],[-121.768778,38.530965],[-121.768726,38.530937],[-121.768504,38.530819],[-121.768525,38.530186],[-121.768486,38.529275],[-121.768436,38.528376],[-121.768422,38.528142],[-121.768406,38.528016],[-121.768386,38.527858],[-121.768345,38.527681],[-121.768283,38.527469],[-121.768156,38.527178],[-121.767964,38.526894],[-121.767744,38.526642],[-121.767537,38.526489],[-121.7674,38.526386],[-121.767053,38.526183],[-121.766639,38.525997],[-121.766392,38.525919],[-121.766108,38.525858],[-121.765728,38.525837],[-121.765428,38.525833],[-121.7651,38.525856],[-121.764717,38.525917],[-121.764439,38.525997],[-121.764147,38.526103],[-121.763589,38.526386],[-121.76305,38.526689],[-121.762751,38.526873],[-121.762506,38.527023],[-121.761936,38.527328],[-121.761533,38.527606],[-121.760922,38.527953],[-121.760281,38.528294],[-121.759703,38.528536],[-121.758381,38.529053],[-121.757983,38.529217],[-121.757197,38.529514],[-121.757071,38.529543],[-121.756944,38.529572],[-121.756817,38.5296],[-121.756669,38.529633],[-121.755778,38.52975],[-121.755258,38.529808],[-121.754688,38.529894],[-121.752412,38.530199],[-121.751352,38.530327],[-121.750875,38.530364],[-121.749629,38.530738],[-121.749059,38.530909],[-121.748911,38.530954],[-121.748769,38.530997],[-121.747843,38.531322],[-121.747786,38.531342],[-121.746647,38.531828],[-121.746173,38.532071],[-121.746122,38.532099],[-121.745647,38.532343],[-121.745584,38.532374],[-121.745531,38.532403],[-121.744628,38.532936],[-121.7438,38.533486],[-121.742831,38.534208],[-121.742477,38.534502],[-121.740867,38.535836],[-121.73985,38.536661],[-121.739043,38.537331],[-121.738675,38.537635],[-121.738594,38.537704],[-121.738457,38.537655],[-121.738356,38.537621],[-121.738223,38.537577],[-121.738076,38.537535],[-121.738043,38.537525],[-121.738027,38.537521],[-121.73784,38.537481],[-121.737778,38.537469],[-121.737639,38.537442],[-121.737589,38.537432],[-121.737442,38.537421],[-121.737295,38.537421],[-121.735903,38.537531],[-121.735658,38.537543],[-121.735265,38.537547],[-121.735211,38.537548],[-121.735154,38.537545],[-121.734891,38.537533],[-121.734824,38.53753],[-121.734715,38.537526],[-121.734641,38.537522],[-121.734619,38.537521],[-121.734602,38.537521],[-121.734554,38.537515],[-121.734386,38.537494],[-121.734334,38.537481],[-121.734241,38.537459],[-121.734155,38.537439],[-121.733931,38.537329],[-121.733742,38.537214],[-121.733595,38.537093],[-121.733273,38.53678],[-121.733035,38.536615],[-121.732762,38.53644],[-121.732679,38.536401],[-121.732588,38.536352],[-121.732413,38.53628],[-121.732189,38.536198],[-121.731979,38.536143],[-121.731755,38.536116],[-121.731636,38.536106],[-121.73089,38.536044],[-121.730779,38.536034],[-121.730449,38.536007],[-121.73037,38.536001],[-121.730339,38.536001],[-121.730201,38.536001],[-121.73014,38.536001],[-121.72979,38.53599],[-121.729653,38.535986],[-121.729474,38.53598],[-121.728939,38.535963],[-121.728923,38.535963],[-121.728762,38.535977],[-121.728727,38.53598],[-121.728636,38.535993],[-121.728259,38.536049],[-121.728134,38.536069],[-121.727776,38.536123],[-121.726587,38.536249],[-121.726426,38.53625],[-121.726105,38.536217],[-121.725881,38.536184],[-121.725692,38.536162],[-121.725308,38.536097],[-121.724225,38.535914],[-121.724055,38.535854],[-121.723843,38.535743],[-121.723701,38.535627],[-121.723156,38.53515],[-121.722873,38.534979],[-121.72276,38.534924],[-121.722647,38.534902],[-121.722442,38.534875],[-121.722202,38.53487],[-121.72194,38.534875],[-121.721212,38.534921],[-121.720788,38.535006],[-121.720118,38.535156],[-121.719821,38.535219],[-121.719256,38.535436],[-121.718846,38.535643],[-121.718592,38.535764],[-121.718331,38.535882],[-121.718105,38.535994],[-121.71795,38.536055],[-121.716919,38.536512],[-121.71682,38.536551],[-121.716602,38.536651],[-121.716375,38.53674],[-121.71487,38.537232],[-121.714849,38.537259],[-121.714638,38.537326],[-121.714398,38.537393],[-121.713358,38.537705],[-121.712878,38.537843],[-121.712629,38.537911],[-121.712034,38.537962],[-121.710887,38.537427],[-121.710568,38.537043],[-121.710489,38.536678],[-121.710207,38.535749],[-121.709804,38.535395],[-121.709391,38.535267],[-121.709226,38.535267],[-121.708731,38.535184],[-121.708671,38.535175],[-121.708638,38.535171],[-121.708541,38.53528],[-121.708502,38.535325],[-121.708413,38.535427],[-121.708387,38.535429],[-121.708142,38.535444],[-121.707976,38.535399],[-121.70736,38.534887],[-121.706929,38.534245],[-121.706836,38.534115],[-121.706499,38.533646],[-121.706434,38.533555],[-121.706404,38.533512],[-121.706354,38.533441],[-121.706352,38.533248],[-121.706351,38.533138],[-121.706375,38.532691],[-121.706383,38.532546],[-121.706143,38.532034],[-121.705951,38.531874],[-121.705572,38.531842],[-121.705183,38.531986],[-121.705151,38.531986],[-121.70512,38.532021],[-121.705027,38.532125],[-121.704997,38.532161],[-121.704978,38.532184],[-121.704943,38.532226],[-121.704852,38.532215],[-121.704655,38.532194],[-121.704623,38.531954],[-121.704582,38.531879],[-121.704533,38.531787],[-121.7045,38.531725],[-121.704441,38.531615],[-121.704399,38.531538],[-121.704343,38.531259],[-121.704319,38.531138],[-121.704325,38.530994],[-121.704344,38.530561],[-121.704351,38.530418],[-121.703755,38.530386],[-121.7034,38.530291],[-121.703215,38.530083],[-121.703023,38.529655],[-121.702998,38.529385],[-121.702991,38.529299],[-121.702874,38.528932],[-121.702271,38.528991],[-121.702215,38.528947],[-121.701947,38.528735],[-121.701315,38.528006],[-121.700735,38.527427],[-121.699953,38.527233],[-121.699485,38.527252],[-121.698895,38.527361],[-121.698521,38.527232],[-121.69818,38.527015],[-121.697311,38.52685],[-121.696565,38.52688],[-121.69622,38.526941],[-121.695893,38.526992],[-121.695484,38.527009],[-121.694971,38.527012],[-121.694677,38.527054],[-121.694711,38.525772],[-121.694778,38.525452],[-121.694822,38.525236],[-121.695049,38.524123],[-121.695089,38.523942],[-121.695147,38.523156],[-121.695153,38.522772],[-121.69513,38.521913],[-121.695129,38.521863],[-121.695167,38.521767],[-121.695167,38.521743],[-121.695167,38.521523],[-121.69517,38.521074],[-121.695172,38.520442],[-121.695183,38.519468],[-121.695186,38.519095],[-121.695194,38.517956],[-121.695205,38.517511],[-121.695222,38.516875],[-121.695222,38.515772],[-121.695258,38.514804],[-121.695261,38.514734],[-121.695269,38.513961],[-121.695306,38.511433],[-121.695345,38.511197],[-121.695345,38.511154],[-121.695348,38.510995],[-121.695348,38.510716],[-121.695374,38.509206],[-121.695422,38.506303],[-121.695422,38.506289],[-121.695433,38.505656],[-121.695433,38.505612],[-121.695439,38.505289],[-121.695444,38.504803],[-121.695478,38.503897],[-121.695489,38.503025],[-121.695481,38.502191],[-121.695481,38.502141],[-121.695519,38.501381],[-121.695522,38.501314],[-121.695542,38.499966],[-121.695617,38.494925],[-121.695714,38.489933],[-121.695752,38.488965],[-121.695792,38.487964],[-121.695797,38.487615],[-121.695517,38.487606],[-121.695431,38.487605],[-121.693816,38.487603],[-121.69378,38.487603],[-121.693639,38.487604],[-121.693664,38.486111],[-121.693665,38.486002],[-121.693669,38.48515],[-121.693672,38.48478],[-121.693672,38.482547],[-121.693675,38.481811],[-121.693677,38.481266],[-121.693708,38.474636],[-121.693724,38.473858],[-121.693723,38.473846],[-121.693722,38.473835],[-121.693719,38.473805],[-121.693718,38.473794],[-121.693714,38.47376],[-121.693709,38.473713],[-121.693701,38.473644],[-121.693697,38.473608],[-121.693696,38.473494],[-121.693694,38.473243],[-121.693694,38.473223],[-121.693686,38.472328],[-121.693706,38.468789],[-121.693694,38.466701],[-121.693689,38.465569],[-121.693686,38.462931],[-121.693675,38.461725],[-121.693639,38.459744],[-121.693614,38.459242],[-121.693615,38.458322],[-121.693619,38.455828],[-121.693614,38.454892],[-121.693621,38.453486],[-121.693606,38.452425],[-121.693603,38.452205],[-121.693707,38.452193],[-121.693698,38.451592],[-121.693733,38.450503],[-121.693697,38.447414],[-121.693683,38.445037],[-121.693681,38.444728],[-121.693722,38.434069],[-121.693725,38.430425],[-121.693722,38.429979],[-121.693731,38.428161],[-121.693732,38.428056],[-121.693742,38.42653],[-121.693756,38.424491],[-121.693765,38.423061],[-121.693769,38.422514],[-121.693769,38.422124],[-121.693769,38.419217],[-121.693765,38.418727],[-121.693753,38.417361],[-121.693764,38.416635],[-121.69377,38.416269],[-121.693775,38.415908]]]}},{"type":"Feature","properties":{"district":"5"},"geometry":{"type":"Polygon","coordinates":[[[-121.98243,38.25297],[-121.982154,38.252555],[-121.981855,38.252148],[-121.981258,38.251468],[-121.980716,38.25096],[-121.980374,38.250644],[-121.979455,38.249998],[-121.979108,38.249789],[-121.979103,38.249609],[-121.979108,38.248705],[-121.979102,38.247827],[-121.979102,38.246685],[-121.979105,38.246139],[-121.979132,38.245957],[-121.979126,38.245269],[-121.979122,38.244718],[-121.979092,38.243364],[-121.978422,38.243356],[-121.977932,38.243353],[-121.974532,38.243335],[-121.974416,38.250161],[-121.974409,38.250548],[-121.969906,38.250521],[-121.969901,38.250099],[-121.969939,38.244631],[-121.969947,38.243528],[-121.969949,38.243362],[-121.969948,38.243305],[-121.969569,38.243296],[-121.965606,38.243208],[-121.964033,38.243211],[-121.963899,38.243108],[-121.962912,38.242326],[-121.962518,38.241988],[-121.962085,38.241566],[-121.960876,38.240523],[-121.960832,38.240486],[-121.960876,38.237398],[-121.96093,38.237087],[-121.959415,38.23733],[-121.959197,38.237498],[-121.958215,38.237533],[-121.957854,38.237746],[-121.951735,38.2398],[-121.951733,38.241564],[-121.951738,38.242105],[-121.951743,38.242677],[-121.951744,38.242758],[-121.951736,38.242956],[-121.951683,38.243014],[-121.951605,38.243043],[-121.951569,38.243056],[-121.951458,38.243064],[-121.949675,38.243042],[-121.942449,38.243017],[-121.942405,38.246666],[-121.942409,38.246709],[-121.942259,38.246709],[-121.940106,38.246711],[-121.940118,38.24746],[-121.937925,38.248528],[-121.935769,38.249561],[-121.935644,38.249622],[-121.935503,38.249753],[-121.935434,38.24985],[-121.935381,38.250019],[-121.935347,38.250172],[-121.935299,38.250281],[-121.935278,38.250328],[-121.935158,38.250481],[-121.934856,38.250783],[-121.934653,38.251014],[-121.934383,38.251508],[-121.934142,38.251886],[-121.933992,38.252083],[-121.933778,38.252336],[-121.933211,38.253067],[-121.933139,38.253197],[-121.9331,38.253322],[-121.933092,38.253522],[-121.933094,38.253633],[-121.932716,38.253875],[-121.932542,38.253951],[-121.932452,38.253973],[-121.93227,38.253995],[-121.931901,38.254023],[-121.931762,38.25405],[-121.931678,38.254083],[-121.931595,38.254127],[-121.931476,38.254231],[-121.931379,38.254413],[-121.931337,38.25455],[-121.931295,38.254797],[-121.931246,38.255286],[-121.931197,38.255457],[-121.931163,38.255539],[-121.931107,38.255627],[-121.930974,38.25577],[-121.9308,38.255907],[-121.930654,38.255995],[-121.930417,38.256072],[-121.930132,38.256132],[-121.93002,38.256253],[-121.929985,38.256407],[-121.93,38.256421],[-121.93002,38.256473],[-121.930041,38.256555],[-121.930069,38.256594],[-121.930083,38.256654],[-121.930299,38.256962],[-121.930638,38.257349],[-121.930689,38.257407],[-121.930926,38.257714],[-121.930898,38.258231],[-121.930716,38.259038],[-121.930466,38.259917],[-121.930013,38.260236],[-121.928661,38.261131],[-121.928675,38.261235],[-121.92871,38.26129],[-121.928891,38.261455],[-121.92958,38.26201],[-121.929671,38.262109],[-121.930188,38.262527],[-121.930514,38.26279],[-121.930618,38.262889],[-121.931552,38.263647],[-121.931677,38.263763],[-121.931893,38.263916],[-121.932054,38.264076],[-121.932486,38.264405],[-121.932527,38.264526],[-121.932507,38.264702],[-121.932551,38.265093],[-121.932564,38.265111],[-121.932555,38.265136],[-121.932541,38.26563],[-121.932552,38.266508],[-121.933485,38.266382],[-121.933858,38.266394],[-121.934995,38.266394],[-121.935378,38.266394],[-121.936675,38.266411],[-121.936868,38.266404],[-121.937075,38.266397],[-121.938269,38.266408],[-121.938497,38.266436],[-121.940014,38.266422],[-121.942303,38.266431],[-121.942381,38.266431],[-121.943017,38.266435],[-121.944389,38.266445],[-121.945944,38.26645],[-121.945936,38.267364],[-121.946244,38.267376],[-121.948106,38.26747],[-121.948358,38.267515],[-121.949217,38.267658],[-121.949217,38.268403],[-121.949506,38.268406],[-121.949637,38.268398],[-121.94975,38.268405],[-121.949902,38.268466],[-121.949976,38.268472],[-121.950051,38.26843],[-121.950177,38.267947],[-121.951239,38.268306],[-121.951517,38.268375],[-121.951738,38.268424],[-121.952242,38.268442],[-121.954831,38.268458],[-121.955422,38.268472],[-121.955481,38.268467],[-121.955744,38.268447],[-121.956044,38.268378],[-121.95635,38.26825],[-121.957212,38.267849],[-121.957519,38.267778],[-121.957811,38.267758],[-121.958436,38.267767],[-121.958558,38.267781],[-121.958678,38.267794],[-121.958769,38.267867],[-121.958861,38.267967],[-121.958892,38.268075],[-121.958908,38.268369],[-121.958925,38.269597],[-121.958925,38.271136],[-121.958938,38.27141],[-121.958956,38.27181],[-121.958996,38.271812],[-121.959759,38.271849],[-121.960005,38.271861],[-121.960273,38.271874],[-121.960729,38.271897],[-121.96192,38.271996],[-121.962888,38.27205],[-121.965423,38.272097],[-121.969947,38.272179],[-121.97487,38.272178],[-121.974955,38.272178],[-121.975285,38.272178],[-121.975302,38.272362],[-121.977325,38.272372],[-121.978706,38.272367],[-121.982172,38.272369],[-121.982833,38.272375],[-121.983152,38.272367],[-121.983533,38.272358],[-121.984361,38.272308],[-121.984772,38.272261],[-121.985125,38.272211],[-121.985586,38.272131],[-121.986133,38.272006],[-121.987558,38.271583],[-121.987961,38.271489],[-121.987967,38.271646],[-121.988619,38.271489],[-121.989119,38.27135],[-121.989683,38.271242],[-121.990344,38.27115],[-121.990875,38.271139],[-121.991375,38.271144],[-121.992059,38.271206],[-121.992142,38.271214],[-121.992781,38.271314],[-121.993496,38.271473],[-121.993565,38.271489],[-121.993695,38.271418],[-121.994531,38.271608],[-121.994617,38.271626],[-121.995077,38.271725],[-121.995956,38.271914],[-121.997606,38.272292],[-121.998808,38.272475],[-121.999506,38.272528],[-121.999983,38.272539],[-122.000433,38.272533],[-122.001844,38.272547],[-122.002672,38.272544],[-122.003803,38.272558],[-122.003953,38.272559],[-122.004737,38.272562],[-122.005131,38.272564],[-122.006542,38.272569],[-122.008167,38.272597],[-122.010057,38.272607],[-122.010203,38.272608],[-122.011547,38.272628],[-122.014365,38.272649],[-122.015947,38.272661],[-122.016128,38.272662],[-122.017878,38.272675],[-122.02083,38.272697],[-122.021661,38.272703],[-122.023303,38.272739],[-122.024947,38.272731],[-122.025344,38.272725],[-122.026569,38.272756],[-122.026914,38.272764],[-122.030142,38.272781],[-122.030919,38.272794],[-122.031228,38.2728],[-122.032197,38.272883],[-122.033372,38.273],[-122.033825,38.273019],[-122.034047,38.273019],[-122.034236,38.273017],[-122.034417,38.273017],[-122.035306,38.272978],[-122.036581,38.272875],[-122.036722,38.272869],[-122.037358,38.272839],[-122.038381,38.272858],[-122.039001,38.272861],[-122.041592,38.272875],[-122.042361,38.272886],[-122.042789,38.272892],[-122.043443,38.272901],[-122.043853,38.272906],[-122.045256,38.272897],[-122.046414,38.272956],[-122.047567,38.273056],[-122.048997,38.273208],[-122.049619,38.273281],[-122.049928,38.273317],[-122.049817,38.27345],[-122.049231,38.27413],[-122.048703,38.274731],[-122.047967,38.275678],[-122.047361,38.276317],[-122.047194,38.276519],[-122.046514,38.277344],[-122.044336,38.279928],[-122.041922,38.282747],[-122.041464,38.283288],[-122.040846,38.284021],[-122.040711,38.284181],[-122.038225,38.287086],[-122.03809,38.287255],[-122.037094,38.288458],[-122.036504,38.289144],[-122.035478,38.290342],[-122.035081,38.290864],[-122.034842,38.291281],[-122.034683,38.291583],[-122.03445,38.292272],[-122.034375,38.29255],[-122.034286,38.293011],[-122.034244,38.293353],[-122.034228,38.293714],[-122.034219,38.294264],[-122.034199,38.295195],[-122.034197,38.295246],[-122.0339,38.295106],[-122.033889,38.296067],[-122.033884,38.296261],[-122.0338,38.299514],[-122.033781,38.3002],[-122.033764,38.300783],[-122.033753,38.301459],[-122.034077,38.301469],[-122.034068,38.301784],[-122.034047,38.302542],[-122.034002,38.30562],[-122.033992,38.306281],[-122.033975,38.306747],[-122.033811,38.308306],[-122.033747,38.308769],[-122.033579,38.309745],[-122.033433,38.310597],[-122.033278,38.311697],[-122.033139,38.312436],[-122.033017,38.312992],[-122.03292,38.313337],[-122.032769,38.313878],[-122.032652,38.314233],[-122.032619,38.314333],[-122.032489,38.314656],[-122.03244,38.314751],[-122.032117,38.315388],[-122.031809,38.315367],[-122.031229,38.31538],[-122.031657,38.314543],[-122.031892,38.314085],[-122.030105,38.313736],[-122.028214,38.313397],[-122.026489,38.313779],[-122.026346,38.313798],[-122.025723,38.313674],[-122.025378,38.313604],[-122.025181,38.313374],[-122.024679,38.312787],[-122.024513,38.311895],[-122.022718,38.310896],[-122.022555,38.310793],[-122.02164,38.310312],[-122.020831,38.310121],[-122.020247,38.309988],[-122.019719,38.309694],[-122.019064,38.309234],[-122.018584,38.308825],[-122.017223,38.308803],[-122.015487,38.308775],[-122.014868,38.308762],[-122.013017,38.308725],[-122.012694,38.308721],[-122.012157,38.308718],[-122.011864,38.308718],[-122.009277,38.308721],[-122.009211,38.308724],[-122.006754,38.308808],[-122.005383,38.308805],[-122.001569,38.308728],[-122.00112,38.308718],[-122.001042,38.308719],[-122.000994,38.308718],[-122.000265,38.308278],[-122.000151,38.308279],[-121.999912,38.308282],[-121.998802,38.308675],[-121.99739,38.308644],[-121.997389,38.308707],[-121.997392,38.308758],[-121.997385,38.309182],[-121.99734,38.309184],[-121.997339,38.310346],[-121.99734,38.310367],[-121.997336,38.311033],[-121.997369,38.311544],[-121.997369,38.311933],[-121.997344,38.312347],[-121.997308,38.312653],[-121.997297,38.312725],[-121.997247,38.313056],[-121.997242,38.313625],[-121.997278,38.314581],[-121.997328,38.314764],[-121.997369,38.314803],[-121.997567,38.314814],[-121.997803,38.314797],[-121.998036,38.314794],[-121.998267,38.314844],[-121.998389,38.314878],[-121.998547,38.314958],[-121.998614,38.315003],[-121.998725,38.315156],[-121.998933,38.315569],[-121.998978,38.315697],[-121.999027,38.315749],[-121.99738,38.315755],[-121.990449,38.315689],[-121.989108,38.315651],[-121.987769,38.315643],[-121.987602,38.315641],[-121.976706,38.315692],[-121.976418,38.3157],[-121.976188,38.315696],[-121.975123,38.3157],[-121.970834,38.315729],[-121.970532,38.315723],[-121.970516,38.315726],[-121.970193,38.315788],[-121.969397,38.315764],[-121.966759,38.315746],[-121.965583,38.315739],[-121.965053,38.315736],[-121.964827,38.315736],[-121.964578,38.315732],[-121.96378,38.315727],[-121.963729,38.315917],[-121.963569,38.316508],[-121.963543,38.316592],[-121.963506,38.31671],[-121.963486,38.316775],[-121.963417,38.316933],[-121.961639,38.319575],[-121.96125,38.320124],[-121.96108,38.320048],[-121.959721,38.321989],[-121.959492,38.322332],[-121.959263,38.322647],[-121.959067,38.322948],[-121.959053,38.322992],[-121.95901,38.323134],[-121.958977,38.323301],[-121.958967,38.323444],[-121.958996,38.323583],[-121.95974,38.325211],[-121.959936,38.325626],[-121.960095,38.325961],[-121.960956,38.327791],[-121.961104,38.328108],[-121.961163,38.328224],[-121.961224,38.328363],[-121.961253,38.328456],[-121.961279,38.328555],[-121.961296,38.328654],[-121.961287,38.328805],[-121.961287,38.329245],[-121.961288,38.329298],[-121.961293,38.330432],[-121.961296,38.330595],[-121.961323,38.330711],[-121.961802,38.332454],[-121.962368,38.334546],[-121.962427,38.334772],[-121.962455,38.33488],[-121.962473,38.334991],[-121.962473,38.335113],[-121.962479,38.33539],[-121.962484,38.336065],[-121.962484,38.336526],[-121.962455,38.338028],[-121.962447,38.338466],[-121.962431,38.339318],[-121.962416,38.340075],[-121.962419,38.340261],[-121.96243,38.341009],[-121.962409,38.341058],[-121.962353,38.341141],[-121.962311,38.341188],[-121.962193,38.341317],[-121.961754,38.341652],[-121.961562,38.341789],[-121.961454,38.341866],[-121.960408,38.342679],[-121.96023,38.342819],[-121.960212,38.342828],[-121.959892,38.343075],[-121.959829,38.343102],[-121.959027,38.343718],[-121.95819,38.344344],[-121.958064,38.344448],[-121.958002,38.344525],[-121.957904,38.344679],[-121.957827,38.344817],[-121.957806,38.344877],[-121.957795,38.346308],[-121.957793,38.346514],[-121.957805,38.346852],[-121.957856,38.34707],[-121.958132,38.348366],[-121.958652,38.350697],[-121.958827,38.351628],[-121.958841,38.351722],[-121.958838,38.351803],[-121.957056,38.351764],[-121.956642,38.351756],[-121.956456,38.35172],[-121.956219,38.351722],[-121.954775,38.351686],[-121.953267,38.351658],[-121.953267,38.351806],[-121.95305,38.351803],[-121.953039,38.352233],[-121.95305,38.352775],[-121.953068,38.353589],[-121.953067,38.353739],[-121.953061,38.355114],[-121.953011,38.356689],[-121.952997,38.356781],[-121.952969,38.356986],[-121.952892,38.357256],[-121.952803,38.357508],[-121.952708,38.357714],[-121.952417,38.358033],[-121.95221,38.358232],[-121.952042,38.358344],[-121.951769,38.358503],[-121.9515,38.358631],[-121.951101,38.358782],[-121.950978,38.358846],[-121.950681,38.359028],[-121.950467,38.359178],[-121.950225,38.359389],[-121.949975,38.359706],[-121.949781,38.360017],[-121.949735,38.360175],[-121.949672,38.360394],[-121.949663,38.360478],[-121.949647,38.360613],[-121.949628,38.360783],[-121.949644,38.361047],[-121.949717,38.361569],[-121.949772,38.362228],[-121.949789,38.362286],[-121.949661,38.3623],[-121.949525,38.362338],[-121.949272,38.362505],[-121.94937,38.362603],[-121.949459,38.362678],[-121.950014,38.363028],[-121.950636,38.363444],[-121.951175,38.363797],[-121.953272,38.365169],[-121.953677,38.365314],[-121.953781,38.365383],[-121.954186,38.365656],[-121.9545,38.365925],[-121.954656,38.366081],[-121.954722,38.366151],[-121.954842,38.366314],[-121.955222,38.367197],[-121.955347,38.367469],[-121.955472,38.367694],[-121.955603,38.367872],[-121.9558,38.368064],[-121.956172,38.368342],[-121.956281,38.368417],[-121.956621,38.368638],[-121.957156,38.369061],[-121.957553,38.369392],[-121.957692,38.369508],[-121.956314,38.370586],[-121.955831,38.371006],[-121.95515,38.371597],[-121.954214,38.372375],[-121.953358,38.373031],[-121.953136,38.373231],[-121.952868,38.373432],[-121.9521,38.374008],[-121.951356,38.374597],[-121.951228,38.3747],[-121.950772,38.375019],[-121.950367,38.375325],[-121.948706,38.376622],[-121.946983,38.377947],[-121.945069,38.379433],[-121.943339,38.380761],[-121.941452,38.382178],[-121.93895,38.384058],[-121.937657,38.385065],[-121.936548,38.385903],[-121.936481,38.385953],[-121.935047,38.387069],[-121.933798,38.388021],[-121.933707,38.388091],[-121.932571,38.388974],[-121.93115,38.390089],[-121.930803,38.390356],[-121.930169,38.390844],[-121.929779,38.391152],[-121.927311,38.393114],[-121.926661,38.39361],[-121.925558,38.394453],[-121.92461,38.395211],[-121.924469,38.395325],[-121.920356,38.398556],[-121.918853,38.399706],[-121.917839,38.400508],[-121.916979,38.401172],[-121.916619,38.40145],[-121.915553,38.402284],[-121.915042,38.402683],[-121.913906,38.403553],[-121.912884,38.404338],[-121.912225,38.404844],[-121.908656,38.407508],[-121.906744,38.408989],[-121.905945,38.409595],[-121.902536,38.412183],[-121.901608,38.412889],[-121.900929,38.413409],[-121.900526,38.413718],[-121.899372,38.414603],[-121.897233,38.416244],[-121.897028,38.416164],[-121.896928,38.416125],[-121.896824,38.416091],[-121.896799,38.416083],[-121.896294,38.415919],[-121.896036,38.415864],[-121.895304,38.415703],[-121.895292,38.4157],[-121.894922,38.415675],[-121.894489,38.415692],[-121.893986,38.415817],[-121.893567,38.415958],[-121.893264,38.416097],[-121.892778,38.416325],[-121.891869,38.416728],[-121.891583,38.416819],[-121.891278,38.416886],[-121.890953,38.416925],[-121.889906,38.416931],[-121.889261,38.416936],[-121.888813,38.416931],[-121.888746,38.41693],[-121.888682,38.416929],[-121.887689,38.416917],[-121.887239,38.416918],[-121.887148,38.416917],[-121.885688,38.416906],[-121.883228,38.416908],[-121.880619,38.416892],[-121.8795,38.416892],[-121.878072,38.416881],[-121.875014,38.416883],[-121.873461,38.416874],[-121.873365,38.416873],[-121.873247,38.416872],[-121.873197,38.416872],[-121.868767,38.416847],[-121.865058,38.416844],[-121.859664,38.4168],[-121.859239,38.4168],[-121.85705,38.416769],[-121.854381,38.416758],[-121.851708,38.416728],[-121.850679,38.416715],[-121.850308,38.416711],[-121.849778,38.416725],[-121.84765,38.416708],[-121.841997,38.416689],[-121.84125,38.416675],[-121.839975,38.416647],[-121.837469,38.41665],[-121.831997,38.416608],[-121.828189,38.416575],[-121.827397,38.416572],[-121.823153,38.416544],[-121.822977,38.41654],[-121.822706,38.416533],[-121.822044,38.41652],[-121.821383,38.416506],[-121.820764,38.416492],[-121.81845,38.416452],[-121.817017,38.416428],[-121.813453,38.416358],[-121.806761,38.416389],[-121.804596,38.416389],[-121.804328,38.416389],[-121.801336,38.416386],[-121.798222,38.416369],[-121.795306,38.416365],[-121.79465,38.416364],[-121.794606,38.416364],[-121.793619,38.416361],[-121.78614,38.416326],[-121.785939,38.416325],[-121.783625,38.416313],[-121.781119,38.4163],[-121.776729,38.416269],[-121.772661,38.416244],[-121.768489,38.416208],[-121.767587,38.416205],[-121.764758,38.416194],[-121.762923,38.416197],[-121.761639,38.4162],[-121.758333,38.416189],[-121.753703,38.416194],[-121.7498,38.416181],[-121.749078,38.416172],[-121.742511,38.416147],[-121.741211,38.416142],[-121.739836,38.416136],[-121.737775,38.416117],[-121.735378,38.416108],[-121.732792,38.416083],[-121.731331,38.416061],[-121.730657,38.416059],[-121.729746,38.416058],[-121.729683,38.416058],[-121.728561,38.416042],[-121.723239,38.416019],[-121.721419,38.416022],[-121.721292,38.416022],[-121.719575,38.416011],[-121.717394,38.416011],[-121.713042,38.415989],[-121.708853,38.415983],[-121.702947,38.415953],[-121.702269,38.415947],[-121.700218,38.415947],[-121.699952,38.415947],[-121.699781,38.415947],[-121.69848,38.415936],[-121.697114,38.415925],[-121.693992,38.415911],[-121.693775,38.415908],[-121.693783,38.415375],[-121.693768,38.408861],[-121.693767,38.408628],[-121.693767,38.408522],[-121.693769,38.408126],[-121.693778,38.406114],[-121.693773,38.403642],[-121.693773,38.403628],[-121.693772,38.403217],[-121.693769,38.401961],[-121.693776,38.401367],[-121.693797,38.400264],[-121.693851,38.386977],[-121.693852,38.386859],[-121.69385,38.384614],[-121.693886,38.378622],[-121.693886,38.378164],[-121.693887,38.378112],[-121.693896,38.374019],[-121.693883,38.373533],[-121.693911,38.373089],[-121.693947,38.372769],[-121.693944,38.372439],[-121.693944,38.372356],[-121.693858,38.372197],[-121.693811,38.372052],[-121.693797,38.372009],[-121.693772,38.371847],[-121.693753,38.3696],[-121.693758,38.366314],[-121.693758,38.3663],[-121.693764,38.365796],[-121.693774,38.365301],[-121.693797,38.364296],[-121.693806,38.363972],[-121.693814,38.361514],[-121.693796,38.360555],[-121.693789,38.360236],[-121.693761,38.360165],[-121.693881,38.360172],[-121.693967,38.360131],[-121.693984,38.360106],[-121.694017,38.360064],[-121.694047,38.35935],[-121.694042,38.358292],[-121.694014,38.358089],[-121.694001,38.358046],[-121.693933,38.357821],[-121.6939,38.357714],[-121.693844,38.35735],[-121.693833,38.357136],[-121.693836,38.356309],[-121.693847,38.353769],[-121.693864,38.352464],[-121.693839,38.350128],[-121.693878,38.344992],[-121.693894,38.344208],[-121.693967,38.343947],[-121.694058,38.343686],[-121.694102,38.343617],[-121.694252,38.343609],[-121.694279,38.343551],[-121.694312,38.343402],[-121.6943,38.343061],[-121.6943,38.341925],[-121.694311,38.339917],[-121.694321,38.339833],[-121.694325,38.3398],[-121.694356,38.339739],[-121.694445,38.339717],[-121.694419,38.338386],[-121.694419,38.338348],[-121.694428,38.336803],[-121.694426,38.335476],[-121.694425,38.335068],[-121.694431,38.331647],[-121.694448,38.330086],[-121.694453,38.329658],[-121.694464,38.329621],[-121.694443,38.329459],[-121.69441,38.329281],[-121.694385,38.329103],[-121.694375,38.32895],[-121.694294,38.328906],[-121.694274,38.328884],[-121.694128,38.328717],[-121.694061,38.328578],[-121.694047,38.328256],[-121.694044,38.32678],[-121.694042,38.325275],[-121.694042,38.324858],[-121.694028,38.323006],[-121.694028,38.322849],[-121.694032,38.321514],[-121.694039,38.319256],[-121.694014,38.317394],[-121.694014,38.316678],[-121.694014,38.315691],[-121.694014,38.314856],[-121.694003,38.314606],[-121.693969,38.314454],[-121.69395,38.314367],[-121.693892,38.314175],[-121.693797,38.313986],[-121.693716,38.31378],[-121.693697,38.313732],[-121.69352,38.313735],[-121.693354,38.313739],[-121.693118,38.313742],[-121.692882,38.313746],[-121.692671,38.313749],[-121.69246,38.313752],[-121.692416,38.313751],[-121.692299,38.31375],[-121.692284,38.313749],[-121.692241,38.313749],[-121.692217,38.313749],[-121.692145,38.313749],[-121.692122,38.31375],[-121.692074,38.313748],[-121.691963,38.313746],[-121.69193,38.313745],[-121.691883,38.313745],[-121.690544,38.313731],[-121.686529,38.31369],[-121.685191,38.313677],[-121.685169,38.313676],[-121.685104,38.313676],[-121.685083,38.313676],[-121.684712,38.313672],[-121.683602,38.31366],[-121.683336,38.313658],[-121.683232,38.313657],[-121.681767,38.313641],[-121.677373,38.313595],[-121.675909,38.31358],[-121.675874,38.313579],[-121.675773,38.313578],[-121.675739,38.313578],[-121.67572,38.313578],[-121.674136,38.313561],[-121.669386,38.313512],[-121.667803,38.313496],[-121.667757,38.313497],[-121.667621,38.313502],[-121.667576,38.313504],[-121.667495,38.313505],[-121.667256,38.31351],[-121.667176,38.313512],[-121.667094,38.313513],[-121.66685,38.313518],[-121.666769,38.313521],[-121.666693,38.313515],[-121.666467,38.3135],[-121.666392,38.313495],[-121.665402,38.313486],[-121.662435,38.31346],[-121.661446,38.313452],[-121.660359,38.313438],[-121.657098,38.313397],[-121.656011,38.313384],[-121.655971,38.313391],[-121.655853,38.313411],[-121.655814,38.313419],[-121.655765,38.313419],[-121.655692,38.313421],[-121.655619,38.313422],[-121.655571,38.313424],[-121.655553,38.313424],[-121.655501,38.313425],[-121.655484,38.313426],[-121.655444,38.313427],[-121.655324,38.31343],[-121.655285,38.313432],[-121.655254,38.313433],[-121.65516,38.313439],[-121.65513,38.313442],[-121.654995,38.313437],[-121.654592,38.313424],[-121.654458,38.31342],[-121.654214,38.313414],[-121.653483,38.313396],[-121.65324,38.31339],[-121.653195,38.313388],[-121.653062,38.313384],[-121.653018,38.313383],[-121.652862,38.313381],[-121.652394,38.313375],[-121.652238,38.313374],[-121.652109,38.313369],[-121.651723,38.313356],[-121.651595,38.313352],[-121.651473,38.313354],[-121.65111,38.313361],[-121.650989,38.313364],[-121.650624,38.313369],[-121.649532,38.313386],[-121.649168,38.313393],[-121.649077,38.313394],[-121.648805,38.313398],[-121.648715,38.3134],[-121.648248,38.313393],[-121.646849,38.313375],[-121.646383,38.313369],[-121.646019,38.313364],[-121.64493,38.313349],[-121.644567,38.313345],[-121.639924,38.313284],[-121.631102,38.313168],[-121.630916,38.313164],[-121.630848,38.313165],[-121.630656,38.313161],[-121.630635,38.313161],[-121.630384,38.313161],[-121.616859,38.313144],[-121.616833,38.313142],[-121.616757,38.313136],[-121.616732,38.313134],[-121.616709,38.313129],[-121.61664,38.313117],[-121.616617,38.313113],[-121.616588,38.313106],[-121.616505,38.313087],[-121.616477,38.313081],[-121.616447,38.313074],[-121.616359,38.313054],[-121.61633,38.313048],[-121.614641,38.313051],[-121.609577,38.313062],[-121.60789,38.313066],[-121.604769,38.313072],[-121.594556,38.313094],[-121.594226,38.313095],[-121.594064,38.313094],[-121.593707,38.313101],[-121.593627,38.313098],[-121.593556,38.313095],[-121.59342,38.313091],[-121.593343,38.313089],[-121.593273,38.313089],[-121.593633,38.312874],[-121.593972,38.312672],[-121.59447,38.312485],[-121.594492,38.312477],[-121.594563,38.31245],[-121.594588,38.312441],[-121.594605,38.312434],[-121.594633,38.312423],[-121.594932,38.3122],[-121.595083,38.312087],[-121.595563,38.311783],[-121.595709,38.311706],[-121.596348,38.311369],[-121.59678,38.311189],[-121.596821,38.311172],[-121.596844,38.311162],[-121.596904,38.311137],[-121.597083,38.311063],[-121.597803,38.310727],[-121.597957,38.310615],[-121.598198,38.310439],[-121.598296,38.310322],[-121.598361,38.310244],[-121.598476,38.310106],[-121.598581,38.30998],[-121.598591,38.309968],[-121.598636,38.309914],[-121.598654,38.309892],[-121.598657,38.309851],[-121.598667,38.309687],[-121.598571,38.309303],[-121.598363,38.309031],[-121.598123,38.308695],[-121.597867,38.308295],[-121.597776,38.308091],[-121.597675,38.307863],[-121.597563,38.307431],[-121.597579,38.307175],[-121.597991,38.306538],[-121.598031,38.306476],[-121.598129,38.306324],[-121.598227,38.306241],[-121.598715,38.305831],[-121.59921,38.305432],[-121.599515,38.305031],[-121.599591,38.304867],[-121.59962,38.304804],[-121.599628,38.304787],[-121.599651,38.304736],[-121.599683,38.304668],[-121.599723,38.304583],[-121.599799,38.304248],[-121.599818,38.304088],[-121.599786,38.303528],[-121.59975,38.303276],[-121.599713,38.30308],[-121.599722,38.302941],[-121.599722,38.302504],[-121.599785,38.301947],[-121.599814,38.30187],[-121.599847,38.301785],[-121.599908,38.301515],[-121.600104,38.301272],[-121.600202,38.301151],[-121.6003,38.30103],[-121.600607,38.30065],[-121.600634,38.300616],[-121.60072,38.300539],[-121.601051,38.300244],[-121.601144,38.300168],[-121.601177,38.30014],[-121.601642,38.299816],[-121.602218,38.2994],[-121.60273,38.299032],[-121.603274,38.298632],[-121.60369,38.298248],[-121.604106,38.297816],[-121.604506,38.2974],[-121.604792,38.296928],[-121.604934,38.296713],[-121.605002,38.2966],[-121.605016,38.296558],[-121.605129,38.296217],[-121.605157,38.296143],[-121.605163,38.296128],[-121.605167,38.296118],[-121.60518,38.296084],[-121.605194,38.295965],[-121.60521,38.295816],[-121.605249,38.295435],[-121.605258,38.295352],[-121.605187,38.2951],[-121.605068,38.294672],[-121.605002,38.29444],[-121.604698,38.293608],[-121.604506,38.292809],[-121.604266,38.292121],[-121.604122,38.291561],[-121.604042,38.291049],[-121.603978,38.290569],[-121.603946,38.290009],[-121.603946,38.289513],[-121.604074,38.288952],[-121.604266,38.288376],[-121.604458,38.287912],[-121.604682,38.287464],[-121.604807,38.287225],[-121.604951,38.28695],[-121.605002,38.286852],[-121.605116,38.286724],[-121.60529,38.28652],[-121.60531,38.286458],[-121.605338,38.286376],[-121.60545,38.28612],[-121.605446,38.286067],[-121.60544,38.285991],[-121.605425,38.285801],[-121.605419,38.28572],[-121.605418,38.285705],[-121.605412,38.285695],[-121.605144,38.285277],[-121.604861,38.284835],[-121.604643,38.284639],[-121.604499,38.284476],[-121.604271,38.284187],[-121.604174,38.284109],[-121.604123,38.284037],[-121.603627,38.283592],[-121.603571,38.283538],[-121.603008,38.282995],[-121.602574,38.282627],[-121.602523,38.282584],[-121.602123,38.2822],[-121.60177,38.281752],[-121.60145,38.281304],[-121.601194,38.280776],[-121.601034,38.2802],[-121.600826,38.2794],[-121.600778,38.278887],[-121.600766,38.27877],[-121.600764,38.278752],[-121.600743,38.278547],[-121.600735,38.278442],[-121.60073,38.278375],[-121.600738,38.278339],[-121.600896,38.277607],[-121.60105,38.277029],[-121.601058,38.276999],[-121.601066,38.276967],[-121.601322,38.276231],[-121.601411,38.275993],[-121.6015,38.275755],[-121.601507,38.275737],[-121.601514,38.275719],[-121.601866,38.275063],[-121.602249,38.274345],[-121.602673,38.273786],[-121.602715,38.273741],[-121.602722,38.273733],[-121.602943,38.273392],[-121.603113,38.273129],[-121.603192,38.27297],[-121.603338,38.272679],[-121.603597,38.272155],[-121.603618,38.272108],[-121.6037,38.271921],[-121.603802,38.271687],[-121.603898,38.271207],[-121.603971,38.270986],[-121.603978,38.270967],[-121.603985,38.270849],[-121.603994,38.270695],[-121.604007,38.270223],[-121.60401,38.270103],[-121.603978,38.269952],[-121.603915,38.269658],[-121.603898,38.269575],[-121.603869,38.269493],[-121.603864,38.269478],[-121.60386,38.269467],[-121.603851,38.269444],[-121.603816,38.269345],[-121.603813,38.269335],[-121.603804,38.26931],[-121.603722,38.269079],[-121.603661,38.268966],[-121.603242,38.268183],[-121.602906,38.267607],[-121.602692,38.267193],[-121.602679,38.267168],[-121.60266,38.267131],[-121.602569,38.266953],[-121.602555,38.266912],[-121.602526,38.266833],[-121.60233,38.26628],[-121.602094,38.265742],[-121.602086,38.265722],[-121.602057,38.265657],[-121.601542,38.263993],[-121.601537,38.263936],[-121.601536,38.263923],[-121.601495,38.263617],[-121.601466,38.2634],[-121.601322,38.262664],[-121.601194,38.261864],[-121.601065,38.261176],[-121.600969,38.260456],[-121.600809,38.2598],[-121.600665,38.259288],[-121.600537,38.258873],[-121.600329,38.258265],[-121.600249,38.257817],[-121.600249,38.257434],[-121.600297,38.256809],[-121.600425,38.256137],[-121.600521,38.255594],[-121.60056,38.255359],[-121.600617,38.255018],[-121.600681,38.25457],[-121.600732,38.254288],[-121.600745,38.254218],[-121.600824,38.254097],[-121.601049,38.253754],[-121.601138,38.253586],[-121.601243,38.253387],[-121.601442,38.253178],[-121.601592,38.253022],[-121.601642,38.25297],[-121.601673,38.252938],[-121.601993,38.252426],[-121.60209,38.251991],[-121.60209,38.251978],[-121.602091,38.251954],[-121.602092,38.251916],[-121.602092,38.251903],[-121.6021,38.251607],[-121.60212,38.250902],[-121.60215,38.249825],[-121.602169,38.249162],[-121.602004,38.248076],[-121.601961,38.247786],[-121.601941,38.247604],[-121.601806,38.246396],[-121.601801,38.246346],[-121.601802,38.246229],[-121.601804,38.246037],[-121.601806,38.245878],[-121.601812,38.245224],[-121.601817,38.244714],[-121.60183,38.244605],[-121.601859,38.244372],[-121.601864,38.244331],[-121.601866,38.244312],[-121.601868,38.244293],[-121.601872,38.244262],[-121.601878,38.244213],[-121.60188,38.244198],[-121.602025,38.243018],[-121.602081,38.242231],[-121.602093,38.242068],[-121.602107,38.241871],[-121.602121,38.241674],[-121.602537,38.240106],[-121.602953,38.238618],[-121.603179,38.237436],[-121.603208,38.237283],[-121.603199,38.237249],[-121.603136,38.237007],[-121.602979,38.236412],[-121.602818,38.234771],[-121.60273,38.234167],[-121.602711,38.234036],[-121.602494,38.23272],[-121.602515,38.232036],[-121.602517,38.231964],[-121.602517,38.231951],[-121.602518,38.231914],[-121.602519,38.231889],[-121.602521,38.231826],[-121.602535,38.231383],[-121.602646,38.230645],[-121.602717,38.230376],[-121.602733,38.230321],[-121.602751,38.230261],[-121.602763,38.230219],[-121.602737,38.229883],[-121.602726,38.229736],[-121.602724,38.229711],[-121.602723,38.229701],[-121.602722,38.229682],[-121.602719,38.229643],[-121.602682,38.229132],[-121.602737,38.228278],[-121.602753,38.228034],[-121.602763,38.227883],[-121.602769,38.227785],[-121.602774,38.227703],[-121.602793,38.227417],[-121.602791,38.227359],[-121.602768,38.226803],[-121.602762,38.226639],[-121.602733,38.225802],[-121.602646,38.225415],[-121.60264,38.225387],[-121.602456,38.224568],[-121.60238,38.224234],[-121.601996,38.22265],[-121.602059,38.221642],[-121.602148,38.221357],[-121.602386,38.220594],[-121.602443,38.22041],[-121.603036,38.219683],[-121.60314,38.219525],[-121.603314,38.219259],[-121.603387,38.219128],[-121.603528,38.21888],[-121.603725,38.218531],[-121.603834,38.218329],[-121.604037,38.218037],[-121.605164,38.21636],[-121.605176,38.216342],[-121.605192,38.216319],[-121.605219,38.216278],[-121.605289,38.216173],[-121.60563,38.215804],[-121.60566,38.215772],[-121.605699,38.21573],[-121.605748,38.215676],[-121.606384,38.214989],[-121.607147,38.214121],[-121.607979,38.212874],[-121.608685,38.211524],[-121.608704,38.21149],[-121.608716,38.211467],[-121.60873,38.211442],[-121.609549,38.209951],[-121.610411,38.208374],[-121.610819,38.207322],[-121.610897,38.207117],[-121.610955,38.206963],[-121.611079,38.20673],[-121.611167,38.206565],[-121.611237,38.206436],[-121.611244,38.206423],[-121.611305,38.206299],[-121.611307,38.206177],[-121.611304,38.206004],[-121.611296,38.205629],[-121.611293,38.205464],[-121.611292,38.20541],[-121.611288,38.205234],[-121.61126,38.204825],[-121.611216,38.204193],[-121.611167,38.2035],[-121.61111,38.202954],[-121.611164,38.202936],[-121.611368,38.201932],[-121.611507,38.201571],[-121.611549,38.201463],[-121.611577,38.201391],[-121.611655,38.201188],[-121.611659,38.201177],[-121.611663,38.201166],[-121.611716,38.201025],[-121.611717,38.200962],[-121.612009,38.200267],[-121.612102,38.200068],[-121.61244,38.199425],[-121.61245,38.199406],[-121.612707,38.198918],[-121.612777,38.198796],[-121.613499,38.197545],[-121.614471,38.196474],[-121.614911,38.196111],[-121.614936,38.196091],[-121.614978,38.196056],[-121.615049,38.195997],[-121.615413,38.195696],[-121.615764,38.195564],[-121.615789,38.195554],[-121.61698,38.195105],[-121.618604,38.194554],[-121.620227,38.194004],[-121.621355,38.193578],[-121.622809,38.193275],[-121.62385,38.19319],[-121.624098,38.193202],[-121.624333,38.193213],[-121.624556,38.193215],[-121.624573,38.193215],[-121.624622,38.193215],[-121.624912,38.193217],[-121.625782,38.193289],[-121.625917,38.193331],[-121.626153,38.193404],[-121.627118,38.193566],[-121.627135,38.193569],[-121.627208,38.193581],[-121.627255,38.193589],[-121.627541,38.193637],[-121.628081,38.193728],[-121.629991,38.19405],[-121.630011,38.194053],[-121.630944,38.194211],[-121.631876,38.194369],[-121.632297,38.194251],[-121.632406,38.194214],[-121.632432,38.194205],[-121.632455,38.194197],[-121.632476,38.19419],[-121.632586,38.194154],[-121.633281,38.193917],[-121.633298,38.193914],[-121.633366,38.193891],[-121.633414,38.193875],[-121.633511,38.193842],[-121.635049,38.193323],[-121.635139,38.193285],[-121.636189,38.19257],[-121.637624,38.19193],[-121.638132,38.191666],[-121.638186,38.191638],[-121.638202,38.19163],[-121.638242,38.191609],[-121.638257,38.191601],[-121.638759,38.191339],[-121.639587,38.190961],[-121.639738,38.190892],[-121.641019,38.190573],[-121.64213,38.190024],[-121.643802,38.188747],[-121.644905,38.1875],[-121.645272,38.187085],[-121.645547,38.186801],[-121.645833,38.186508],[-121.645927,38.186448],[-121.646568,38.186044],[-121.648425,38.185293],[-121.6523,38.184062],[-121.653089,38.183887],[-121.654008,38.183447],[-121.655108,38.183108],[-121.656702,38.183086],[-121.657004,38.18302],[-121.65722,38.182985],[-121.659923,38.182547],[-121.660456,38.182465],[-121.660693,38.182422],[-121.66071,38.182419],[-121.660951,38.182374],[-121.662353,38.18209],[-121.662529,38.18202],[-121.662907,38.181869],[-121.664204,38.180872],[-121.664219,38.180861],[-121.664229,38.180853],[-121.664557,38.180601],[-121.664567,38.180589],[-121.664759,38.180372],[-121.664958,38.180146],[-121.665753,38.179244],[-121.666345,38.178572],[-121.666921,38.17766],[-121.666926,38.177608],[-121.666941,38.177465],[-121.666956,38.177322],[-121.666985,38.177036],[-121.667209,38.17662],[-121.667273,38.176364],[-121.66757,38.175977],[-121.668169,38.175196],[-121.668351,38.175035],[-121.669961,38.173612],[-121.670065,38.173549],[-121.671065,38.17294],[-121.671625,38.172476],[-121.6717,38.172381],[-121.673194,38.170508],[-121.674762,38.168508],[-121.675899,38.167139],[-121.676051,38.166956],[-121.676203,38.166773],[-121.67665,38.166236],[-121.677994,38.164908],[-121.679146,38.163852],[-121.679538,38.163507],[-121.68033,38.162812],[-121.68193,38.16198],[-121.68248,38.161731],[-121.68345,38.161292],[-121.68457,38.160764],[-121.685018,38.160316],[-121.685354,38.159964],[-121.68545,38.159852],[-121.685518,38.159779],[-121.685553,38.159741],[-121.685586,38.159705],[-121.685645,38.159644],[-121.685756,38.15824],[-121.685753,38.158165],[-121.685752,38.158147],[-121.685751,38.158116],[-121.68575,38.158084],[-121.685749,38.158051],[-121.685682,38.156189],[-121.685868,38.154587],[-121.686567,38.152986],[-121.68705,38.151869],[-121.687242,38.150365],[-121.687288,38.149867],[-121.687449,38.148141],[-121.687554,38.147603],[-121.687705,38.146829],[-121.688233,38.145421],[-121.688369,38.145185],[-121.68866,38.14468],[-121.689399,38.143328],[-121.68972,38.142565],[-121.689964,38.141986],[-121.690688,38.139675],[-121.691223,38.137341],[-121.691517,38.136055],[-121.691767,38.134442],[-121.691771,38.134425],[-121.692095,38.133126],[-121.692478,38.132369],[-121.692486,38.132353],[-121.692741,38.131849],[-121.692898,38.13154],[-121.693014,38.13131],[-121.693054,38.131231],[-121.694539,38.128012],[-121.69579,38.125515],[-121.696045,38.125108],[-121.696062,38.125081],[-121.69607,38.125069],[-121.696163,38.124919],[-121.696816,38.123762],[-121.698384,38.121294],[-121.698837,38.120676],[-121.69886,38.120645],[-121.699928,38.119187],[-121.701543,38.117367],[-121.703475,38.115286],[-121.703541,38.115215],[-121.703713,38.11503],[-121.705166,38.113813],[-121.705782,38.112994],[-121.706488,38.111858],[-121.706499,38.111827],[-121.706787,38.110989],[-121.706795,38.110964],[-121.707049,38.110221],[-121.707169,38.109949],[-121.707215,38.109846],[-121.707404,38.107967],[-121.707407,38.107935],[-121.707408,38.107923],[-121.707417,38.107835],[-121.707421,38.107812],[-121.707423,38.107796],[-121.707428,38.10776],[-121.707433,38.107722],[-121.707449,38.107606],[-121.707747,38.105444],[-121.70779,38.105132],[-121.708012,38.101547],[-121.708039,38.100416],[-121.708042,38.100283],[-121.708043,38.100237],[-121.708113,38.097238],[-121.708386,38.093565],[-121.708436,38.091482],[-121.708458,38.091421],[-121.708473,38.091381],[-121.708961,38.090035],[-121.70941,38.088817],[-121.710021,38.087706],[-121.710425,38.087139],[-121.710431,38.087131],[-121.710888,38.086489],[-121.71213,38.08552],[-121.713926,38.084542],[-121.714225,38.084485],[-121.714281,38.084474],[-121.714349,38.084461],[-121.714372,38.084457],[-121.715814,38.084184],[-121.717963,38.083683],[-121.719841,38.083508],[-121.72054,38.083394],[-121.720559,38.083391],[-121.720578,38.083388],[-121.720597,38.083385],[-121.720616,38.083382],[-121.720635,38.083379],[-121.720647,38.083377],[-121.722273,38.083111],[-121.724746,38.082761],[-121.72745,38.082363],[-121.729348,38.082348],[-121.73182,38.082634],[-121.734888,38.083739],[-121.738068,38.085551],[-121.73861,38.085806],[-121.739961,38.086442],[-121.740028,38.086474],[-121.740168,38.08654],[-121.740199,38.086554],[-121.740237,38.086572],[-121.740399,38.086648],[-121.740441,38.086669],[-121.740469,38.086683],[-121.741398,38.087141],[-121.74152,38.087167],[-121.741701,38.087205],[-121.741779,38.087221],[-121.742347,38.08734],[-121.743164,38.087229],[-121.743179,38.087222],[-121.743228,38.0872],[-121.744941,38.086442],[-121.746728,38.085393],[-121.746745,38.085383],[-121.749122,38.083988],[-121.749656,38.083719],[-121.750366,38.083361],[-121.751065,38.083007],[-121.752544,38.08226],[-121.754019,38.081515],[-121.755674,38.080671],[-121.761338,38.078287],[-121.766826,38.075951],[-121.773354,38.072655],[-121.776986,38.070623],[-121.781258,38.068383],[-121.787178,38.065487],[-121.792619,38.062719],[-121.796395,38.060847],[-121.798224,38.060205],[-121.798357,38.060158],[-121.79849,38.060111],[-121.798763,38.060015],[-121.800123,38.059647],[-121.801643,38.059503],[-121.805243,38.059647],[-121.810811,38.060767],[-121.813206,38.061471],[-121.817611,38.062767],[-121.823468,38.064671],[-121.827916,38.066223],[-121.828908,38.066943],[-121.83174,38.069087],[-121.832204,38.069439],[-121.833518,38.070845],[-121.834028,38.071391],[-121.83606,38.073215],[-121.837612,38.074383],[-121.839308,38.075455],[-121.84174,38.076431],[-121.84186,38.076483],[-121.842444,38.076735],[-121.842668,38.076735],[-121.843228,38.076655],[-121.843788,38.076431],[-121.844764,38.075983],[-121.84486,38.075919],[-121.846636,38.075119],[-121.848541,38.074223],[-121.849837,38.073855],[-121.850765,38.073567],[-121.852909,38.072847],[-121.854797,38.072543],[-121.857613,38.071967],[-121.858541,38.071375],[-121.859597,38.071135],[-121.860477,38.070607],[-121.861101,38.070063],[-121.861597,38.069887],[-121.865156,38.07104],[-121.865349,38.071103],[-121.866621,38.071185],[-121.867981,38.071262],[-121.869582,38.071369],[-121.870622,38.071367],[-121.871758,38.071476],[-121.872974,38.071664],[-121.874174,38.071901],[-121.87547,38.072202],[-121.87607,38.07238],[-121.878282,38.073185],[-121.879867,38.073921],[-121.879981,38.073922],[-121.880771,38.074426],[-121.881898,38.075338],[-121.882463,38.075872],[-121.882818,38.076207],[-121.882909,38.076293],[-121.884593,38.078067],[-121.885094,38.078838],[-121.885422,38.079742],[-121.885412,38.080418],[-121.885175,38.081001],[-121.885001,38.081225],[-121.884776,38.081581],[-121.884206,38.082393],[-121.88367,38.083156],[-121.883194,38.083834],[-121.882496,38.085051],[-121.882439,38.086275],[-121.882611,38.087381],[-121.883457,38.088881],[-121.885311,38.091167],[-121.886347,38.092964],[-121.888626,38.094568],[-121.889486,38.094978],[-121.890351,38.09539],[-121.892706,38.095871],[-121.894606,38.096266],[-121.895239,38.096625],[-121.895729,38.096903],[-121.895826,38.097323],[-121.895896,38.097627],[-121.895863,38.098079],[-121.895655,38.098683],[-121.895385,38.09927],[-121.895215,38.09958],[-121.894718,38.10016],[-121.894677,38.100217],[-121.893015,38.101593],[-121.890841,38.103005],[-121.889843,38.10401],[-121.889489,38.104932],[-121.88956,38.105556],[-121.889536,38.105937],[-121.889584,38.106685],[-121.889784,38.107486],[-121.889938,38.10818],[-121.89017,38.109247],[-121.890384,38.11001],[-121.890708,38.111223],[-121.890909,38.112398],[-121.890887,38.113332],[-121.89051,38.11549],[-121.890386,38.115854],[-121.890392,38.115983],[-121.889116,38.118469],[-121.88861,38.120059],[-121.888634,38.120812],[-121.888555,38.120979],[-121.888644,38.12111],[-121.888961,38.12232],[-121.888996,38.122451],[-121.889319,38.123584],[-121.889425,38.124018],[-121.889645,38.124919],[-121.889835,38.125253],[-121.890522,38.125697],[-121.89149,38.126162],[-121.89268,38.126488],[-121.893846,38.126694],[-121.894641,38.126622],[-121.895304,38.126497],[-121.894273,38.12662],[-121.894001,38.126547],[-121.893317,38.126541],[-121.892236,38.126305],[-121.892124,38.126214],[-121.891442,38.125982],[-121.890707,38.12557],[-121.890087,38.125068],[-121.890077,38.124918],[-121.890739,38.124916],[-121.89079,38.125028],[-121.891742,38.125649],[-121.891958,38.125748],[-121.892187,38.125836],[-121.893362,38.126133],[-121.893543,38.126172],[-121.893724,38.126205],[-121.894315,38.126265],[-121.894357,38.126304],[-121.894405,38.126326],[-121.894482,38.126331],[-121.895122,38.12631],[-121.895212,38.126299],[-121.895553,38.126205],[-121.896186,38.125997],[-121.896478,38.125882],[-121.897647,38.125256],[-121.897842,38.125118],[-121.898172,38.124925],[-121.898228,38.124907],[-121.898305,38.124852],[-121.898333,38.124824],[-121.89834,38.12478],[-121.898332,38.124763],[-121.898312,38.124753],[-121.898263,38.124764],[-121.898078,38.124915],[-121.89782,38.124915],[-121.897299,38.125299],[-121.897007,38.125464],[-121.896596,38.125678],[-121.896478,38.125728],[-121.896395,38.125739],[-121.896513,38.125629],[-121.896666,38.125525],[-121.897355,38.125168],[-121.897508,38.125058],[-121.897786,38.124915],[-121.898167,38.124667],[-121.898507,38.124445],[-121.898876,38.124121],[-121.899043,38.123929],[-121.899272,38.123589],[-121.899676,38.122952],[-121.899815,38.122765],[-121.900052,38.122479],[-121.900302,38.122199],[-121.900671,38.121842],[-121.900803,38.121677],[-121.900873,38.121551],[-121.900942,38.121392],[-121.901082,38.121018],[-121.901144,38.120892],[-121.901291,38.120634],[-121.901472,38.120376],[-121.901576,38.120277],[-121.902105,38.119838],[-121.902786,38.119376],[-121.902912,38.1193],[-121.903065,38.119228],[-121.903788,38.118926],[-121.906159,38.118636],[-121.908065,38.118433],[-121.908837,38.11845],[-121.909024,38.118472],[-121.909219,38.11851],[-121.90997,38.118725],[-121.910721,38.118978],[-121.911736,38.119412],[-121.91216,38.119626],[-121.91257,38.119857],[-121.91296,38.120159],[-121.913328,38.120462],[-121.913613,38.120841],[-121.913828,38.121158],[-121.913967,38.121363],[-121.914329,38.121994],[-121.914788,38.122884],[-121.914927,38.123198],[-121.915371,38.124286],[-121.915481,38.124916],[-121.915672,38.126535],[-121.915748,38.126716],[-121.915846,38.126881],[-121.915971,38.127046],[-121.916312,38.127453],[-121.916485,38.127672],[-121.916506,38.127711],[-121.916611,38.127969],[-121.916673,38.128178],[-121.916722,38.128392],[-121.916729,38.128546],[-121.916708,38.128683],[-121.916652,38.128837],[-121.916568,38.128985],[-121.916408,38.1292],[-121.916381,38.129276],[-121.916381,38.129364],[-121.916429,38.129716],[-121.916422,38.129974],[-121.916248,38.130957],[-121.916095,38.13165],[-121.916046,38.132089],[-121.915837,38.132957],[-121.915719,38.133528],[-121.915565,38.134028],[-121.915531,38.13427],[-121.91551,38.134347],[-121.915419,38.13455],[-121.915357,38.134665],[-121.915294,38.134753],[-121.915217,38.13483],[-121.914925,38.135061],[-121.913666,38.136566],[-121.912956,38.137395],[-121.912768,38.137648],[-121.912615,38.137878],[-121.912483,38.13801],[-121.912351,38.138109],[-121.912191,38.138186],[-121.912052,38.138213],[-121.91121,38.138296],[-121.910946,38.13829],[-121.910883,38.138307],[-121.910806,38.138351],[-121.910695,38.138438],[-121.910493,38.138614],[-121.910299,38.138828],[-121.909916,38.139295],[-121.909818,38.139427],[-121.909749,38.139548],[-121.90961,38.139888],[-121.909505,38.140229],[-121.909428,38.140548],[-121.909387,38.140872],[-121.909366,38.141245],[-121.909372,38.14197],[-121.909636,38.143443],[-121.909865,38.144289],[-121.909955,38.144761],[-121.910324,38.145569],[-121.910505,38.145898],[-121.910609,38.146063],[-121.910713,38.146201],[-121.911026,38.146503],[-121.911353,38.146783],[-121.911951,38.147256],[-121.912229,38.147459],[-121.912563,38.147657],[-121.912744,38.14775],[-121.913133,38.147915],[-121.913342,38.147992],[-121.914142,38.14825],[-121.914497,38.148377],[-121.915039,38.14863],[-121.915119,38.148659],[-121.915359,38.148712],[-121.915422,38.14874],[-121.916806,38.149547],[-121.916959,38.149624],[-121.917084,38.149674],[-121.917202,38.149696],[-121.917265,38.149696],[-121.917328,38.149685],[-121.917364,38.149666],[-121.917315,38.149855],[-121.916347,38.149544],[-121.913872,38.148397],[-121.912587,38.147886],[-121.912058,38.147797],[-121.912394,38.147988],[-121.912904,38.148218],[-121.914946,38.149048],[-121.915738,38.149506],[-121.916586,38.150009],[-121.91814,38.151163],[-121.919498,38.152617],[-121.920499,38.153481],[-121.92098,38.15388],[-121.920922,38.15397],[-121.922388,38.155155],[-121.923797,38.156384],[-121.924758,38.157024],[-121.92583,38.157845],[-121.928255,38.159805],[-121.929154,38.160804],[-121.930442,38.162438],[-121.930721,38.162891],[-121.930947,38.163074],[-121.931225,38.163572],[-121.9319,38.164254],[-121.932233,38.164888],[-121.932736,38.165613],[-121.932734,38.165748],[-121.933128,38.166158],[-121.933126,38.166248],[-121.934254,38.167204],[-121.934358,38.167881],[-121.934244,38.16788],[-121.933725,38.168281],[-121.933648,38.16828],[-121.934237,38.168934],[-121.934065,38.169002],[-121.933904,38.169079],[-121.933007,38.169611],[-121.932937,38.169617],[-121.932826,38.169661],[-121.932227,38.170133],[-121.931977,38.170381],[-121.931733,38.170639],[-121.931657,38.170743],[-121.931517,38.170979],[-121.931441,38.171078],[-121.931336,38.171177],[-121.930905,38.171534],[-121.93016,38.172193],[-121.929972,38.172386],[-121.929416,38.173017],[-121.929402,38.17305],[-121.929416,38.173116],[-121.929478,38.173182],[-121.929344,38.173391],[-121.929177,38.173647],[-121.928942,38.173632],[-121.928873,38.173654],[-121.92881,38.173687],[-121.928525,38.173896],[-121.928295,38.174039],[-121.92801,38.174198],[-121.926806,38.174813],[-121.925915,38.17533],[-121.925609,38.175478],[-121.925275,38.175621],[-121.924892,38.175763],[-121.923792,38.176252],[-121.923277,38.176549],[-121.923243,38.176586],[-121.922943,38.176747],[-121.922873,38.176769],[-121.922692,38.176791],[-121.922518,38.17684],[-121.92233,38.1769],[-121.922003,38.177032],[-121.92169,38.177098],[-121.921607,38.177131],[-121.921565,38.177169],[-121.921558,38.177219],[-121.921572,38.177263],[-121.921607,38.177307],[-121.921683,38.177356],[-121.92192,38.177466],[-121.922449,38.177741],[-121.922984,38.177988],[-121.923186,38.178114],[-121.923228,38.178125],[-121.923284,38.178126],[-121.923486,38.178103],[-121.923492,38.178153],[-121.923381,38.178378],[-121.9233,38.178514],[-121.923242,38.178587],[-121.923158,38.178598],[-121.923131,38.178581],[-121.92297,38.178246],[-121.922943,38.178208],[-121.922706,38.178054],[-121.922295,38.177867],[-121.921788,38.177598],[-121.921607,38.177532],[-121.921252,38.177428],[-121.92098,38.177702],[-121.920862,38.177872],[-121.920813,38.17796],[-121.920744,38.178202],[-121.920723,38.178345],[-121.920716,38.178493],[-121.920729,38.178685],[-121.920799,38.17913],[-121.920827,38.179257],[-121.920868,38.179367],[-121.921035,38.179597],[-121.921223,38.179812],[-121.921474,38.180042],[-121.922114,38.180526],[-121.922838,38.180988],[-121.923206,38.181185],[-121.923589,38.181372],[-121.923986,38.181537],[-121.925113,38.181971],[-121.925865,38.182306],[-121.926498,38.182554],[-121.927396,38.182955],[-121.927848,38.183191],[-121.928496,38.183592],[-121.928767,38.183735],[-121.92883,38.183784],[-121.928864,38.183839],[-121.928941,38.18407],[-121.929052,38.184268],[-121.929553,38.185026],[-121.929644,38.18518],[-121.929713,38.185328],[-121.929887,38.185817],[-121.930345,38.186971],[-121.930354,38.186993],[-121.93043,38.187212],[-121.930461,38.187339],[-121.930527,38.187608],[-121.930542,38.187685],[-121.930604,38.188009],[-121.930653,38.188393],[-121.930701,38.189157],[-121.930694,38.189822],[-121.93068,38.190064],[-121.930645,38.190261],[-121.930478,38.190866],[-121.930416,38.191541],[-121.930367,38.191772],[-121.93029,38.192003],[-121.930193,38.192244],[-121.930109,38.192508],[-121.930005,38.192777],[-121.929866,38.19303],[-121.929469,38.193607],[-121.929058,38.194183],[-121.928773,38.194469],[-121.927617,38.195595],[-121.92738,38.195732],[-121.925326,38.19704],[-121.925236,38.197078],[-121.924874,38.197199],[-121.924477,38.197375],[-121.924296,38.197441],[-121.924122,38.197468],[-121.92401,38.197474],[-121.923941,38.197496],[-121.923669,38.197715],[-121.923314,38.19794],[-121.92298,38.198122],[-121.922681,38.198297],[-121.922416,38.198479],[-121.922061,38.198753],[-121.921943,38.198824],[-121.921525,38.198989],[-121.92149,38.199022],[-121.9214,38.19916],[-121.921309,38.19933],[-121.921128,38.199753],[-121.9211,38.19989],[-121.921093,38.200093],[-121.921156,38.200352],[-121.921218,38.200533],[-121.921357,38.200786],[-121.921497,38.201082],[-121.921747,38.20184],[-121.921921,38.202225],[-121.92229,38.202934],[-121.922464,38.203236],[-121.92254,38.203335],[-121.922568,38.203365],[-121.922902,38.203989],[-121.922867,38.204005],[-121.922833,38.204038],[-121.922833,38.204098],[-121.922867,38.204181],[-121.923027,38.204346],[-121.923069,38.204406],[-121.92325,38.204966],[-121.923299,38.205274],[-121.923278,38.205384],[-121.92325,38.205768],[-121.923229,38.206153],[-121.923243,38.206246],[-121.923278,38.206378],[-121.923304,38.206447],[-121.923185,38.206607],[-121.923115,38.206701],[-121.923048,38.206664],[-121.922985,38.206702],[-121.922943,38.206741],[-121.922909,38.206796],[-121.922825,38.20701],[-121.92231,38.207845],[-121.921328,38.20868],[-121.921287,38.208737],[-121.92123,38.208817],[-121.92116,38.20896],[-121.921133,38.209152],[-121.921132,38.20963],[-121.921139,38.209894],[-121.921167,38.210152],[-121.921237,38.210547],[-121.92148,38.211223],[-121.921487,38.211328],[-121.921452,38.211641],[-121.921459,38.211701],[-121.921536,38.211849],[-121.921543,38.211888],[-121.921522,38.211959],[-121.921494,38.211987],[-121.921389,38.212009],[-121.921375,38.212036],[-121.921371,38.212109],[-121.921359,38.212147],[-121.921312,38.212211],[-121.921185,38.212385],[-121.921164,38.212609],[-121.921334,38.212848],[-121.920847,38.213224],[-121.920502,38.213401],[-121.920387,38.2134],[-121.920156,38.213578],[-121.919995,38.21364],[-121.919927,38.213666],[-121.919526,38.213707],[-121.918833,38.214242],[-121.918715,38.214466],[-121.918703,38.215322],[-121.918559,38.215667],[-121.918347,38.216175],[-121.918173,38.216398],[-121.91784,38.216655],[-121.917364,38.217022],[-121.917247,38.217201],[-121.917239,38.217742],[-121.917916,38.218334],[-121.918087,38.218335],[-121.918428,38.218473],[-121.918656,38.218476],[-121.91911,38.21866],[-121.919364,38.218865],[-121.919329,38.219293],[-121.919212,38.219517],[-121.918924,38.219695],[-121.918524,38.219691],[-121.918408,38.21978],[-121.917894,38.21982],[-121.917605,38.220043],[-121.917599,38.220403],[-121.91839,38.221042],[-121.918901,38.221227],[-121.919562,38.221761],[-121.919691,38.221865],[-121.919744,38.222136],[-121.919724,38.222335],[-121.919677,38.222811],[-121.920079,38.223317],[-121.920182,38.223446],[-121.920179,38.223627],[-121.920129,38.223704],[-121.919945,38.223985],[-121.919885,38.22421],[-121.919907,38.224386],[-121.919936,38.224616],[-121.91936,38.224926],[-121.919358,38.225106],[-121.91947,38.225197],[-121.920042,38.225202],[-121.92046,38.225462],[-121.920557,38.225849],[-121.920531,38.226221],[-121.920728,38.226546],[-121.921117,38.226945],[-121.921309,38.22761],[-121.921265,38.227858],[-121.921252,38.228107],[-121.920785,38.228396],[-121.921817,38.228397],[-121.922244,38.228406],[-121.929325,38.228436],[-121.935356,38.228433],[-121.938006,38.228456],[-121.942471,38.228464],[-121.944608,38.228464],[-121.9477,38.228481],[-121.950944,38.228475],[-121.951767,38.228484],[-121.952078,38.228489],[-121.958925,38.228486],[-121.9592,38.228485],[-121.960872,38.228478],[-121.962825,38.228497],[-121.964847,38.228486],[-121.968553,38.228489],[-121.969714,38.228495],[-121.969994,38.228497],[-121.970344,38.228506],[-121.97045,38.228508],[-121.970528,38.22851],[-121.971764,38.228539],[-121.972183,38.228561],[-121.972686,38.228617],[-121.973208,38.228708],[-121.974231,38.228931],[-121.9751,38.229203],[-121.975692,38.229436],[-121.975862,38.229515],[-121.976586,38.229853],[-121.976914,38.230023],[-121.977042,38.230089],[-121.977772,38.230533],[-121.978063,38.230752],[-121.978097,38.230778],[-121.979006,38.231497],[-121.980278,38.232536],[-121.980933,38.233086],[-121.981464,38.233511],[-121.983003,38.234765],[-121.984298,38.235819],[-121.986014,38.237217],[-121.986425,38.237594],[-121.986822,38.237944],[-121.988044,38.238981],[-121.988091,38.239017],[-121.988167,38.241889],[-121.988125,38.242067],[-121.988103,38.242333],[-121.988089,38.242669],[-121.988086,38.243457],[-121.988086,38.246353],[-121.988097,38.248931],[-121.988084,38.249776],[-121.988093,38.25097],[-121.9882,38.251119],[-121.988231,38.253011],[-121.988227,38.254303],[-121.988194,38.256208],[-121.988181,38.256939],[-121.988172,38.258542],[-121.988152,38.259447],[-121.988131,38.260679],[-121.988121,38.261779],[-121.988117,38.262174],[-121.988114,38.26248],[-121.988102,38.263409],[-121.9881,38.263585],[-121.988099,38.263645],[-121.988091,38.264208],[-121.988089,38.264442],[-121.988083,38.264883],[-121.987322,38.264914],[-121.987044,38.264936],[-121.986829,38.264993],[-121.986686,38.265031],[-121.986342,38.265094],[-121.986,38.265128],[-121.985825,38.265129],[-121.985004,38.265145],[-121.984413,38.265156],[-121.98328,38.265165],[-121.982784,38.265159],[-121.980676,38.265133],[-121.980173,38.265127],[-121.98034,38.264916],[-121.980429,38.264801],[-121.980429,38.264617],[-121.980434,38.264323],[-121.980603,38.263931],[-121.980874,38.263638],[-121.981054,38.26335],[-121.981179,38.2631],[-121.981255,38.26273],[-121.981744,38.262105],[-121.981934,38.261801],[-121.981994,38.261464],[-121.982032,38.260127],[-121.982135,38.256789],[-121.982364,38.256474],[-121.982341,38.25549],[-121.98233,38.255093],[-121.982231,38.254766],[-121.981989,38.253969],[-121.981885,38.253594],[-121.981847,38.253458],[-121.982475,38.253036],[-121.98243,38.25297]]]}}]}